TimeQuest Timing Analyzer report for FPU_top
Thu Nov 20 04:40:49 2025
Quartus II 64-Bit Version 13.0.1 Build 232 06/12/2013 Service Pack 1 SJ Web Edition


---------------------
; Table of Contents ;
---------------------
  1. Legal Notice
  2. TimeQuest Timing Analyzer Summary
  3. Parallel Compilation
  4. Clocks
  5. Slow Model Fmax Summary
  6. Slow Model Setup Summary
  7. Slow Model Hold Summary
  8. Slow Model Recovery Summary
  9. Slow Model Removal Summary
 10. Slow Model Minimum Pulse Width Summary
 11. Slow Model Setup: 'i_clk'
 12. Slow Model Setup: 'CLOCK_50'
 13. Slow Model Hold: 'CLOCK_50'
 14. Slow Model Hold: 'i_clk'
 15. Slow Model Minimum Pulse Width: 'CLOCK_50'
 16. Slow Model Minimum Pulse Width: 'i_clk'
 17. Setup Times
 18. Hold Times
 19. Clock to Output Times
 20. Minimum Clock to Output Times
 21. Propagation Delay
 22. Minimum Propagation Delay
 23. Fast Model Setup Summary
 24. Fast Model Hold Summary
 25. Fast Model Recovery Summary
 26. Fast Model Removal Summary
 27. Fast Model Minimum Pulse Width Summary
 28. Fast Model Setup: 'i_clk'
 29. Fast Model Setup: 'CLOCK_50'
 30. Fast Model Hold: 'CLOCK_50'
 31. Fast Model Hold: 'i_clk'
 32. Fast Model Minimum Pulse Width: 'CLOCK_50'
 33. Fast Model Minimum Pulse Width: 'i_clk'
 34. Setup Times
 35. Hold Times
 36. Clock to Output Times
 37. Minimum Clock to Output Times
 38. Propagation Delay
 39. Minimum Propagation Delay
 40. Multicorner Timing Analysis Summary
 41. Setup Times
 42. Hold Times
 43. Clock to Output Times
 44. Minimum Clock to Output Times
 45. Progagation Delay
 46. Minimum Progagation Delay
 47. Setup Transfers
 48. Hold Transfers
 49. Report TCCS
 50. Report RSKM
 51. Unconstrained Paths
 52. TimeQuest Timing Analyzer Messages



----------------
; Legal Notice ;
----------------
Copyright (C) 1991-2013 Altera Corporation
Your use of Altera Corporation's design tools, logic functions 
and other software and tools, and its AMPP partner logic 
functions, and any output files from any of the foregoing 
(including device programming or simulation files), and any 
associated documentation or information are expressly subject 
to the terms and conditions of the Altera Program License 
Subscription Agreement, Altera MegaCore Function License 
Agreement, or other applicable license agreement, including, 
without limitation, that your use is for the sole purpose of 
programming logic devices manufactured by Altera and sold by 
Altera or its authorized distributors.  Please refer to the 
applicable agreement for further details.



+----------------------------------------------------------------------------------------+
; TimeQuest Timing Analyzer Summary                                                      ;
+--------------------+-------------------------------------------------------------------+
; Quartus II Version ; Version 13.0.1 Build 232 06/12/2013 Service Pack 1 SJ Web Edition ;
; Revision Name      ; FPU_top                                                           ;
; Device Family      ; Cyclone II                                                        ;
; Device Name        ; EP2C35F672C6                                                      ;
; Timing Models      ; Final                                                             ;
; Delay Model        ; Combined                                                          ;
; Rise/Fall Delays   ; Unavailable                                                       ;
+--------------------+-------------------------------------------------------------------+


+------------------------------------------+
; Parallel Compilation                     ;
+----------------------------+-------------+
; Processors                 ; Number      ;
+----------------------------+-------------+
; Number detected on machine ; 8           ;
; Maximum allowed            ; 4           ;
;                            ;             ;
; Average used               ; 1.00        ;
; Maximum used               ; 1           ;
;                            ;             ;
; Usage by Processor         ; % Time Used ;
;     Processor 1            ; 100.0%      ;
;     Processors 2-8         ;   0.0%      ;
+----------------------------+-------------+


+--------------------------------------------------------------------------------------------------------------------------------------------------------------------------------------+
; Clocks                                                                                                                                                                               ;
+------------+------+--------+------------+-------+-------+------------+-----------+-------------+-------+--------+-----------+------------+----------+--------+--------+--------------+
; Clock Name ; Type ; Period ; Frequency  ; Rise  ; Fall  ; Duty Cycle ; Divide by ; Multiply by ; Phase ; Offset ; Edge List ; Edge Shift ; Inverted ; Master ; Source ; Targets      ;
+------------+------+--------+------------+-------+-------+------------+-----------+-------------+-------+--------+-----------+------------+----------+--------+--------+--------------+
; CLOCK_50   ; Base ; 1.000  ; 1000.0 MHz ; 0.000 ; 0.500 ;            ;           ;             ;       ;        ;           ;            ;          ;        ;        ; { CLOCK_50 } ;
; i_clk      ; Base ; 1.000  ; 1000.0 MHz ; 0.000 ; 0.500 ;            ;           ;             ;       ;        ;           ;            ;          ;        ;        ; { i_clk }    ;
+------------+------+--------+------------+-------+-------+------------+-----------+-------------+-------+--------+-----------+------------+----------+--------+--------+--------------+


+-------------------------------------------------+
; Slow Model Fmax Summary                         ;
+-----------+-----------------+------------+------+
; Fmax      ; Restricted Fmax ; Clock Name ; Note ;
+-----------+-----------------+------------+------+
; 38.25 MHz ; 38.25 MHz       ; i_clk      ;      ;
; 263.3 MHz ; 263.3 MHz       ; CLOCK_50   ;      ;
+-----------+-----------------+------------+------+
This panel reports FMAX for every clock in the design, regardless of the user-specified clock periods.  FMAX is only computed for paths where the source and destination registers or ports are driven by the same clock.  Paths of different clocks, including generated clocks, are ignored.  For paths between a clock and its inversion, FMAX is computed as if the rising and falling edges are scaled along with FMAX, such that the duty cycle (in terms of a percentage) is maintained. Altera recommends that you always use clock constraints and other slack reports for sign-off analysis.


+------------------------------------+
; Slow Model Setup Summary           ;
+----------+---------+---------------+
; Clock    ; Slack   ; End Point TNS ;
+----------+---------+---------------+
; i_clk    ; -25.146 ; -1345.273     ;
; CLOCK_50 ; -2.798  ; -56.762       ;
+----------+---------+---------------+


+-----------------------------------+
; Slow Model Hold Summary           ;
+----------+--------+---------------+
; Clock    ; Slack  ; End Point TNS ;
+----------+--------+---------------+
; CLOCK_50 ; -2.498 ; -2.498        ;
; i_clk    ; 0.391  ; 0.000         ;
+----------+--------+---------------+


-------------------------------
; Slow Model Recovery Summary ;
-------------------------------
No paths to report.


------------------------------
; Slow Model Removal Summary ;
------------------------------
No paths to report.


+----------------------------------------+
; Slow Model Minimum Pulse Width Summary ;
+----------+--------+--------------------+
; Clock    ; Slack  ; End Point TNS      ;
+----------+--------+--------------------+
; CLOCK_50 ; -1.380 ; -34.380            ;
; i_clk    ; -0.500 ; -81.000            ;
+----------+--------+--------------------+


+------------------------------------------------------------------------------------------------------------------------------------+
; Slow Model Setup: 'i_clk'                                                                                                          ;
+---------+--------------+-------------------------------------+--------------+-------------+--------------+------------+------------+
; Slack   ; From Node    ; To Node                             ; Launch Clock ; Latch Clock ; Relationship ; Clock Skew ; Data Delay ;
+---------+--------------+-------------------------------------+--------------+-------------+--------------+------------+------------+
; -25.146 ; w_i_data[8]  ; HEX_block:HEX_BLOCK_UNIT|o_hex_7[5] ; i_clk        ; i_clk       ; 1.000        ; -0.022     ; 26.160     ;
; -25.145 ; w_i_data[8]  ; HEX_block:HEX_BLOCK_UNIT|o_hex_7[3] ; i_clk        ; i_clk       ; 1.000        ; -0.022     ; 26.159     ;
; -25.144 ; w_i_data[8]  ; HEX_block:HEX_BLOCK_UNIT|o_hex_7[4] ; i_clk        ; i_clk       ; 1.000        ; -0.022     ; 26.158     ;
; -25.144 ; w_i_data[8]  ; HEX_block:HEX_BLOCK_UNIT|o_hex_7[6] ; i_clk        ; i_clk       ; 1.000        ; -0.022     ; 26.158     ;
; -25.141 ; w_i_data[8]  ; HEX_block:HEX_BLOCK_UNIT|o_hex_7[0] ; i_clk        ; i_clk       ; 1.000        ; -0.022     ; 26.155     ;
; -25.138 ; w_i_data[8]  ; HEX_block:HEX_BLOCK_UNIT|o_hex_7[2] ; i_clk        ; i_clk       ; 1.000        ; -0.022     ; 26.152     ;
; -25.137 ; w_i_data[8]  ; HEX_block:HEX_BLOCK_UNIT|o_hex_7[1] ; i_clk        ; i_clk       ; 1.000        ; -0.022     ; 26.151     ;
; -25.097 ; w_i_data[9]  ; HEX_block:HEX_BLOCK_UNIT|o_hex_7[5] ; i_clk        ; i_clk       ; 1.000        ; -0.022     ; 26.111     ;
; -25.096 ; w_i_data[9]  ; HEX_block:HEX_BLOCK_UNIT|o_hex_7[3] ; i_clk        ; i_clk       ; 1.000        ; -0.022     ; 26.110     ;
; -25.095 ; w_i_data[9]  ; HEX_block:HEX_BLOCK_UNIT|o_hex_7[4] ; i_clk        ; i_clk       ; 1.000        ; -0.022     ; 26.109     ;
; -25.095 ; w_i_data[9]  ; HEX_block:HEX_BLOCK_UNIT|o_hex_7[6] ; i_clk        ; i_clk       ; 1.000        ; -0.022     ; 26.109     ;
; -25.092 ; w_i_data[9]  ; HEX_block:HEX_BLOCK_UNIT|o_hex_7[0] ; i_clk        ; i_clk       ; 1.000        ; -0.022     ; 26.106     ;
; -25.089 ; w_i_data[9]  ; HEX_block:HEX_BLOCK_UNIT|o_hex_7[2] ; i_clk        ; i_clk       ; 1.000        ; -0.022     ; 26.103     ;
; -25.088 ; w_i_data[9]  ; HEX_block:HEX_BLOCK_UNIT|o_hex_7[1] ; i_clk        ; i_clk       ; 1.000        ; -0.022     ; 26.102     ;
; -24.878 ; w_i_data[10] ; HEX_block:HEX_BLOCK_UNIT|o_hex_7[5] ; i_clk        ; i_clk       ; 1.000        ; -0.022     ; 25.892     ;
; -24.877 ; w_i_data[10] ; HEX_block:HEX_BLOCK_UNIT|o_hex_7[3] ; i_clk        ; i_clk       ; 1.000        ; -0.022     ; 25.891     ;
; -24.876 ; w_i_data[10] ; HEX_block:HEX_BLOCK_UNIT|o_hex_7[4] ; i_clk        ; i_clk       ; 1.000        ; -0.022     ; 25.890     ;
; -24.876 ; w_i_data[10] ; HEX_block:HEX_BLOCK_UNIT|o_hex_7[6] ; i_clk        ; i_clk       ; 1.000        ; -0.022     ; 25.890     ;
; -24.873 ; w_i_data[10] ; HEX_block:HEX_BLOCK_UNIT|o_hex_7[0] ; i_clk        ; i_clk       ; 1.000        ; -0.022     ; 25.887     ;
; -24.872 ; w_i_data[12] ; HEX_block:HEX_BLOCK_UNIT|o_hex_7[5] ; i_clk        ; i_clk       ; 1.000        ; -0.022     ; 25.886     ;
; -24.871 ; w_i_data[12] ; HEX_block:HEX_BLOCK_UNIT|o_hex_7[3] ; i_clk        ; i_clk       ; 1.000        ; -0.022     ; 25.885     ;
; -24.870 ; w_i_data[10] ; HEX_block:HEX_BLOCK_UNIT|o_hex_7[2] ; i_clk        ; i_clk       ; 1.000        ; -0.022     ; 25.884     ;
; -24.870 ; w_i_data[12] ; HEX_block:HEX_BLOCK_UNIT|o_hex_7[4] ; i_clk        ; i_clk       ; 1.000        ; -0.022     ; 25.884     ;
; -24.870 ; w_i_data[12] ; HEX_block:HEX_BLOCK_UNIT|o_hex_7[6] ; i_clk        ; i_clk       ; 1.000        ; -0.022     ; 25.884     ;
; -24.869 ; w_i_data[10] ; HEX_block:HEX_BLOCK_UNIT|o_hex_7[1] ; i_clk        ; i_clk       ; 1.000        ; -0.022     ; 25.883     ;
; -24.867 ; w_i_data[12] ; HEX_block:HEX_BLOCK_UNIT|o_hex_7[0] ; i_clk        ; i_clk       ; 1.000        ; -0.022     ; 25.881     ;
; -24.864 ; w_i_data[12] ; HEX_block:HEX_BLOCK_UNIT|o_hex_7[2] ; i_clk        ; i_clk       ; 1.000        ; -0.022     ; 25.878     ;
; -24.863 ; w_i_data[12] ; HEX_block:HEX_BLOCK_UNIT|o_hex_7[1] ; i_clk        ; i_clk       ; 1.000        ; -0.022     ; 25.877     ;
; -24.811 ; w_i_data[13] ; HEX_block:HEX_BLOCK_UNIT|o_hex_7[5] ; i_clk        ; i_clk       ; 1.000        ; -0.022     ; 25.825     ;
; -24.810 ; w_i_data[13] ; HEX_block:HEX_BLOCK_UNIT|o_hex_7[3] ; i_clk        ; i_clk       ; 1.000        ; -0.022     ; 25.824     ;
; -24.809 ; w_i_data[13] ; HEX_block:HEX_BLOCK_UNIT|o_hex_7[4] ; i_clk        ; i_clk       ; 1.000        ; -0.022     ; 25.823     ;
; -24.809 ; w_i_data[13] ; HEX_block:HEX_BLOCK_UNIT|o_hex_7[6] ; i_clk        ; i_clk       ; 1.000        ; -0.022     ; 25.823     ;
; -24.806 ; w_i_data[13] ; HEX_block:HEX_BLOCK_UNIT|o_hex_7[0] ; i_clk        ; i_clk       ; 1.000        ; -0.022     ; 25.820     ;
; -24.803 ; w_i_data[13] ; HEX_block:HEX_BLOCK_UNIT|o_hex_7[2] ; i_clk        ; i_clk       ; 1.000        ; -0.022     ; 25.817     ;
; -24.802 ; w_i_data[13] ; HEX_block:HEX_BLOCK_UNIT|o_hex_7[1] ; i_clk        ; i_clk       ; 1.000        ; -0.022     ; 25.816     ;
; -24.749 ; w_i_data[8]  ; HEX_block:HEX_BLOCK_UNIT|o_hex_6[2] ; i_clk        ; i_clk       ; 1.000        ; -0.008     ; 25.777     ;
; -24.748 ; w_i_data[8]  ; HEX_block:HEX_BLOCK_UNIT|o_hex_6[3] ; i_clk        ; i_clk       ; 1.000        ; -0.008     ; 25.776     ;
; -24.747 ; w_i_data[8]  ; HEX_block:HEX_BLOCK_UNIT|o_hex_6[6] ; i_clk        ; i_clk       ; 1.000        ; -0.008     ; 25.775     ;
; -24.745 ; w_i_data[8]  ; HEX_block:HEX_BLOCK_UNIT|o_hex_6[0] ; i_clk        ; i_clk       ; 1.000        ; -0.008     ; 25.773     ;
; -24.745 ; w_i_data[8]  ; HEX_block:HEX_BLOCK_UNIT|o_hex_6[1] ; i_clk        ; i_clk       ; 1.000        ; -0.008     ; 25.773     ;
; -24.743 ; w_i_data[8]  ; HEX_block:HEX_BLOCK_UNIT|o_hex_6[4] ; i_clk        ; i_clk       ; 1.000        ; -0.008     ; 25.771     ;
; -24.743 ; w_i_data[8]  ; HEX_block:HEX_BLOCK_UNIT|o_hex_6[5] ; i_clk        ; i_clk       ; 1.000        ; -0.008     ; 25.771     ;
; -24.700 ; w_i_data[9]  ; HEX_block:HEX_BLOCK_UNIT|o_hex_6[2] ; i_clk        ; i_clk       ; 1.000        ; -0.008     ; 25.728     ;
; -24.699 ; w_i_data[9]  ; HEX_block:HEX_BLOCK_UNIT|o_hex_6[3] ; i_clk        ; i_clk       ; 1.000        ; -0.008     ; 25.727     ;
; -24.698 ; w_i_data[9]  ; HEX_block:HEX_BLOCK_UNIT|o_hex_6[6] ; i_clk        ; i_clk       ; 1.000        ; -0.008     ; 25.726     ;
; -24.696 ; w_i_data[9]  ; HEX_block:HEX_BLOCK_UNIT|o_hex_6[0] ; i_clk        ; i_clk       ; 1.000        ; -0.008     ; 25.724     ;
; -24.696 ; w_i_data[9]  ; HEX_block:HEX_BLOCK_UNIT|o_hex_6[1] ; i_clk        ; i_clk       ; 1.000        ; -0.008     ; 25.724     ;
; -24.694 ; w_i_data[9]  ; HEX_block:HEX_BLOCK_UNIT|o_hex_6[4] ; i_clk        ; i_clk       ; 1.000        ; -0.008     ; 25.722     ;
; -24.694 ; w_i_data[9]  ; HEX_block:HEX_BLOCK_UNIT|o_hex_6[5] ; i_clk        ; i_clk       ; 1.000        ; -0.008     ; 25.722     ;
; -24.561 ; w_i_data[14] ; HEX_block:HEX_BLOCK_UNIT|o_hex_7[5] ; i_clk        ; i_clk       ; 1.000        ; -0.022     ; 25.575     ;
; -24.560 ; w_i_data[14] ; HEX_block:HEX_BLOCK_UNIT|o_hex_7[3] ; i_clk        ; i_clk       ; 1.000        ; -0.022     ; 25.574     ;
; -24.559 ; w_i_data[14] ; HEX_block:HEX_BLOCK_UNIT|o_hex_7[4] ; i_clk        ; i_clk       ; 1.000        ; -0.022     ; 25.573     ;
; -24.559 ; w_i_data[14] ; HEX_block:HEX_BLOCK_UNIT|o_hex_7[6] ; i_clk        ; i_clk       ; 1.000        ; -0.022     ; 25.573     ;
; -24.556 ; w_i_data[14] ; HEX_block:HEX_BLOCK_UNIT|o_hex_7[0] ; i_clk        ; i_clk       ; 1.000        ; -0.022     ; 25.570     ;
; -24.553 ; w_i_data[14] ; HEX_block:HEX_BLOCK_UNIT|o_hex_7[2] ; i_clk        ; i_clk       ; 1.000        ; -0.022     ; 25.567     ;
; -24.552 ; w_i_data[14] ; HEX_block:HEX_BLOCK_UNIT|o_hex_7[1] ; i_clk        ; i_clk       ; 1.000        ; -0.022     ; 25.566     ;
; -24.481 ; w_i_data[10] ; HEX_block:HEX_BLOCK_UNIT|o_hex_6[2] ; i_clk        ; i_clk       ; 1.000        ; -0.008     ; 25.509     ;
; -24.480 ; w_i_data[10] ; HEX_block:HEX_BLOCK_UNIT|o_hex_6[3] ; i_clk        ; i_clk       ; 1.000        ; -0.008     ; 25.508     ;
; -24.479 ; w_i_data[10] ; HEX_block:HEX_BLOCK_UNIT|o_hex_6[6] ; i_clk        ; i_clk       ; 1.000        ; -0.008     ; 25.507     ;
; -24.477 ; w_i_data[10] ; HEX_block:HEX_BLOCK_UNIT|o_hex_6[0] ; i_clk        ; i_clk       ; 1.000        ; -0.008     ; 25.505     ;
; -24.477 ; w_i_data[10] ; HEX_block:HEX_BLOCK_UNIT|o_hex_6[1] ; i_clk        ; i_clk       ; 1.000        ; -0.008     ; 25.505     ;
; -24.475 ; w_i_data[10] ; HEX_block:HEX_BLOCK_UNIT|o_hex_6[4] ; i_clk        ; i_clk       ; 1.000        ; -0.008     ; 25.503     ;
; -24.475 ; w_i_data[10] ; HEX_block:HEX_BLOCK_UNIT|o_hex_6[5] ; i_clk        ; i_clk       ; 1.000        ; -0.008     ; 25.503     ;
; -24.475 ; w_i_data[12] ; HEX_block:HEX_BLOCK_UNIT|o_hex_6[2] ; i_clk        ; i_clk       ; 1.000        ; -0.008     ; 25.503     ;
; -24.474 ; w_i_data[12] ; HEX_block:HEX_BLOCK_UNIT|o_hex_6[3] ; i_clk        ; i_clk       ; 1.000        ; -0.008     ; 25.502     ;
; -24.473 ; w_i_data[12] ; HEX_block:HEX_BLOCK_UNIT|o_hex_6[6] ; i_clk        ; i_clk       ; 1.000        ; -0.008     ; 25.501     ;
; -24.471 ; w_i_data[12] ; HEX_block:HEX_BLOCK_UNIT|o_hex_6[0] ; i_clk        ; i_clk       ; 1.000        ; -0.008     ; 25.499     ;
; -24.471 ; w_i_data[12] ; HEX_block:HEX_BLOCK_UNIT|o_hex_6[1] ; i_clk        ; i_clk       ; 1.000        ; -0.008     ; 25.499     ;
; -24.469 ; w_i_data[12] ; HEX_block:HEX_BLOCK_UNIT|o_hex_6[4] ; i_clk        ; i_clk       ; 1.000        ; -0.008     ; 25.497     ;
; -24.469 ; w_i_data[12] ; HEX_block:HEX_BLOCK_UNIT|o_hex_6[5] ; i_clk        ; i_clk       ; 1.000        ; -0.008     ; 25.497     ;
; -24.414 ; w_i_data[11] ; HEX_block:HEX_BLOCK_UNIT|o_hex_7[5] ; i_clk        ; i_clk       ; 1.000        ; -0.022     ; 25.428     ;
; -24.414 ; w_i_data[13] ; HEX_block:HEX_BLOCK_UNIT|o_hex_6[2] ; i_clk        ; i_clk       ; 1.000        ; -0.008     ; 25.442     ;
; -24.413 ; w_i_data[11] ; HEX_block:HEX_BLOCK_UNIT|o_hex_7[3] ; i_clk        ; i_clk       ; 1.000        ; -0.022     ; 25.427     ;
; -24.413 ; w_i_data[13] ; HEX_block:HEX_BLOCK_UNIT|o_hex_6[3] ; i_clk        ; i_clk       ; 1.000        ; -0.008     ; 25.441     ;
; -24.412 ; w_i_data[11] ; HEX_block:HEX_BLOCK_UNIT|o_hex_7[4] ; i_clk        ; i_clk       ; 1.000        ; -0.022     ; 25.426     ;
; -24.412 ; w_i_data[11] ; HEX_block:HEX_BLOCK_UNIT|o_hex_7[6] ; i_clk        ; i_clk       ; 1.000        ; -0.022     ; 25.426     ;
; -24.412 ; w_i_data[13] ; HEX_block:HEX_BLOCK_UNIT|o_hex_6[6] ; i_clk        ; i_clk       ; 1.000        ; -0.008     ; 25.440     ;
; -24.410 ; w_i_data[13] ; HEX_block:HEX_BLOCK_UNIT|o_hex_6[0] ; i_clk        ; i_clk       ; 1.000        ; -0.008     ; 25.438     ;
; -24.410 ; w_i_data[13] ; HEX_block:HEX_BLOCK_UNIT|o_hex_6[1] ; i_clk        ; i_clk       ; 1.000        ; -0.008     ; 25.438     ;
; -24.409 ; w_i_data[11] ; HEX_block:HEX_BLOCK_UNIT|o_hex_7[0] ; i_clk        ; i_clk       ; 1.000        ; -0.022     ; 25.423     ;
; -24.408 ; w_i_data[13] ; HEX_block:HEX_BLOCK_UNIT|o_hex_6[4] ; i_clk        ; i_clk       ; 1.000        ; -0.008     ; 25.436     ;
; -24.408 ; w_i_data[13] ; HEX_block:HEX_BLOCK_UNIT|o_hex_6[5] ; i_clk        ; i_clk       ; 1.000        ; -0.008     ; 25.436     ;
; -24.406 ; w_i_data[11] ; HEX_block:HEX_BLOCK_UNIT|o_hex_7[2] ; i_clk        ; i_clk       ; 1.000        ; -0.022     ; 25.420     ;
; -24.405 ; w_i_data[11] ; HEX_block:HEX_BLOCK_UNIT|o_hex_7[1] ; i_clk        ; i_clk       ; 1.000        ; -0.022     ; 25.419     ;
; -24.347 ; w_i_data[15] ; HEX_block:HEX_BLOCK_UNIT|o_hex_7[5] ; i_clk        ; i_clk       ; 1.000        ; -0.022     ; 25.361     ;
; -24.346 ; w_i_data[15] ; HEX_block:HEX_BLOCK_UNIT|o_hex_7[3] ; i_clk        ; i_clk       ; 1.000        ; -0.022     ; 25.360     ;
; -24.345 ; w_i_data[15] ; HEX_block:HEX_BLOCK_UNIT|o_hex_7[4] ; i_clk        ; i_clk       ; 1.000        ; -0.022     ; 25.359     ;
; -24.345 ; w_i_data[15] ; HEX_block:HEX_BLOCK_UNIT|o_hex_7[6] ; i_clk        ; i_clk       ; 1.000        ; -0.022     ; 25.359     ;
; -24.342 ; w_i_data[15] ; HEX_block:HEX_BLOCK_UNIT|o_hex_7[0] ; i_clk        ; i_clk       ; 1.000        ; -0.022     ; 25.356     ;
; -24.339 ; w_i_data[15] ; HEX_block:HEX_BLOCK_UNIT|o_hex_7[2] ; i_clk        ; i_clk       ; 1.000        ; -0.022     ; 25.353     ;
; -24.338 ; w_i_data[15] ; HEX_block:HEX_BLOCK_UNIT|o_hex_7[1] ; i_clk        ; i_clk       ; 1.000        ; -0.022     ; 25.352     ;
; -24.225 ; w_i_data[8]  ; HEX_block:HEX_BLOCK_UNIT|o_hex_5[5] ; i_clk        ; i_clk       ; 1.000        ; -0.003     ; 25.258     ;
; -24.223 ; w_i_data[8]  ; HEX_block:HEX_BLOCK_UNIT|o_hex_5[2] ; i_clk        ; i_clk       ; 1.000        ; -0.003     ; 25.256     ;
; -24.223 ; w_i_data[8]  ; HEX_block:HEX_BLOCK_UNIT|o_hex_5[3] ; i_clk        ; i_clk       ; 1.000        ; -0.003     ; 25.256     ;
; -24.222 ; w_i_data[8]  ; HEX_block:HEX_BLOCK_UNIT|o_hex_5[0] ; i_clk        ; i_clk       ; 1.000        ; -0.003     ; 25.255     ;
; -24.178 ; w_i_data[5]  ; HEX_block:HEX_BLOCK_UNIT|o_hex_7[5] ; i_clk        ; i_clk       ; 1.000        ; -0.011     ; 25.203     ;
; -24.177 ; w_i_data[5]  ; HEX_block:HEX_BLOCK_UNIT|o_hex_7[3] ; i_clk        ; i_clk       ; 1.000        ; -0.011     ; 25.202     ;
; -24.176 ; w_i_data[9]  ; HEX_block:HEX_BLOCK_UNIT|o_hex_5[5] ; i_clk        ; i_clk       ; 1.000        ; -0.003     ; 25.209     ;
; -24.176 ; w_i_data[5]  ; HEX_block:HEX_BLOCK_UNIT|o_hex_7[4] ; i_clk        ; i_clk       ; 1.000        ; -0.011     ; 25.201     ;
; -24.176 ; w_i_data[5]  ; HEX_block:HEX_BLOCK_UNIT|o_hex_7[6] ; i_clk        ; i_clk       ; 1.000        ; -0.011     ; 25.201     ;
+---------+--------------+-------------------------------------+--------------+-------------+--------------+------------+------------+


+------------------------------------------------------------------------------------------------------+
; Slow Model Setup: 'CLOCK_50'                                                                         ;
+--------+-----------+-----------+--------------+-------------+--------------+------------+------------+
; Slack  ; From Node ; To Node   ; Launch Clock ; Latch Clock ; Relationship ; Clock Skew ; Data Delay ;
+--------+-----------+-----------+--------------+-------------+--------------+------------+------------+
; -2.798 ; count[0]  ; count[31] ; CLOCK_50     ; CLOCK_50    ; 1.000        ; -0.004     ; 3.830      ;
; -2.732 ; count[1]  ; count[31] ; CLOCK_50     ; CLOCK_50    ; 1.000        ; -0.004     ; 3.764      ;
; -2.727 ; count[0]  ; count[30] ; CLOCK_50     ; CLOCK_50    ; 1.000        ; -0.004     ; 3.759      ;
; -2.662 ; count[2]  ; count[31] ; CLOCK_50     ; CLOCK_50    ; 1.000        ; -0.004     ; 3.694      ;
; -2.661 ; count[1]  ; count[30] ; CLOCK_50     ; CLOCK_50    ; 1.000        ; -0.004     ; 3.693      ;
; -2.656 ; count[0]  ; count[29] ; CLOCK_50     ; CLOCK_50    ; 1.000        ; -0.004     ; 3.688      ;
; -2.626 ; count[3]  ; count[31] ; CLOCK_50     ; CLOCK_50    ; 1.000        ; -0.004     ; 3.658      ;
; -2.591 ; count[2]  ; count[30] ; CLOCK_50     ; CLOCK_50    ; 1.000        ; -0.004     ; 3.623      ;
; -2.590 ; count[1]  ; count[29] ; CLOCK_50     ; CLOCK_50    ; 1.000        ; -0.004     ; 3.622      ;
; -2.585 ; count[0]  ; count[28] ; CLOCK_50     ; CLOCK_50    ; 1.000        ; -0.004     ; 3.617      ;
; -2.555 ; count[3]  ; count[30] ; CLOCK_50     ; CLOCK_50    ; 1.000        ; -0.004     ; 3.587      ;
; -2.520 ; count[4]  ; count[31] ; CLOCK_50     ; CLOCK_50    ; 1.000        ; -0.004     ; 3.552      ;
; -2.520 ; count[2]  ; count[29] ; CLOCK_50     ; CLOCK_50    ; 1.000        ; -0.004     ; 3.552      ;
; -2.519 ; count[1]  ; count[28] ; CLOCK_50     ; CLOCK_50    ; 1.000        ; -0.004     ; 3.551      ;
; -2.514 ; count[0]  ; count[27] ; CLOCK_50     ; CLOCK_50    ; 1.000        ; -0.004     ; 3.546      ;
; -2.505 ; count[15] ; count[0]  ; CLOCK_50     ; CLOCK_50    ; 1.000        ; 0.000      ; 3.541      ;
; -2.485 ; count[5]  ; count[31] ; CLOCK_50     ; CLOCK_50    ; 1.000        ; -0.004     ; 3.517      ;
; -2.484 ; count[3]  ; count[29] ; CLOCK_50     ; CLOCK_50    ; 1.000        ; -0.004     ; 3.516      ;
; -2.466 ; count[15] ; count[1]  ; CLOCK_50     ; CLOCK_50    ; 1.000        ; 0.000      ; 3.502      ;
; -2.449 ; count[4]  ; count[30] ; CLOCK_50     ; CLOCK_50    ; 1.000        ; -0.004     ; 3.481      ;
; -2.449 ; count[2]  ; count[28] ; CLOCK_50     ; CLOCK_50    ; 1.000        ; -0.004     ; 3.481      ;
; -2.448 ; count[1]  ; count[27] ; CLOCK_50     ; CLOCK_50    ; 1.000        ; -0.004     ; 3.480      ;
; -2.443 ; count[0]  ; count[26] ; CLOCK_50     ; CLOCK_50    ; 1.000        ; -0.004     ; 3.475      ;
; -2.414 ; count[6]  ; count[31] ; CLOCK_50     ; CLOCK_50    ; 1.000        ; -0.004     ; 3.446      ;
; -2.414 ; count[5]  ; count[30] ; CLOCK_50     ; CLOCK_50    ; 1.000        ; -0.004     ; 3.446      ;
; -2.413 ; count[3]  ; count[28] ; CLOCK_50     ; CLOCK_50    ; 1.000        ; -0.004     ; 3.445      ;
; -2.401 ; count[20] ; count[0]  ; CLOCK_50     ; CLOCK_50    ; 1.000        ; 0.004      ; 3.441      ;
; -2.378 ; count[4]  ; count[29] ; CLOCK_50     ; CLOCK_50    ; 1.000        ; -0.004     ; 3.410      ;
; -2.378 ; count[2]  ; count[27] ; CLOCK_50     ; CLOCK_50    ; 1.000        ; -0.004     ; 3.410      ;
; -2.377 ; count[1]  ; count[26] ; CLOCK_50     ; CLOCK_50    ; 1.000        ; -0.004     ; 3.409      ;
; -2.372 ; count[0]  ; count[25] ; CLOCK_50     ; CLOCK_50    ; 1.000        ; -0.004     ; 3.404      ;
; -2.360 ; count[20] ; count[1]  ; CLOCK_50     ; CLOCK_50    ; 1.000        ; 0.004      ; 3.400      ;
; -2.343 ; count[6]  ; count[30] ; CLOCK_50     ; CLOCK_50    ; 1.000        ; -0.004     ; 3.375      ;
; -2.343 ; count[5]  ; count[29] ; CLOCK_50     ; CLOCK_50    ; 1.000        ; -0.004     ; 3.375      ;
; -2.342 ; count[3]  ; count[27] ; CLOCK_50     ; CLOCK_50    ; 1.000        ; -0.004     ; 3.374      ;
; -2.340 ; count[1]  ; count[0]  ; CLOCK_50     ; CLOCK_50    ; 1.000        ; 0.000      ; 3.376      ;
; -2.329 ; count[4]  ; count[0]  ; CLOCK_50     ; CLOCK_50    ; 1.000        ; 0.000      ; 3.365      ;
; -2.311 ; count[7]  ; count[31] ; CLOCK_50     ; CLOCK_50    ; 1.000        ; -0.004     ; 3.343      ;
; -2.307 ; count[4]  ; count[28] ; CLOCK_50     ; CLOCK_50    ; 1.000        ; -0.004     ; 3.339      ;
; -2.307 ; count[2]  ; count[26] ; CLOCK_50     ; CLOCK_50    ; 1.000        ; -0.004     ; 3.339      ;
; -2.306 ; count[20] ; i_clk     ; CLOCK_50     ; CLOCK_50    ; 1.000        ; -0.021     ; 3.321      ;
; -2.306 ; count[1]  ; count[25] ; CLOCK_50     ; CLOCK_50    ; 1.000        ; -0.004     ; 3.338      ;
; -2.301 ; count[0]  ; count[24] ; CLOCK_50     ; CLOCK_50    ; 1.000        ; -0.004     ; 3.333      ;
; -2.301 ; count[1]  ; count[1]  ; CLOCK_50     ; CLOCK_50    ; 1.000        ; 0.000      ; 3.337      ;
; -2.290 ; count[4]  ; count[1]  ; CLOCK_50     ; CLOCK_50    ; 1.000        ; 0.000      ; 3.326      ;
; -2.272 ; count[6]  ; count[29] ; CLOCK_50     ; CLOCK_50    ; 1.000        ; -0.004     ; 3.304      ;
; -2.272 ; count[5]  ; count[28] ; CLOCK_50     ; CLOCK_50    ; 1.000        ; -0.004     ; 3.304      ;
; -2.271 ; count[3]  ; count[26] ; CLOCK_50     ; CLOCK_50    ; 1.000        ; -0.004     ; 3.303      ;
; -2.262 ; count[27] ; count[0]  ; CLOCK_50     ; CLOCK_50    ; 1.000        ; 0.004      ; 3.302      ;
; -2.246 ; count[2]  ; count[0]  ; CLOCK_50     ; CLOCK_50    ; 1.000        ; 0.000      ; 3.282      ;
; -2.240 ; count[7]  ; count[30] ; CLOCK_50     ; CLOCK_50    ; 1.000        ; -0.004     ; 3.272      ;
; -2.236 ; count[4]  ; count[27] ; CLOCK_50     ; CLOCK_50    ; 1.000        ; -0.004     ; 3.268      ;
; -2.236 ; count[2]  ; count[25] ; CLOCK_50     ; CLOCK_50    ; 1.000        ; -0.004     ; 3.268      ;
; -2.235 ; count[1]  ; count[24] ; CLOCK_50     ; CLOCK_50    ; 1.000        ; -0.004     ; 3.267      ;
; -2.231 ; count[14] ; count[0]  ; CLOCK_50     ; CLOCK_50    ; 1.000        ; 0.000      ; 3.267      ;
; -2.221 ; count[27] ; count[1]  ; CLOCK_50     ; CLOCK_50    ; 1.000        ; 0.004      ; 3.261      ;
; -2.207 ; count[2]  ; count[1]  ; CLOCK_50     ; CLOCK_50    ; 1.000        ; 0.000      ; 3.243      ;
; -2.201 ; count[6]  ; count[28] ; CLOCK_50     ; CLOCK_50    ; 1.000        ; -0.004     ; 3.233      ;
; -2.201 ; count[5]  ; count[27] ; CLOCK_50     ; CLOCK_50    ; 1.000        ; -0.004     ; 3.233      ;
; -2.200 ; count[3]  ; count[25] ; CLOCK_50     ; CLOCK_50    ; 1.000        ; -0.004     ; 3.232      ;
; -2.200 ; count[0]  ; count[0]  ; CLOCK_50     ; CLOCK_50    ; 1.000        ; 0.000      ; 3.236      ;
; -2.192 ; count[14] ; count[1]  ; CLOCK_50     ; CLOCK_50    ; 1.000        ; 0.000      ; 3.228      ;
; -2.183 ; count[8]  ; count[31] ; CLOCK_50     ; CLOCK_50    ; 1.000        ; -0.004     ; 3.215      ;
; -2.169 ; count[7]  ; count[29] ; CLOCK_50     ; CLOCK_50    ; 1.000        ; -0.004     ; 3.201      ;
; -2.167 ; count[27] ; i_clk     ; CLOCK_50     ; CLOCK_50    ; 1.000        ; -0.021     ; 3.182      ;
; -2.165 ; count[4]  ; count[26] ; CLOCK_50     ; CLOCK_50    ; 1.000        ; -0.004     ; 3.197      ;
; -2.165 ; count[2]  ; count[24] ; CLOCK_50     ; CLOCK_50    ; 1.000        ; -0.004     ; 3.197      ;
; -2.161 ; count[22] ; count[0]  ; CLOCK_50     ; CLOCK_50    ; 1.000        ; 0.004      ; 3.201      ;
; -2.161 ; count[0]  ; count[1]  ; CLOCK_50     ; CLOCK_50    ; 1.000        ; 0.000      ; 3.197      ;
; -2.161 ; count[24] ; count[0]  ; CLOCK_50     ; CLOCK_50    ; 1.000        ; 0.004      ; 3.201      ;
; -2.142 ; count[0]  ; count[23] ; CLOCK_50     ; CLOCK_50    ; 1.000        ; -0.004     ; 3.174      ;
; -2.139 ; count[13] ; count[0]  ; CLOCK_50     ; CLOCK_50    ; 1.000        ; 0.000      ; 3.175      ;
; -2.130 ; count[6]  ; count[27] ; CLOCK_50     ; CLOCK_50    ; 1.000        ; -0.004     ; 3.162      ;
; -2.130 ; count[5]  ; count[26] ; CLOCK_50     ; CLOCK_50    ; 1.000        ; -0.004     ; 3.162      ;
; -2.129 ; count[31] ; count[0]  ; CLOCK_50     ; CLOCK_50    ; 1.000        ; 0.004      ; 3.169      ;
; -2.129 ; count[3]  ; count[24] ; CLOCK_50     ; CLOCK_50    ; 1.000        ; -0.004     ; 3.161      ;
; -2.125 ; count[25] ; count[0]  ; CLOCK_50     ; CLOCK_50    ; 1.000        ; 0.004      ; 3.165      ;
; -2.120 ; count[22] ; count[1]  ; CLOCK_50     ; CLOCK_50    ; 1.000        ; 0.004      ; 3.160      ;
; -2.120 ; count[24] ; count[1]  ; CLOCK_50     ; CLOCK_50    ; 1.000        ; 0.004      ; 3.160      ;
; -2.112 ; count[8]  ; count[30] ; CLOCK_50     ; CLOCK_50    ; 1.000        ; -0.004     ; 3.144      ;
; -2.111 ; count[23] ; count[0]  ; CLOCK_50     ; CLOCK_50    ; 1.000        ; 0.004      ; 3.151      ;
; -2.100 ; count[13] ; count[1]  ; CLOCK_50     ; CLOCK_50    ; 1.000        ; 0.000      ; 3.136      ;
; -2.098 ; count[7]  ; count[28] ; CLOCK_50     ; CLOCK_50    ; 1.000        ; -0.004     ; 3.130      ;
; -2.094 ; count[4]  ; count[25] ; CLOCK_50     ; CLOCK_50    ; 1.000        ; -0.004     ; 3.126      ;
; -2.088 ; count[31] ; count[1]  ; CLOCK_50     ; CLOCK_50    ; 1.000        ; 0.004      ; 3.128      ;
; -2.086 ; count[6]  ; count[0]  ; CLOCK_50     ; CLOCK_50    ; 1.000        ; 0.000      ; 3.122      ;
; -2.084 ; count[25] ; count[1]  ; CLOCK_50     ; CLOCK_50    ; 1.000        ; 0.004      ; 3.124      ;
; -2.079 ; count[7]  ; count[0]  ; CLOCK_50     ; CLOCK_50    ; 1.000        ; 0.000      ; 3.115      ;
; -2.077 ; count[9]  ; count[31] ; CLOCK_50     ; CLOCK_50    ; 1.000        ; -0.004     ; 3.109      ;
; -2.077 ; count[10] ; count[0]  ; CLOCK_50     ; CLOCK_50    ; 1.000        ; 0.000      ; 3.113      ;
; -2.076 ; count[1]  ; count[23] ; CLOCK_50     ; CLOCK_50    ; 1.000        ; -0.004     ; 3.108      ;
; -2.071 ; count[0]  ; count[22] ; CLOCK_50     ; CLOCK_50    ; 1.000        ; -0.004     ; 3.103      ;
; -2.070 ; count[23] ; count[1]  ; CLOCK_50     ; CLOCK_50    ; 1.000        ; 0.004      ; 3.110      ;
; -2.066 ; count[22] ; i_clk     ; CLOCK_50     ; CLOCK_50    ; 1.000        ; -0.021     ; 3.081      ;
; -2.066 ; count[24] ; i_clk     ; CLOCK_50     ; CLOCK_50    ; 1.000        ; -0.021     ; 3.081      ;
; -2.062 ; count[21] ; count[0]  ; CLOCK_50     ; CLOCK_50    ; 1.000        ; 0.004      ; 3.102      ;
; -2.059 ; count[6]  ; count[26] ; CLOCK_50     ; CLOCK_50    ; 1.000        ; -0.004     ; 3.091      ;
; -2.059 ; count[5]  ; count[25] ; CLOCK_50     ; CLOCK_50    ; 1.000        ; -0.004     ; 3.091      ;
; -2.047 ; count[15] ; i_clk     ; CLOCK_50     ; CLOCK_50    ; 1.000        ; -0.025     ; 3.058      ;
; -2.047 ; count[6]  ; count[1]  ; CLOCK_50     ; CLOCK_50    ; 1.000        ; 0.000      ; 3.083      ;
+--------+-----------+-----------+--------------+-------------+--------------+------------+------------+


+------------------------------------------------------------------------------------------------------+
; Slow Model Hold: 'CLOCK_50'                                                                          ;
+--------+-----------+-----------+--------------+-------------+--------------+------------+------------+
; Slack  ; From Node ; To Node   ; Launch Clock ; Latch Clock ; Relationship ; Clock Skew ; Data Delay ;
+--------+-----------+-----------+--------------+-------------+--------------+------------+------------+
; -2.498 ; i_clk     ; i_clk     ; i_clk        ; CLOCK_50    ; 0.000        ; 2.639      ; 0.657      ;
; -1.998 ; i_clk     ; i_clk     ; i_clk        ; CLOCK_50    ; -0.500       ; 2.639      ; 0.657      ;
; 0.531  ; count[31] ; count[31] ; CLOCK_50     ; CLOCK_50    ; 0.000        ; 0.000      ; 0.797      ;
; 0.795  ; count[16] ; count[16] ; CLOCK_50     ; CLOCK_50    ; 0.000        ; 0.000      ; 1.061      ;
; 0.805  ; count[17] ; count[17] ; CLOCK_50     ; CLOCK_50    ; 0.000        ; 0.000      ; 1.071      ;
; 0.806  ; count[9]  ; count[9]  ; CLOCK_50     ; CLOCK_50    ; 0.000        ; 0.000      ; 1.072      ;
; 0.806  ; count[11] ; count[11] ; CLOCK_50     ; CLOCK_50    ; 0.000        ; 0.000      ; 1.072      ;
; 0.806  ; count[7]  ; count[7]  ; CLOCK_50     ; CLOCK_50    ; 0.000        ; 0.000      ; 1.072      ;
; 0.806  ; count[4]  ; count[4]  ; CLOCK_50     ; CLOCK_50    ; 0.000        ; 0.000      ; 1.072      ;
; 0.806  ; count[2]  ; count[2]  ; CLOCK_50     ; CLOCK_50    ; 0.000        ; 0.000      ; 1.072      ;
; 0.806  ; count[13] ; count[13] ; CLOCK_50     ; CLOCK_50    ; 0.000        ; 0.000      ; 1.072      ;
; 0.806  ; count[14] ; count[14] ; CLOCK_50     ; CLOCK_50    ; 0.000        ; 0.000      ; 1.072      ;
; 0.806  ; count[15] ; count[15] ; CLOCK_50     ; CLOCK_50    ; 0.000        ; 0.000      ; 1.072      ;
; 0.806  ; count[18] ; count[18] ; CLOCK_50     ; CLOCK_50    ; 0.000        ; 0.000      ; 1.072      ;
; 0.806  ; count[20] ; count[20] ; CLOCK_50     ; CLOCK_50    ; 0.000        ; 0.000      ; 1.072      ;
; 0.806  ; count[23] ; count[23] ; CLOCK_50     ; CLOCK_50    ; 0.000        ; 0.000      ; 1.072      ;
; 0.806  ; count[25] ; count[25] ; CLOCK_50     ; CLOCK_50    ; 0.000        ; 0.000      ; 1.072      ;
; 0.806  ; count[27] ; count[27] ; CLOCK_50     ; CLOCK_50    ; 0.000        ; 0.000      ; 1.072      ;
; 0.806  ; count[29] ; count[29] ; CLOCK_50     ; CLOCK_50    ; 0.000        ; 0.000      ; 1.072      ;
; 0.806  ; count[30] ; count[30] ; CLOCK_50     ; CLOCK_50    ; 0.000        ; 0.000      ; 1.072      ;
; 0.838  ; count[10] ; count[10] ; CLOCK_50     ; CLOCK_50    ; 0.000        ; 0.000      ; 1.104      ;
; 0.838  ; count[8]  ; count[8]  ; CLOCK_50     ; CLOCK_50    ; 0.000        ; 0.000      ; 1.104      ;
; 0.838  ; count[3]  ; count[3]  ; CLOCK_50     ; CLOCK_50    ; 0.000        ; 0.000      ; 1.104      ;
; 0.838  ; count[12] ; count[12] ; CLOCK_50     ; CLOCK_50    ; 0.000        ; 0.000      ; 1.104      ;
; 0.838  ; count[19] ; count[19] ; CLOCK_50     ; CLOCK_50    ; 0.000        ; 0.000      ; 1.104      ;
; 0.838  ; count[24] ; count[24] ; CLOCK_50     ; CLOCK_50    ; 0.000        ; 0.000      ; 1.104      ;
; 0.838  ; count[26] ; count[26] ; CLOCK_50     ; CLOCK_50    ; 0.000        ; 0.000      ; 1.104      ;
; 0.838  ; count[28] ; count[28] ; CLOCK_50     ; CLOCK_50    ; 0.000        ; 0.000      ; 1.104      ;
; 0.839  ; count[5]  ; count[5]  ; CLOCK_50     ; CLOCK_50    ; 0.000        ; 0.000      ; 1.105      ;
; 0.839  ; count[6]  ; count[6]  ; CLOCK_50     ; CLOCK_50    ; 0.000        ; 0.000      ; 1.105      ;
; 0.839  ; count[21] ; count[21] ; CLOCK_50     ; CLOCK_50    ; 0.000        ; 0.000      ; 1.105      ;
; 0.839  ; count[22] ; count[22] ; CLOCK_50     ; CLOCK_50    ; 0.000        ; 0.000      ; 1.105      ;
; 1.178  ; count[16] ; count[17] ; CLOCK_50     ; CLOCK_50    ; 0.000        ; 0.000      ; 1.444      ;
; 1.188  ; count[1]  ; count[2]  ; CLOCK_50     ; CLOCK_50    ; 0.000        ; 0.000      ; 1.454      ;
; 1.188  ; count[17] ; count[18] ; CLOCK_50     ; CLOCK_50    ; 0.000        ; 0.000      ; 1.454      ;
; 1.189  ; count[30] ; count[31] ; CLOCK_50     ; CLOCK_50    ; 0.000        ; 0.000      ; 1.455      ;
; 1.189  ; count[13] ; count[14] ; CLOCK_50     ; CLOCK_50    ; 0.000        ; 0.000      ; 1.455      ;
; 1.189  ; count[14] ; count[15] ; CLOCK_50     ; CLOCK_50    ; 0.000        ; 0.000      ; 1.455      ;
; 1.189  ; count[29] ; count[30] ; CLOCK_50     ; CLOCK_50    ; 0.000        ; 0.000      ; 1.455      ;
; 1.189  ; count[9]  ; count[10] ; CLOCK_50     ; CLOCK_50    ; 0.000        ; 0.000      ; 1.455      ;
; 1.189  ; count[2]  ; count[3]  ; CLOCK_50     ; CLOCK_50    ; 0.000        ; 0.000      ; 1.455      ;
; 1.189  ; count[11] ; count[12] ; CLOCK_50     ; CLOCK_50    ; 0.000        ; 0.000      ; 1.455      ;
; 1.189  ; count[18] ; count[19] ; CLOCK_50     ; CLOCK_50    ; 0.000        ; 0.000      ; 1.455      ;
; 1.189  ; count[25] ; count[26] ; CLOCK_50     ; CLOCK_50    ; 0.000        ; 0.000      ; 1.455      ;
; 1.189  ; count[27] ; count[28] ; CLOCK_50     ; CLOCK_50    ; 0.000        ; 0.000      ; 1.455      ;
; 1.189  ; count[4]  ; count[5]  ; CLOCK_50     ; CLOCK_50    ; 0.000        ; 0.000      ; 1.455      ;
; 1.189  ; count[20] ; count[21] ; CLOCK_50     ; CLOCK_50    ; 0.000        ; 0.000      ; 1.455      ;
; 1.224  ; count[8]  ; count[9]  ; CLOCK_50     ; CLOCK_50    ; 0.000        ; 0.000      ; 1.490      ;
; 1.224  ; count[10] ; count[11] ; CLOCK_50     ; CLOCK_50    ; 0.000        ; 0.000      ; 1.490      ;
; 1.224  ; count[3]  ; count[4]  ; CLOCK_50     ; CLOCK_50    ; 0.000        ; 0.000      ; 1.490      ;
; 1.224  ; count[12] ; count[13] ; CLOCK_50     ; CLOCK_50    ; 0.000        ; 0.000      ; 1.490      ;
; 1.224  ; count[19] ; count[20] ; CLOCK_50     ; CLOCK_50    ; 0.000        ; 0.000      ; 1.490      ;
; 1.224  ; count[24] ; count[25] ; CLOCK_50     ; CLOCK_50    ; 0.000        ; 0.000      ; 1.490      ;
; 1.224  ; count[26] ; count[27] ; CLOCK_50     ; CLOCK_50    ; 0.000        ; 0.000      ; 1.490      ;
; 1.224  ; count[28] ; count[29] ; CLOCK_50     ; CLOCK_50    ; 0.000        ; 0.000      ; 1.490      ;
; 1.225  ; count[6]  ; count[7]  ; CLOCK_50     ; CLOCK_50    ; 0.000        ; 0.000      ; 1.491      ;
; 1.225  ; count[22] ; count[23] ; CLOCK_50     ; CLOCK_50    ; 0.000        ; 0.000      ; 1.491      ;
; 1.225  ; count[5]  ; count[6]  ; CLOCK_50     ; CLOCK_50    ; 0.000        ; 0.000      ; 1.491      ;
; 1.225  ; count[21] ; count[22] ; CLOCK_50     ; CLOCK_50    ; 0.000        ; 0.000      ; 1.491      ;
; 1.249  ; count[16] ; count[18] ; CLOCK_50     ; CLOCK_50    ; 0.000        ; 0.000      ; 1.515      ;
; 1.254  ; count[0]  ; count[2]  ; CLOCK_50     ; CLOCK_50    ; 0.000        ; 0.000      ; 1.520      ;
; 1.259  ; count[1]  ; count[3]  ; CLOCK_50     ; CLOCK_50    ; 0.000        ; 0.000      ; 1.525      ;
; 1.259  ; count[17] ; count[19] ; CLOCK_50     ; CLOCK_50    ; 0.000        ; 0.000      ; 1.525      ;
; 1.260  ; count[29] ; count[31] ; CLOCK_50     ; CLOCK_50    ; 0.000        ; 0.000      ; 1.526      ;
; 1.260  ; count[13] ; count[15] ; CLOCK_50     ; CLOCK_50    ; 0.000        ; 0.000      ; 1.526      ;
; 1.260  ; count[9]  ; count[11] ; CLOCK_50     ; CLOCK_50    ; 0.000        ; 0.000      ; 1.526      ;
; 1.260  ; count[2]  ; count[4]  ; CLOCK_50     ; CLOCK_50    ; 0.000        ; 0.000      ; 1.526      ;
; 1.260  ; count[11] ; count[13] ; CLOCK_50     ; CLOCK_50    ; 0.000        ; 0.000      ; 1.526      ;
; 1.260  ; count[18] ; count[20] ; CLOCK_50     ; CLOCK_50    ; 0.000        ; 0.000      ; 1.526      ;
; 1.260  ; count[25] ; count[27] ; CLOCK_50     ; CLOCK_50    ; 0.000        ; 0.000      ; 1.526      ;
; 1.260  ; count[27] ; count[29] ; CLOCK_50     ; CLOCK_50    ; 0.000        ; 0.000      ; 1.526      ;
; 1.260  ; count[4]  ; count[6]  ; CLOCK_50     ; CLOCK_50    ; 0.000        ; 0.000      ; 1.526      ;
; 1.260  ; count[20] ; count[22] ; CLOCK_50     ; CLOCK_50    ; 0.000        ; 0.000      ; 1.526      ;
; 1.281  ; count[7]  ; count[8]  ; CLOCK_50     ; CLOCK_50    ; 0.000        ; 0.000      ; 1.547      ;
; 1.281  ; count[23] ; count[24] ; CLOCK_50     ; CLOCK_50    ; 0.000        ; 0.000      ; 1.547      ;
; 1.285  ; count[15] ; count[16] ; CLOCK_50     ; CLOCK_50    ; 0.000        ; -0.004     ; 1.547      ;
; 1.295  ; count[12] ; count[14] ; CLOCK_50     ; CLOCK_50    ; 0.000        ; 0.000      ; 1.561      ;
; 1.295  ; count[28] ; count[30] ; CLOCK_50     ; CLOCK_50    ; 0.000        ; 0.000      ; 1.561      ;
; 1.295  ; count[8]  ; count[10] ; CLOCK_50     ; CLOCK_50    ; 0.000        ; 0.000      ; 1.561      ;
; 1.295  ; count[10] ; count[12] ; CLOCK_50     ; CLOCK_50    ; 0.000        ; 0.000      ; 1.561      ;
; 1.295  ; count[24] ; count[26] ; CLOCK_50     ; CLOCK_50    ; 0.000        ; 0.000      ; 1.561      ;
; 1.295  ; count[26] ; count[28] ; CLOCK_50     ; CLOCK_50    ; 0.000        ; 0.000      ; 1.561      ;
; 1.295  ; count[3]  ; count[5]  ; CLOCK_50     ; CLOCK_50    ; 0.000        ; 0.000      ; 1.561      ;
; 1.295  ; count[19] ; count[21] ; CLOCK_50     ; CLOCK_50    ; 0.000        ; 0.000      ; 1.561      ;
; 1.296  ; count[5]  ; count[7]  ; CLOCK_50     ; CLOCK_50    ; 0.000        ; 0.000      ; 1.562      ;
; 1.296  ; count[21] ; count[23] ; CLOCK_50     ; CLOCK_50    ; 0.000        ; 0.000      ; 1.562      ;
; 1.320  ; count[16] ; count[19] ; CLOCK_50     ; CLOCK_50    ; 0.000        ; 0.000      ; 1.586      ;
; 1.325  ; count[0]  ; count[3]  ; CLOCK_50     ; CLOCK_50    ; 0.000        ; 0.000      ; 1.591      ;
; 1.330  ; count[1]  ; count[4]  ; CLOCK_50     ; CLOCK_50    ; 0.000        ; 0.000      ; 1.596      ;
; 1.330  ; count[17] ; count[20] ; CLOCK_50     ; CLOCK_50    ; 0.000        ; 0.000      ; 1.596      ;
; 1.331  ; count[11] ; count[14] ; CLOCK_50     ; CLOCK_50    ; 0.000        ; 0.000      ; 1.597      ;
; 1.331  ; count[27] ; count[30] ; CLOCK_50     ; CLOCK_50    ; 0.000        ; 0.000      ; 1.597      ;
; 1.331  ; count[9]  ; count[12] ; CLOCK_50     ; CLOCK_50    ; 0.000        ; 0.000      ; 1.597      ;
; 1.331  ; count[25] ; count[28] ; CLOCK_50     ; CLOCK_50    ; 0.000        ; 0.000      ; 1.597      ;
; 1.331  ; count[2]  ; count[5]  ; CLOCK_50     ; CLOCK_50    ; 0.000        ; 0.000      ; 1.597      ;
; 1.331  ; count[18] ; count[21] ; CLOCK_50     ; CLOCK_50    ; 0.000        ; 0.000      ; 1.597      ;
; 1.331  ; count[4]  ; count[7]  ; CLOCK_50     ; CLOCK_50    ; 0.000        ; 0.000      ; 1.597      ;
; 1.331  ; count[20] ; count[23] ; CLOCK_50     ; CLOCK_50    ; 0.000        ; 0.000      ; 1.597      ;
; 1.339  ; count[14] ; count[16] ; CLOCK_50     ; CLOCK_50    ; 0.000        ; -0.004     ; 1.601      ;
; 1.352  ; count[7]  ; count[9]  ; CLOCK_50     ; CLOCK_50    ; 0.000        ; 0.000      ; 1.618      ;
+--------+-----------+-----------+--------------+-------------+--------------+------------+------------+


+-----------------------------------------------------------------------------------------------------------------------------------------------------------------------------------+
; Slow Model Hold: 'i_clk'                                                                                                                                                          ;
+-------+--------------------------------------------------+--------------------------------------------------+--------------+-------------+--------------+------------+------------+
; Slack ; From Node                                        ; To Node                                          ; Launch Clock ; Latch Clock ; Relationship ; Clock Skew ; Data Delay ;
+-------+--------------------------------------------------+--------------------------------------------------+--------------+-------------+--------------+------------+------------+
; 0.391 ; T_FF_UNIT                                        ; T_FF_UNIT                                        ; i_clk        ; i_clk       ; 0.000        ; 0.000      ; 0.657      ;
; 0.517 ; UART_SS_detect_edge:SSDE_ADD_SUB_UNIT|w_n_signal ; T_FF_UNIT                                        ; i_clk        ; i_clk       ; 0.000        ; 0.000      ; 0.783      ;
; 0.543 ; HEX_block:HEX_BLOCK_UNIT|w_hex_en_0              ; HEX_block:HEX_BLOCK_UNIT|w_hex_en_1              ; i_clk        ; i_clk       ; 0.000        ; 0.000      ; 0.809      ;
; 0.686 ; UART_SS_detect_edge:SSDE_ADD_SUB_UNIT|w_p_signal ; UART_SS_detect_edge:SSDE_ADD_SUB_UNIT|w_n_signal ; i_clk        ; i_clk       ; 0.000        ; 0.000      ; 0.952      ;
; 0.825 ; UART_SS_detect_edge:SSDE_ADD_SUB_UNIT|w_p_signal ; T_FF_UNIT                                        ; i_clk        ; i_clk       ; 0.000        ; 0.000      ; 1.091      ;
; 0.918 ; w_i_hex_en                                       ; HEX_block:HEX_BLOCK_UNIT|w_hex_en_0              ; i_clk        ; i_clk       ; 0.000        ; 0.000      ; 1.184      ;
; 0.928 ; UART_SS_detect_edge:SSDE_I_VALID_UNIT|w_n_signal ; w_i_hex_en                                       ; i_clk        ; i_clk       ; 0.000        ; 0.000      ; 1.194      ;
; 0.935 ; HEX_block:HEX_BLOCK_UNIT|w_hex_en_1              ; HEX_block:HEX_BLOCK_UNIT|o_hex_5[0]              ; i_clk        ; i_clk       ; 0.000        ; 0.000      ; 1.201      ;
; 0.935 ; HEX_block:HEX_BLOCK_UNIT|w_hex_en_1              ; HEX_block:HEX_BLOCK_UNIT|o_hex_5[1]              ; i_clk        ; i_clk       ; 0.000        ; 0.000      ; 1.201      ;
; 0.935 ; HEX_block:HEX_BLOCK_UNIT|w_hex_en_1              ; HEX_block:HEX_BLOCK_UNIT|o_hex_5[2]              ; i_clk        ; i_clk       ; 0.000        ; 0.000      ; 1.201      ;
; 0.935 ; HEX_block:HEX_BLOCK_UNIT|w_hex_en_1              ; HEX_block:HEX_BLOCK_UNIT|o_hex_5[3]              ; i_clk        ; i_clk       ; 0.000        ; 0.000      ; 1.201      ;
; 0.935 ; HEX_block:HEX_BLOCK_UNIT|w_hex_en_1              ; HEX_block:HEX_BLOCK_UNIT|o_hex_5[4]              ; i_clk        ; i_clk       ; 0.000        ; 0.000      ; 1.201      ;
; 0.935 ; HEX_block:HEX_BLOCK_UNIT|w_hex_en_1              ; HEX_block:HEX_BLOCK_UNIT|o_hex_5[5]              ; i_clk        ; i_clk       ; 0.000        ; 0.000      ; 1.201      ;
; 0.935 ; HEX_block:HEX_BLOCK_UNIT|w_hex_en_1              ; HEX_block:HEX_BLOCK_UNIT|o_hex_5[6]              ; i_clk        ; i_clk       ; 0.000        ; 0.000      ; 1.201      ;
; 1.089 ; UART_SS_detect_edge:SSDE_I_VALID_UNIT|w_p_signal ; UART_SS_detect_edge:SSDE_I_VALID_UNIT|w_n_signal ; i_clk        ; i_clk       ; 0.000        ; 0.000      ; 1.355      ;
; 1.128 ; HEX_block:HEX_BLOCK_UNIT|w_hex_en_1              ; HEX_block:HEX_BLOCK_UNIT|o_hex_4[0]              ; i_clk        ; i_clk       ; 0.000        ; 0.001      ; 1.395      ;
; 1.128 ; HEX_block:HEX_BLOCK_UNIT|w_hex_en_1              ; HEX_block:HEX_BLOCK_UNIT|o_hex_4[1]              ; i_clk        ; i_clk       ; 0.000        ; 0.001      ; 1.395      ;
; 1.128 ; HEX_block:HEX_BLOCK_UNIT|w_hex_en_1              ; HEX_block:HEX_BLOCK_UNIT|o_hex_4[2]              ; i_clk        ; i_clk       ; 0.000        ; 0.001      ; 1.395      ;
; 1.128 ; HEX_block:HEX_BLOCK_UNIT|w_hex_en_1              ; HEX_block:HEX_BLOCK_UNIT|o_hex_4[3]              ; i_clk        ; i_clk       ; 0.000        ; 0.001      ; 1.395      ;
; 1.128 ; HEX_block:HEX_BLOCK_UNIT|w_hex_en_1              ; HEX_block:HEX_BLOCK_UNIT|o_hex_4[4]              ; i_clk        ; i_clk       ; 0.000        ; 0.001      ; 1.395      ;
; 1.128 ; HEX_block:HEX_BLOCK_UNIT|w_hex_en_1              ; HEX_block:HEX_BLOCK_UNIT|o_hex_4[5]              ; i_clk        ; i_clk       ; 0.000        ; 0.001      ; 1.395      ;
; 1.128 ; HEX_block:HEX_BLOCK_UNIT|w_hex_en_1              ; HEX_block:HEX_BLOCK_UNIT|o_hex_4[6]              ; i_clk        ; i_clk       ; 0.000        ; 0.001      ; 1.395      ;
; 1.393 ; HEX_block:HEX_BLOCK_UNIT|w_hex_en_1              ; HEX_block:HEX_BLOCK_UNIT|o_hex_0[0]              ; i_clk        ; i_clk       ; 0.000        ; 0.008      ; 1.667      ;
; 1.393 ; HEX_block:HEX_BLOCK_UNIT|w_hex_en_1              ; HEX_block:HEX_BLOCK_UNIT|o_hex_0[1]              ; i_clk        ; i_clk       ; 0.000        ; 0.008      ; 1.667      ;
; 1.393 ; HEX_block:HEX_BLOCK_UNIT|w_hex_en_1              ; HEX_block:HEX_BLOCK_UNIT|o_hex_0[2]              ; i_clk        ; i_clk       ; 0.000        ; 0.008      ; 1.667      ;
; 1.393 ; HEX_block:HEX_BLOCK_UNIT|w_hex_en_1              ; HEX_block:HEX_BLOCK_UNIT|o_hex_0[3]              ; i_clk        ; i_clk       ; 0.000        ; 0.008      ; 1.667      ;
; 1.393 ; HEX_block:HEX_BLOCK_UNIT|w_hex_en_1              ; HEX_block:HEX_BLOCK_UNIT|o_hex_0[4]              ; i_clk        ; i_clk       ; 0.000        ; 0.008      ; 1.667      ;
; 1.393 ; HEX_block:HEX_BLOCK_UNIT|w_hex_en_1              ; HEX_block:HEX_BLOCK_UNIT|o_hex_0[5]              ; i_clk        ; i_clk       ; 0.000        ; 0.008      ; 1.667      ;
; 1.393 ; HEX_block:HEX_BLOCK_UNIT|w_hex_en_1              ; HEX_block:HEX_BLOCK_UNIT|o_hex_0[6]              ; i_clk        ; i_clk       ; 0.000        ; 0.008      ; 1.667      ;
; 1.593 ; HEX_block:HEX_BLOCK_UNIT|w_hex_en_1              ; HEX_block:HEX_BLOCK_UNIT|o_hex_3[0]              ; i_clk        ; i_clk       ; 0.000        ; 0.002      ; 1.861      ;
; 1.593 ; HEX_block:HEX_BLOCK_UNIT|w_hex_en_1              ; HEX_block:HEX_BLOCK_UNIT|o_hex_3[1]              ; i_clk        ; i_clk       ; 0.000        ; 0.002      ; 1.861      ;
; 1.593 ; HEX_block:HEX_BLOCK_UNIT|w_hex_en_1              ; HEX_block:HEX_BLOCK_UNIT|o_hex_3[2]              ; i_clk        ; i_clk       ; 0.000        ; 0.002      ; 1.861      ;
; 1.593 ; HEX_block:HEX_BLOCK_UNIT|w_hex_en_1              ; HEX_block:HEX_BLOCK_UNIT|o_hex_3[3]              ; i_clk        ; i_clk       ; 0.000        ; 0.002      ; 1.861      ;
; 1.593 ; HEX_block:HEX_BLOCK_UNIT|w_hex_en_1              ; HEX_block:HEX_BLOCK_UNIT|o_hex_3[4]              ; i_clk        ; i_clk       ; 0.000        ; 0.002      ; 1.861      ;
; 1.593 ; HEX_block:HEX_BLOCK_UNIT|w_hex_en_1              ; HEX_block:HEX_BLOCK_UNIT|o_hex_3[5]              ; i_clk        ; i_clk       ; 0.000        ; 0.002      ; 1.861      ;
; 1.593 ; HEX_block:HEX_BLOCK_UNIT|w_hex_en_1              ; HEX_block:HEX_BLOCK_UNIT|o_hex_3[6]              ; i_clk        ; i_clk       ; 0.000        ; 0.002      ; 1.861      ;
; 1.649 ; HEX_block:HEX_BLOCK_UNIT|w_hex_en_1              ; HEX_block:HEX_BLOCK_UNIT|o_hex_6[0]              ; i_clk        ; i_clk       ; 0.000        ; -0.005     ; 1.910      ;
; 1.649 ; HEX_block:HEX_BLOCK_UNIT|w_hex_en_1              ; HEX_block:HEX_BLOCK_UNIT|o_hex_6[1]              ; i_clk        ; i_clk       ; 0.000        ; -0.005     ; 1.910      ;
; 1.649 ; HEX_block:HEX_BLOCK_UNIT|w_hex_en_1              ; HEX_block:HEX_BLOCK_UNIT|o_hex_6[2]              ; i_clk        ; i_clk       ; 0.000        ; -0.005     ; 1.910      ;
; 1.649 ; HEX_block:HEX_BLOCK_UNIT|w_hex_en_1              ; HEX_block:HEX_BLOCK_UNIT|o_hex_6[3]              ; i_clk        ; i_clk       ; 0.000        ; -0.005     ; 1.910      ;
; 1.649 ; HEX_block:HEX_BLOCK_UNIT|w_hex_en_1              ; HEX_block:HEX_BLOCK_UNIT|o_hex_6[4]              ; i_clk        ; i_clk       ; 0.000        ; -0.005     ; 1.910      ;
; 1.649 ; HEX_block:HEX_BLOCK_UNIT|w_hex_en_1              ; HEX_block:HEX_BLOCK_UNIT|o_hex_6[5]              ; i_clk        ; i_clk       ; 0.000        ; -0.005     ; 1.910      ;
; 1.649 ; HEX_block:HEX_BLOCK_UNIT|w_hex_en_1              ; HEX_block:HEX_BLOCK_UNIT|o_hex_6[6]              ; i_clk        ; i_clk       ; 0.000        ; -0.005     ; 1.910      ;
; 1.650 ; HEX_block:HEX_BLOCK_UNIT|w_hex_en_1              ; HEX_block:HEX_BLOCK_UNIT|o_hex_1[0]              ; i_clk        ; i_clk       ; 0.000        ; 0.005      ; 1.921      ;
; 1.650 ; HEX_block:HEX_BLOCK_UNIT|w_hex_en_1              ; HEX_block:HEX_BLOCK_UNIT|o_hex_1[1]              ; i_clk        ; i_clk       ; 0.000        ; 0.005      ; 1.921      ;
; 1.650 ; HEX_block:HEX_BLOCK_UNIT|w_hex_en_1              ; HEX_block:HEX_BLOCK_UNIT|o_hex_1[2]              ; i_clk        ; i_clk       ; 0.000        ; 0.005      ; 1.921      ;
; 1.650 ; HEX_block:HEX_BLOCK_UNIT|w_hex_en_1              ; HEX_block:HEX_BLOCK_UNIT|o_hex_1[3]              ; i_clk        ; i_clk       ; 0.000        ; 0.005      ; 1.921      ;
; 1.650 ; HEX_block:HEX_BLOCK_UNIT|w_hex_en_1              ; HEX_block:HEX_BLOCK_UNIT|o_hex_1[4]              ; i_clk        ; i_clk       ; 0.000        ; 0.005      ; 1.921      ;
; 1.650 ; HEX_block:HEX_BLOCK_UNIT|w_hex_en_1              ; HEX_block:HEX_BLOCK_UNIT|o_hex_1[5]              ; i_clk        ; i_clk       ; 0.000        ; 0.005      ; 1.921      ;
; 1.650 ; HEX_block:HEX_BLOCK_UNIT|w_hex_en_1              ; HEX_block:HEX_BLOCK_UNIT|o_hex_1[6]              ; i_clk        ; i_clk       ; 0.000        ; 0.005      ; 1.921      ;
; 1.671 ; HEX_block:HEX_BLOCK_UNIT|w_hex_en_1              ; HEX_block:HEX_BLOCK_UNIT|o_hex_2[0]              ; i_clk        ; i_clk       ; 0.000        ; 0.006      ; 1.943      ;
; 1.671 ; HEX_block:HEX_BLOCK_UNIT|w_hex_en_1              ; HEX_block:HEX_BLOCK_UNIT|o_hex_2[1]              ; i_clk        ; i_clk       ; 0.000        ; 0.006      ; 1.943      ;
; 1.671 ; HEX_block:HEX_BLOCK_UNIT|w_hex_en_1              ; HEX_block:HEX_BLOCK_UNIT|o_hex_2[2]              ; i_clk        ; i_clk       ; 0.000        ; 0.006      ; 1.943      ;
; 1.671 ; HEX_block:HEX_BLOCK_UNIT|w_hex_en_1              ; HEX_block:HEX_BLOCK_UNIT|o_hex_2[3]              ; i_clk        ; i_clk       ; 0.000        ; 0.006      ; 1.943      ;
; 1.671 ; HEX_block:HEX_BLOCK_UNIT|w_hex_en_1              ; HEX_block:HEX_BLOCK_UNIT|o_hex_2[4]              ; i_clk        ; i_clk       ; 0.000        ; 0.006      ; 1.943      ;
; 1.671 ; HEX_block:HEX_BLOCK_UNIT|w_hex_en_1              ; HEX_block:HEX_BLOCK_UNIT|o_hex_2[5]              ; i_clk        ; i_clk       ; 0.000        ; 0.006      ; 1.943      ;
; 1.671 ; HEX_block:HEX_BLOCK_UNIT|w_hex_en_1              ; HEX_block:HEX_BLOCK_UNIT|o_hex_2[6]              ; i_clk        ; i_clk       ; 0.000        ; 0.006      ; 1.943      ;
; 1.686 ; HEX_block:HEX_BLOCK_UNIT|w_hex_en_1              ; HEX_block:HEX_BLOCK_UNIT|o_hex_7[0]              ; i_clk        ; i_clk       ; 0.000        ; -0.019     ; 1.933      ;
; 1.686 ; HEX_block:HEX_BLOCK_UNIT|w_hex_en_1              ; HEX_block:HEX_BLOCK_UNIT|o_hex_7[1]              ; i_clk        ; i_clk       ; 0.000        ; -0.019     ; 1.933      ;
; 1.686 ; HEX_block:HEX_BLOCK_UNIT|w_hex_en_1              ; HEX_block:HEX_BLOCK_UNIT|o_hex_7[2]              ; i_clk        ; i_clk       ; 0.000        ; -0.019     ; 1.933      ;
; 1.686 ; HEX_block:HEX_BLOCK_UNIT|w_hex_en_1              ; HEX_block:HEX_BLOCK_UNIT|o_hex_7[3]              ; i_clk        ; i_clk       ; 0.000        ; -0.019     ; 1.933      ;
; 1.686 ; HEX_block:HEX_BLOCK_UNIT|w_hex_en_1              ; HEX_block:HEX_BLOCK_UNIT|o_hex_7[4]              ; i_clk        ; i_clk       ; 0.000        ; -0.019     ; 1.933      ;
; 1.686 ; HEX_block:HEX_BLOCK_UNIT|w_hex_en_1              ; HEX_block:HEX_BLOCK_UNIT|o_hex_7[5]              ; i_clk        ; i_clk       ; 0.000        ; -0.019     ; 1.933      ;
; 1.686 ; HEX_block:HEX_BLOCK_UNIT|w_hex_en_1              ; HEX_block:HEX_BLOCK_UNIT|o_hex_7[6]              ; i_clk        ; i_clk       ; 0.000        ; -0.019     ; 1.933      ;
; 1.754 ; UART_SS_detect_edge:SSDE_I_VALID_UNIT|w_p_signal ; w_i_hex_en                                       ; i_clk        ; i_clk       ; 0.000        ; 0.000      ; 2.020      ;
; 1.858 ; UART_SS_detect_edge:SSDE_I_VALID_UNIT|w_n_signal ; w_i_data[8]                                      ; i_clk        ; i_clk       ; 0.000        ; 0.003      ; 2.127      ;
; 1.858 ; UART_SS_detect_edge:SSDE_I_VALID_UNIT|w_n_signal ; w_i_data[9]                                      ; i_clk        ; i_clk       ; 0.000        ; 0.003      ; 2.127      ;
; 1.858 ; UART_SS_detect_edge:SSDE_I_VALID_UNIT|w_n_signal ; w_i_data[10]                                     ; i_clk        ; i_clk       ; 0.000        ; 0.003      ; 2.127      ;
; 1.858 ; UART_SS_detect_edge:SSDE_I_VALID_UNIT|w_n_signal ; w_i_data[11]                                     ; i_clk        ; i_clk       ; 0.000        ; 0.003      ; 2.127      ;
; 1.858 ; UART_SS_detect_edge:SSDE_I_VALID_UNIT|w_n_signal ; w_i_data[12]                                     ; i_clk        ; i_clk       ; 0.000        ; 0.003      ; 2.127      ;
; 1.858 ; UART_SS_detect_edge:SSDE_I_VALID_UNIT|w_n_signal ; w_i_data[13]                                     ; i_clk        ; i_clk       ; 0.000        ; 0.003      ; 2.127      ;
; 1.858 ; UART_SS_detect_edge:SSDE_I_VALID_UNIT|w_n_signal ; w_i_data[14]                                     ; i_clk        ; i_clk       ; 0.000        ; 0.003      ; 2.127      ;
; 1.858 ; UART_SS_detect_edge:SSDE_I_VALID_UNIT|w_n_signal ; w_i_data[15]                                     ; i_clk        ; i_clk       ; 0.000        ; 0.003      ; 2.127      ;
; 2.379 ; UART_SS_detect_edge:SSDE_I_VALID_UNIT|w_n_signal ; w_i_data[0]                                      ; i_clk        ; i_clk       ; 0.000        ; 0.010      ; 2.655      ;
; 2.428 ; UART_SS_detect_edge:SSDE_I_VALID_UNIT|w_n_signal ; w_i_data[1]                                      ; i_clk        ; i_clk       ; 0.000        ; 0.010      ; 2.704      ;
; 2.428 ; UART_SS_detect_edge:SSDE_I_VALID_UNIT|w_n_signal ; w_i_data[2]                                      ; i_clk        ; i_clk       ; 0.000        ; 0.010      ; 2.704      ;
; 2.428 ; UART_SS_detect_edge:SSDE_I_VALID_UNIT|w_n_signal ; w_i_data[3]                                      ; i_clk        ; i_clk       ; 0.000        ; 0.010      ; 2.704      ;
; 2.428 ; UART_SS_detect_edge:SSDE_I_VALID_UNIT|w_n_signal ; w_i_data[4]                                      ; i_clk        ; i_clk       ; 0.000        ; 0.010      ; 2.704      ;
; 2.428 ; UART_SS_detect_edge:SSDE_I_VALID_UNIT|w_n_signal ; w_i_data[7]                                      ; i_clk        ; i_clk       ; 0.000        ; 0.010      ; 2.704      ;
; 2.484 ; T_FF_UNIT                                        ; HEX_block:HEX_BLOCK_UNIT|o_hex_7[3]              ; i_clk        ; i_clk       ; 0.000        ; -0.010     ; 2.740      ;
; 2.484 ; T_FF_UNIT                                        ; HEX_block:HEX_BLOCK_UNIT|o_hex_7[5]              ; i_clk        ; i_clk       ; 0.000        ; -0.010     ; 2.740      ;
; 2.485 ; T_FF_UNIT                                        ; HEX_block:HEX_BLOCK_UNIT|o_hex_7[6]              ; i_clk        ; i_clk       ; 0.000        ; -0.010     ; 2.741      ;
; 2.487 ; T_FF_UNIT                                        ; HEX_block:HEX_BLOCK_UNIT|o_hex_7[4]              ; i_clk        ; i_clk       ; 0.000        ; -0.010     ; 2.743      ;
; 2.492 ; T_FF_UNIT                                        ; HEX_block:HEX_BLOCK_UNIT|o_hex_7[0]              ; i_clk        ; i_clk       ; 0.000        ; -0.010     ; 2.748      ;
; 2.492 ; T_FF_UNIT                                        ; HEX_block:HEX_BLOCK_UNIT|o_hex_7[1]              ; i_clk        ; i_clk       ; 0.000        ; -0.010     ; 2.748      ;
; 2.493 ; T_FF_UNIT                                        ; HEX_block:HEX_BLOCK_UNIT|o_hex_7[2]              ; i_clk        ; i_clk       ; 0.000        ; -0.010     ; 2.749      ;
; 2.684 ; UART_SS_detect_edge:SSDE_I_VALID_UNIT|w_p_signal ; w_i_data[8]                                      ; i_clk        ; i_clk       ; 0.000        ; 0.003      ; 2.953      ;
; 2.684 ; UART_SS_detect_edge:SSDE_I_VALID_UNIT|w_p_signal ; w_i_data[9]                                      ; i_clk        ; i_clk       ; 0.000        ; 0.003      ; 2.953      ;
; 2.684 ; UART_SS_detect_edge:SSDE_I_VALID_UNIT|w_p_signal ; w_i_data[10]                                     ; i_clk        ; i_clk       ; 0.000        ; 0.003      ; 2.953      ;
; 2.684 ; UART_SS_detect_edge:SSDE_I_VALID_UNIT|w_p_signal ; w_i_data[11]                                     ; i_clk        ; i_clk       ; 0.000        ; 0.003      ; 2.953      ;
; 2.684 ; UART_SS_detect_edge:SSDE_I_VALID_UNIT|w_p_signal ; w_i_data[12]                                     ; i_clk        ; i_clk       ; 0.000        ; 0.003      ; 2.953      ;
; 2.684 ; UART_SS_detect_edge:SSDE_I_VALID_UNIT|w_p_signal ; w_i_data[13]                                     ; i_clk        ; i_clk       ; 0.000        ; 0.003      ; 2.953      ;
; 2.684 ; UART_SS_detect_edge:SSDE_I_VALID_UNIT|w_p_signal ; w_i_data[14]                                     ; i_clk        ; i_clk       ; 0.000        ; 0.003      ; 2.953      ;
; 2.684 ; UART_SS_detect_edge:SSDE_I_VALID_UNIT|w_p_signal ; w_i_data[15]                                     ; i_clk        ; i_clk       ; 0.000        ; 0.003      ; 2.953      ;
; 2.765 ; w_i_data[16]                                     ; HEX_block:HEX_BLOCK_UNIT|o_hex_7[3]              ; i_clk        ; i_clk       ; 0.000        ; -0.010     ; 3.021      ;
; 2.765 ; w_i_data[16]                                     ; HEX_block:HEX_BLOCK_UNIT|o_hex_7[5]              ; i_clk        ; i_clk       ; 0.000        ; -0.010     ; 3.021      ;
; 2.766 ; w_i_data[16]                                     ; HEX_block:HEX_BLOCK_UNIT|o_hex_7[6]              ; i_clk        ; i_clk       ; 0.000        ; -0.010     ; 3.022      ;
; 2.768 ; UART_SS_detect_edge:SSDE_I_VALID_UNIT|w_n_signal ; w_i_data[6]                                      ; i_clk        ; i_clk       ; 0.000        ; 0.007      ; 3.041      ;
; 2.768 ; w_i_data[16]                                     ; HEX_block:HEX_BLOCK_UNIT|o_hex_7[4]              ; i_clk        ; i_clk       ; 0.000        ; -0.010     ; 3.024      ;
; 2.773 ; w_i_data[16]                                     ; HEX_block:HEX_BLOCK_UNIT|o_hex_7[0]              ; i_clk        ; i_clk       ; 0.000        ; -0.010     ; 3.029      ;
+-------+--------------------------------------------------+--------------------------------------------------+--------------+-------------+--------------+------------+------------+


+---------------------------------------------------------------------------------------------------------------+
; Slow Model Minimum Pulse Width: 'CLOCK_50'                                                                    ;
+--------+--------------+----------------+------------------+----------+------------+---------------------------+
; Slack  ; Actual Width ; Required Width ; Type             ; Clock    ; Clock Edge ; Target                    ;
+--------+--------------+----------------+------------------+----------+------------+---------------------------+
; -1.380 ; 1.000        ; 2.380          ; Port Rate        ; CLOCK_50 ; Rise       ; CLOCK_50                  ;
; -0.500 ; 0.500        ; 1.000          ; High Pulse Width ; CLOCK_50 ; Rise       ; count[0]                  ;
; -0.500 ; 0.500        ; 1.000          ; Low Pulse Width  ; CLOCK_50 ; Rise       ; count[0]                  ;
; -0.500 ; 0.500        ; 1.000          ; High Pulse Width ; CLOCK_50 ; Rise       ; count[10]                 ;
; -0.500 ; 0.500        ; 1.000          ; Low Pulse Width  ; CLOCK_50 ; Rise       ; count[10]                 ;
; -0.500 ; 0.500        ; 1.000          ; High Pulse Width ; CLOCK_50 ; Rise       ; count[11]                 ;
; -0.500 ; 0.500        ; 1.000          ; Low Pulse Width  ; CLOCK_50 ; Rise       ; count[11]                 ;
; -0.500 ; 0.500        ; 1.000          ; High Pulse Width ; CLOCK_50 ; Rise       ; count[12]                 ;
; -0.500 ; 0.500        ; 1.000          ; Low Pulse Width  ; CLOCK_50 ; Rise       ; count[12]                 ;
; -0.500 ; 0.500        ; 1.000          ; High Pulse Width ; CLOCK_50 ; Rise       ; count[13]                 ;
; -0.500 ; 0.500        ; 1.000          ; Low Pulse Width  ; CLOCK_50 ; Rise       ; count[13]                 ;
; -0.500 ; 0.500        ; 1.000          ; High Pulse Width ; CLOCK_50 ; Rise       ; count[14]                 ;
; -0.500 ; 0.500        ; 1.000          ; Low Pulse Width  ; CLOCK_50 ; Rise       ; count[14]                 ;
; -0.500 ; 0.500        ; 1.000          ; High Pulse Width ; CLOCK_50 ; Rise       ; count[15]                 ;
; -0.500 ; 0.500        ; 1.000          ; Low Pulse Width  ; CLOCK_50 ; Rise       ; count[15]                 ;
; -0.500 ; 0.500        ; 1.000          ; High Pulse Width ; CLOCK_50 ; Rise       ; count[16]                 ;
; -0.500 ; 0.500        ; 1.000          ; Low Pulse Width  ; CLOCK_50 ; Rise       ; count[16]                 ;
; -0.500 ; 0.500        ; 1.000          ; High Pulse Width ; CLOCK_50 ; Rise       ; count[17]                 ;
; -0.500 ; 0.500        ; 1.000          ; Low Pulse Width  ; CLOCK_50 ; Rise       ; count[17]                 ;
; -0.500 ; 0.500        ; 1.000          ; High Pulse Width ; CLOCK_50 ; Rise       ; count[18]                 ;
; -0.500 ; 0.500        ; 1.000          ; Low Pulse Width  ; CLOCK_50 ; Rise       ; count[18]                 ;
; -0.500 ; 0.500        ; 1.000          ; High Pulse Width ; CLOCK_50 ; Rise       ; count[19]                 ;
; -0.500 ; 0.500        ; 1.000          ; Low Pulse Width  ; CLOCK_50 ; Rise       ; count[19]                 ;
; -0.500 ; 0.500        ; 1.000          ; High Pulse Width ; CLOCK_50 ; Rise       ; count[1]                  ;
; -0.500 ; 0.500        ; 1.000          ; Low Pulse Width  ; CLOCK_50 ; Rise       ; count[1]                  ;
; -0.500 ; 0.500        ; 1.000          ; High Pulse Width ; CLOCK_50 ; Rise       ; count[20]                 ;
; -0.500 ; 0.500        ; 1.000          ; Low Pulse Width  ; CLOCK_50 ; Rise       ; count[20]                 ;
; -0.500 ; 0.500        ; 1.000          ; High Pulse Width ; CLOCK_50 ; Rise       ; count[21]                 ;
; -0.500 ; 0.500        ; 1.000          ; Low Pulse Width  ; CLOCK_50 ; Rise       ; count[21]                 ;
; -0.500 ; 0.500        ; 1.000          ; High Pulse Width ; CLOCK_50 ; Rise       ; count[22]                 ;
; -0.500 ; 0.500        ; 1.000          ; Low Pulse Width  ; CLOCK_50 ; Rise       ; count[22]                 ;
; -0.500 ; 0.500        ; 1.000          ; High Pulse Width ; CLOCK_50 ; Rise       ; count[23]                 ;
; -0.500 ; 0.500        ; 1.000          ; Low Pulse Width  ; CLOCK_50 ; Rise       ; count[23]                 ;
; -0.500 ; 0.500        ; 1.000          ; High Pulse Width ; CLOCK_50 ; Rise       ; count[24]                 ;
; -0.500 ; 0.500        ; 1.000          ; Low Pulse Width  ; CLOCK_50 ; Rise       ; count[24]                 ;
; -0.500 ; 0.500        ; 1.000          ; High Pulse Width ; CLOCK_50 ; Rise       ; count[25]                 ;
; -0.500 ; 0.500        ; 1.000          ; Low Pulse Width  ; CLOCK_50 ; Rise       ; count[25]                 ;
; -0.500 ; 0.500        ; 1.000          ; High Pulse Width ; CLOCK_50 ; Rise       ; count[26]                 ;
; -0.500 ; 0.500        ; 1.000          ; Low Pulse Width  ; CLOCK_50 ; Rise       ; count[26]                 ;
; -0.500 ; 0.500        ; 1.000          ; High Pulse Width ; CLOCK_50 ; Rise       ; count[27]                 ;
; -0.500 ; 0.500        ; 1.000          ; Low Pulse Width  ; CLOCK_50 ; Rise       ; count[27]                 ;
; -0.500 ; 0.500        ; 1.000          ; High Pulse Width ; CLOCK_50 ; Rise       ; count[28]                 ;
; -0.500 ; 0.500        ; 1.000          ; Low Pulse Width  ; CLOCK_50 ; Rise       ; count[28]                 ;
; -0.500 ; 0.500        ; 1.000          ; High Pulse Width ; CLOCK_50 ; Rise       ; count[29]                 ;
; -0.500 ; 0.500        ; 1.000          ; Low Pulse Width  ; CLOCK_50 ; Rise       ; count[29]                 ;
; -0.500 ; 0.500        ; 1.000          ; High Pulse Width ; CLOCK_50 ; Rise       ; count[2]                  ;
; -0.500 ; 0.500        ; 1.000          ; Low Pulse Width  ; CLOCK_50 ; Rise       ; count[2]                  ;
; -0.500 ; 0.500        ; 1.000          ; High Pulse Width ; CLOCK_50 ; Rise       ; count[30]                 ;
; -0.500 ; 0.500        ; 1.000          ; Low Pulse Width  ; CLOCK_50 ; Rise       ; count[30]                 ;
; -0.500 ; 0.500        ; 1.000          ; High Pulse Width ; CLOCK_50 ; Rise       ; count[31]                 ;
; -0.500 ; 0.500        ; 1.000          ; Low Pulse Width  ; CLOCK_50 ; Rise       ; count[31]                 ;
; -0.500 ; 0.500        ; 1.000          ; High Pulse Width ; CLOCK_50 ; Rise       ; count[3]                  ;
; -0.500 ; 0.500        ; 1.000          ; Low Pulse Width  ; CLOCK_50 ; Rise       ; count[3]                  ;
; -0.500 ; 0.500        ; 1.000          ; High Pulse Width ; CLOCK_50 ; Rise       ; count[4]                  ;
; -0.500 ; 0.500        ; 1.000          ; Low Pulse Width  ; CLOCK_50 ; Rise       ; count[4]                  ;
; -0.500 ; 0.500        ; 1.000          ; High Pulse Width ; CLOCK_50 ; Rise       ; count[5]                  ;
; -0.500 ; 0.500        ; 1.000          ; Low Pulse Width  ; CLOCK_50 ; Rise       ; count[5]                  ;
; -0.500 ; 0.500        ; 1.000          ; High Pulse Width ; CLOCK_50 ; Rise       ; count[6]                  ;
; -0.500 ; 0.500        ; 1.000          ; Low Pulse Width  ; CLOCK_50 ; Rise       ; count[6]                  ;
; -0.500 ; 0.500        ; 1.000          ; High Pulse Width ; CLOCK_50 ; Rise       ; count[7]                  ;
; -0.500 ; 0.500        ; 1.000          ; Low Pulse Width  ; CLOCK_50 ; Rise       ; count[7]                  ;
; -0.500 ; 0.500        ; 1.000          ; High Pulse Width ; CLOCK_50 ; Rise       ; count[8]                  ;
; -0.500 ; 0.500        ; 1.000          ; Low Pulse Width  ; CLOCK_50 ; Rise       ; count[8]                  ;
; -0.500 ; 0.500        ; 1.000          ; High Pulse Width ; CLOCK_50 ; Rise       ; count[9]                  ;
; -0.500 ; 0.500        ; 1.000          ; Low Pulse Width  ; CLOCK_50 ; Rise       ; count[9]                  ;
; -0.500 ; 0.500        ; 1.000          ; High Pulse Width ; CLOCK_50 ; Rise       ; i_clk                     ;
; -0.500 ; 0.500        ; 1.000          ; Low Pulse Width  ; CLOCK_50 ; Rise       ; i_clk                     ;
; 0.500  ; 0.500        ; 0.000          ; High Pulse Width ; CLOCK_50 ; Rise       ; CLOCK_50|combout          ;
; 0.500  ; 0.500        ; 0.000          ; Low Pulse Width  ; CLOCK_50 ; Rise       ; CLOCK_50|combout          ;
; 0.500  ; 0.500        ; 0.000          ; High Pulse Width ; CLOCK_50 ; Rise       ; CLOCK_50~clkctrl|inclk[0] ;
; 0.500  ; 0.500        ; 0.000          ; Low Pulse Width  ; CLOCK_50 ; Rise       ; CLOCK_50~clkctrl|inclk[0] ;
; 0.500  ; 0.500        ; 0.000          ; High Pulse Width ; CLOCK_50 ; Rise       ; CLOCK_50~clkctrl|outclk   ;
; 0.500  ; 0.500        ; 0.000          ; Low Pulse Width  ; CLOCK_50 ; Rise       ; CLOCK_50~clkctrl|outclk   ;
; 0.500  ; 0.500        ; 0.000          ; High Pulse Width ; CLOCK_50 ; Rise       ; count[0]|clk              ;
; 0.500  ; 0.500        ; 0.000          ; Low Pulse Width  ; CLOCK_50 ; Rise       ; count[0]|clk              ;
; 0.500  ; 0.500        ; 0.000          ; High Pulse Width ; CLOCK_50 ; Rise       ; count[10]|clk             ;
; 0.500  ; 0.500        ; 0.000          ; Low Pulse Width  ; CLOCK_50 ; Rise       ; count[10]|clk             ;
; 0.500  ; 0.500        ; 0.000          ; High Pulse Width ; CLOCK_50 ; Rise       ; count[11]|clk             ;
; 0.500  ; 0.500        ; 0.000          ; Low Pulse Width  ; CLOCK_50 ; Rise       ; count[11]|clk             ;
; 0.500  ; 0.500        ; 0.000          ; High Pulse Width ; CLOCK_50 ; Rise       ; count[12]|clk             ;
; 0.500  ; 0.500        ; 0.000          ; Low Pulse Width  ; CLOCK_50 ; Rise       ; count[12]|clk             ;
; 0.500  ; 0.500        ; 0.000          ; High Pulse Width ; CLOCK_50 ; Rise       ; count[13]|clk             ;
; 0.500  ; 0.500        ; 0.000          ; Low Pulse Width  ; CLOCK_50 ; Rise       ; count[13]|clk             ;
; 0.500  ; 0.500        ; 0.000          ; High Pulse Width ; CLOCK_50 ; Rise       ; count[14]|clk             ;
; 0.500  ; 0.500        ; 0.000          ; Low Pulse Width  ; CLOCK_50 ; Rise       ; count[14]|clk             ;
; 0.500  ; 0.500        ; 0.000          ; High Pulse Width ; CLOCK_50 ; Rise       ; count[15]|clk             ;
; 0.500  ; 0.500        ; 0.000          ; Low Pulse Width  ; CLOCK_50 ; Rise       ; count[15]|clk             ;
; 0.500  ; 0.500        ; 0.000          ; High Pulse Width ; CLOCK_50 ; Rise       ; count[16]|clk             ;
; 0.500  ; 0.500        ; 0.000          ; Low Pulse Width  ; CLOCK_50 ; Rise       ; count[16]|clk             ;
; 0.500  ; 0.500        ; 0.000          ; High Pulse Width ; CLOCK_50 ; Rise       ; count[17]|clk             ;
; 0.500  ; 0.500        ; 0.000          ; Low Pulse Width  ; CLOCK_50 ; Rise       ; count[17]|clk             ;
; 0.500  ; 0.500        ; 0.000          ; High Pulse Width ; CLOCK_50 ; Rise       ; count[18]|clk             ;
; 0.500  ; 0.500        ; 0.000          ; Low Pulse Width  ; CLOCK_50 ; Rise       ; count[18]|clk             ;
; 0.500  ; 0.500        ; 0.000          ; High Pulse Width ; CLOCK_50 ; Rise       ; count[19]|clk             ;
; 0.500  ; 0.500        ; 0.000          ; Low Pulse Width  ; CLOCK_50 ; Rise       ; count[19]|clk             ;
; 0.500  ; 0.500        ; 0.000          ; High Pulse Width ; CLOCK_50 ; Rise       ; count[1]|clk              ;
; 0.500  ; 0.500        ; 0.000          ; Low Pulse Width  ; CLOCK_50 ; Rise       ; count[1]|clk              ;
; 0.500  ; 0.500        ; 0.000          ; High Pulse Width ; CLOCK_50 ; Rise       ; count[20]|clk             ;
; 0.500  ; 0.500        ; 0.000          ; Low Pulse Width  ; CLOCK_50 ; Rise       ; count[20]|clk             ;
; 0.500  ; 0.500        ; 0.000          ; High Pulse Width ; CLOCK_50 ; Rise       ; count[21]|clk             ;
+--------+--------------+----------------+------------------+----------+------------+---------------------------+


+----------------------------------------------------------------------------------------------------------------------+
; Slow Model Minimum Pulse Width: 'i_clk'                                                                              ;
+--------+--------------+----------------+------------------+-------+------------+-------------------------------------+
; Slack  ; Actual Width ; Required Width ; Type             ; Clock ; Clock Edge ; Target                              ;
+--------+--------------+----------------+------------------+-------+------------+-------------------------------------+
; -0.500 ; 0.500        ; 1.000          ; High Pulse Width ; i_clk ; Rise       ; HEX_block:HEX_BLOCK_UNIT|o_hex_0[0] ;
; -0.500 ; 0.500        ; 1.000          ; Low Pulse Width  ; i_clk ; Rise       ; HEX_block:HEX_BLOCK_UNIT|o_hex_0[0] ;
; -0.500 ; 0.500        ; 1.000          ; High Pulse Width ; i_clk ; Rise       ; HEX_block:HEX_BLOCK_UNIT|o_hex_0[1] ;
; -0.500 ; 0.500        ; 1.000          ; Low Pulse Width  ; i_clk ; Rise       ; HEX_block:HEX_BLOCK_UNIT|o_hex_0[1] ;
; -0.500 ; 0.500        ; 1.000          ; High Pulse Width ; i_clk ; Rise       ; HEX_block:HEX_BLOCK_UNIT|o_hex_0[2] ;
; -0.500 ; 0.500        ; 1.000          ; Low Pulse Width  ; i_clk ; Rise       ; HEX_block:HEX_BLOCK_UNIT|o_hex_0[2] ;
; -0.500 ; 0.500        ; 1.000          ; High Pulse Width ; i_clk ; Rise       ; HEX_block:HEX_BLOCK_UNIT|o_hex_0[3] ;
; -0.500 ; 0.500        ; 1.000          ; Low Pulse Width  ; i_clk ; Rise       ; HEX_block:HEX_BLOCK_UNIT|o_hex_0[3] ;
; -0.500 ; 0.500        ; 1.000          ; High Pulse Width ; i_clk ; Rise       ; HEX_block:HEX_BLOCK_UNIT|o_hex_0[4] ;
; -0.500 ; 0.500        ; 1.000          ; Low Pulse Width  ; i_clk ; Rise       ; HEX_block:HEX_BLOCK_UNIT|o_hex_0[4] ;
; -0.500 ; 0.500        ; 1.000          ; High Pulse Width ; i_clk ; Rise       ; HEX_block:HEX_BLOCK_UNIT|o_hex_0[5] ;
; -0.500 ; 0.500        ; 1.000          ; Low Pulse Width  ; i_clk ; Rise       ; HEX_block:HEX_BLOCK_UNIT|o_hex_0[5] ;
; -0.500 ; 0.500        ; 1.000          ; High Pulse Width ; i_clk ; Rise       ; HEX_block:HEX_BLOCK_UNIT|o_hex_0[6] ;
; -0.500 ; 0.500        ; 1.000          ; Low Pulse Width  ; i_clk ; Rise       ; HEX_block:HEX_BLOCK_UNIT|o_hex_0[6] ;
; -0.500 ; 0.500        ; 1.000          ; High Pulse Width ; i_clk ; Rise       ; HEX_block:HEX_BLOCK_UNIT|o_hex_1[0] ;
; -0.500 ; 0.500        ; 1.000          ; Low Pulse Width  ; i_clk ; Rise       ; HEX_block:HEX_BLOCK_UNIT|o_hex_1[0] ;
; -0.500 ; 0.500        ; 1.000          ; High Pulse Width ; i_clk ; Rise       ; HEX_block:HEX_BLOCK_UNIT|o_hex_1[1] ;
; -0.500 ; 0.500        ; 1.000          ; Low Pulse Width  ; i_clk ; Rise       ; HEX_block:HEX_BLOCK_UNIT|o_hex_1[1] ;
; -0.500 ; 0.500        ; 1.000          ; High Pulse Width ; i_clk ; Rise       ; HEX_block:HEX_BLOCK_UNIT|o_hex_1[2] ;
; -0.500 ; 0.500        ; 1.000          ; Low Pulse Width  ; i_clk ; Rise       ; HEX_block:HEX_BLOCK_UNIT|o_hex_1[2] ;
; -0.500 ; 0.500        ; 1.000          ; High Pulse Width ; i_clk ; Rise       ; HEX_block:HEX_BLOCK_UNIT|o_hex_1[3] ;
; -0.500 ; 0.500        ; 1.000          ; Low Pulse Width  ; i_clk ; Rise       ; HEX_block:HEX_BLOCK_UNIT|o_hex_1[3] ;
; -0.500 ; 0.500        ; 1.000          ; High Pulse Width ; i_clk ; Rise       ; HEX_block:HEX_BLOCK_UNIT|o_hex_1[4] ;
; -0.500 ; 0.500        ; 1.000          ; Low Pulse Width  ; i_clk ; Rise       ; HEX_block:HEX_BLOCK_UNIT|o_hex_1[4] ;
; -0.500 ; 0.500        ; 1.000          ; High Pulse Width ; i_clk ; Rise       ; HEX_block:HEX_BLOCK_UNIT|o_hex_1[5] ;
; -0.500 ; 0.500        ; 1.000          ; Low Pulse Width  ; i_clk ; Rise       ; HEX_block:HEX_BLOCK_UNIT|o_hex_1[5] ;
; -0.500 ; 0.500        ; 1.000          ; High Pulse Width ; i_clk ; Rise       ; HEX_block:HEX_BLOCK_UNIT|o_hex_1[6] ;
; -0.500 ; 0.500        ; 1.000          ; Low Pulse Width  ; i_clk ; Rise       ; HEX_block:HEX_BLOCK_UNIT|o_hex_1[6] ;
; -0.500 ; 0.500        ; 1.000          ; High Pulse Width ; i_clk ; Rise       ; HEX_block:HEX_BLOCK_UNIT|o_hex_2[0] ;
; -0.500 ; 0.500        ; 1.000          ; Low Pulse Width  ; i_clk ; Rise       ; HEX_block:HEX_BLOCK_UNIT|o_hex_2[0] ;
; -0.500 ; 0.500        ; 1.000          ; High Pulse Width ; i_clk ; Rise       ; HEX_block:HEX_BLOCK_UNIT|o_hex_2[1] ;
; -0.500 ; 0.500        ; 1.000          ; Low Pulse Width  ; i_clk ; Rise       ; HEX_block:HEX_BLOCK_UNIT|o_hex_2[1] ;
; -0.500 ; 0.500        ; 1.000          ; High Pulse Width ; i_clk ; Rise       ; HEX_block:HEX_BLOCK_UNIT|o_hex_2[2] ;
; -0.500 ; 0.500        ; 1.000          ; Low Pulse Width  ; i_clk ; Rise       ; HEX_block:HEX_BLOCK_UNIT|o_hex_2[2] ;
; -0.500 ; 0.500        ; 1.000          ; High Pulse Width ; i_clk ; Rise       ; HEX_block:HEX_BLOCK_UNIT|o_hex_2[3] ;
; -0.500 ; 0.500        ; 1.000          ; Low Pulse Width  ; i_clk ; Rise       ; HEX_block:HEX_BLOCK_UNIT|o_hex_2[3] ;
; -0.500 ; 0.500        ; 1.000          ; High Pulse Width ; i_clk ; Rise       ; HEX_block:HEX_BLOCK_UNIT|o_hex_2[4] ;
; -0.500 ; 0.500        ; 1.000          ; Low Pulse Width  ; i_clk ; Rise       ; HEX_block:HEX_BLOCK_UNIT|o_hex_2[4] ;
; -0.500 ; 0.500        ; 1.000          ; High Pulse Width ; i_clk ; Rise       ; HEX_block:HEX_BLOCK_UNIT|o_hex_2[5] ;
; -0.500 ; 0.500        ; 1.000          ; Low Pulse Width  ; i_clk ; Rise       ; HEX_block:HEX_BLOCK_UNIT|o_hex_2[5] ;
; -0.500 ; 0.500        ; 1.000          ; High Pulse Width ; i_clk ; Rise       ; HEX_block:HEX_BLOCK_UNIT|o_hex_2[6] ;
; -0.500 ; 0.500        ; 1.000          ; Low Pulse Width  ; i_clk ; Rise       ; HEX_block:HEX_BLOCK_UNIT|o_hex_2[6] ;
; -0.500 ; 0.500        ; 1.000          ; High Pulse Width ; i_clk ; Rise       ; HEX_block:HEX_BLOCK_UNIT|o_hex_3[0] ;
; -0.500 ; 0.500        ; 1.000          ; Low Pulse Width  ; i_clk ; Rise       ; HEX_block:HEX_BLOCK_UNIT|o_hex_3[0] ;
; -0.500 ; 0.500        ; 1.000          ; High Pulse Width ; i_clk ; Rise       ; HEX_block:HEX_BLOCK_UNIT|o_hex_3[1] ;
; -0.500 ; 0.500        ; 1.000          ; Low Pulse Width  ; i_clk ; Rise       ; HEX_block:HEX_BLOCK_UNIT|o_hex_3[1] ;
; -0.500 ; 0.500        ; 1.000          ; High Pulse Width ; i_clk ; Rise       ; HEX_block:HEX_BLOCK_UNIT|o_hex_3[2] ;
; -0.500 ; 0.500        ; 1.000          ; Low Pulse Width  ; i_clk ; Rise       ; HEX_block:HEX_BLOCK_UNIT|o_hex_3[2] ;
; -0.500 ; 0.500        ; 1.000          ; High Pulse Width ; i_clk ; Rise       ; HEX_block:HEX_BLOCK_UNIT|o_hex_3[3] ;
; -0.500 ; 0.500        ; 1.000          ; Low Pulse Width  ; i_clk ; Rise       ; HEX_block:HEX_BLOCK_UNIT|o_hex_3[3] ;
; -0.500 ; 0.500        ; 1.000          ; High Pulse Width ; i_clk ; Rise       ; HEX_block:HEX_BLOCK_UNIT|o_hex_3[4] ;
; -0.500 ; 0.500        ; 1.000          ; Low Pulse Width  ; i_clk ; Rise       ; HEX_block:HEX_BLOCK_UNIT|o_hex_3[4] ;
; -0.500 ; 0.500        ; 1.000          ; High Pulse Width ; i_clk ; Rise       ; HEX_block:HEX_BLOCK_UNIT|o_hex_3[5] ;
; -0.500 ; 0.500        ; 1.000          ; Low Pulse Width  ; i_clk ; Rise       ; HEX_block:HEX_BLOCK_UNIT|o_hex_3[5] ;
; -0.500 ; 0.500        ; 1.000          ; High Pulse Width ; i_clk ; Rise       ; HEX_block:HEX_BLOCK_UNIT|o_hex_3[6] ;
; -0.500 ; 0.500        ; 1.000          ; Low Pulse Width  ; i_clk ; Rise       ; HEX_block:HEX_BLOCK_UNIT|o_hex_3[6] ;
; -0.500 ; 0.500        ; 1.000          ; High Pulse Width ; i_clk ; Rise       ; HEX_block:HEX_BLOCK_UNIT|o_hex_4[0] ;
; -0.500 ; 0.500        ; 1.000          ; Low Pulse Width  ; i_clk ; Rise       ; HEX_block:HEX_BLOCK_UNIT|o_hex_4[0] ;
; -0.500 ; 0.500        ; 1.000          ; High Pulse Width ; i_clk ; Rise       ; HEX_block:HEX_BLOCK_UNIT|o_hex_4[1] ;
; -0.500 ; 0.500        ; 1.000          ; Low Pulse Width  ; i_clk ; Rise       ; HEX_block:HEX_BLOCK_UNIT|o_hex_4[1] ;
; -0.500 ; 0.500        ; 1.000          ; High Pulse Width ; i_clk ; Rise       ; HEX_block:HEX_BLOCK_UNIT|o_hex_4[2] ;
; -0.500 ; 0.500        ; 1.000          ; Low Pulse Width  ; i_clk ; Rise       ; HEX_block:HEX_BLOCK_UNIT|o_hex_4[2] ;
; -0.500 ; 0.500        ; 1.000          ; High Pulse Width ; i_clk ; Rise       ; HEX_block:HEX_BLOCK_UNIT|o_hex_4[3] ;
; -0.500 ; 0.500        ; 1.000          ; Low Pulse Width  ; i_clk ; Rise       ; HEX_block:HEX_BLOCK_UNIT|o_hex_4[3] ;
; -0.500 ; 0.500        ; 1.000          ; High Pulse Width ; i_clk ; Rise       ; HEX_block:HEX_BLOCK_UNIT|o_hex_4[4] ;
; -0.500 ; 0.500        ; 1.000          ; Low Pulse Width  ; i_clk ; Rise       ; HEX_block:HEX_BLOCK_UNIT|o_hex_4[4] ;
; -0.500 ; 0.500        ; 1.000          ; High Pulse Width ; i_clk ; Rise       ; HEX_block:HEX_BLOCK_UNIT|o_hex_4[5] ;
; -0.500 ; 0.500        ; 1.000          ; Low Pulse Width  ; i_clk ; Rise       ; HEX_block:HEX_BLOCK_UNIT|o_hex_4[5] ;
; -0.500 ; 0.500        ; 1.000          ; High Pulse Width ; i_clk ; Rise       ; HEX_block:HEX_BLOCK_UNIT|o_hex_4[6] ;
; -0.500 ; 0.500        ; 1.000          ; Low Pulse Width  ; i_clk ; Rise       ; HEX_block:HEX_BLOCK_UNIT|o_hex_4[6] ;
; -0.500 ; 0.500        ; 1.000          ; High Pulse Width ; i_clk ; Rise       ; HEX_block:HEX_BLOCK_UNIT|o_hex_5[0] ;
; -0.500 ; 0.500        ; 1.000          ; Low Pulse Width  ; i_clk ; Rise       ; HEX_block:HEX_BLOCK_UNIT|o_hex_5[0] ;
; -0.500 ; 0.500        ; 1.000          ; High Pulse Width ; i_clk ; Rise       ; HEX_block:HEX_BLOCK_UNIT|o_hex_5[1] ;
; -0.500 ; 0.500        ; 1.000          ; Low Pulse Width  ; i_clk ; Rise       ; HEX_block:HEX_BLOCK_UNIT|o_hex_5[1] ;
; -0.500 ; 0.500        ; 1.000          ; High Pulse Width ; i_clk ; Rise       ; HEX_block:HEX_BLOCK_UNIT|o_hex_5[2] ;
; -0.500 ; 0.500        ; 1.000          ; Low Pulse Width  ; i_clk ; Rise       ; HEX_block:HEX_BLOCK_UNIT|o_hex_5[2] ;
; -0.500 ; 0.500        ; 1.000          ; High Pulse Width ; i_clk ; Rise       ; HEX_block:HEX_BLOCK_UNIT|o_hex_5[3] ;
; -0.500 ; 0.500        ; 1.000          ; Low Pulse Width  ; i_clk ; Rise       ; HEX_block:HEX_BLOCK_UNIT|o_hex_5[3] ;
; -0.500 ; 0.500        ; 1.000          ; High Pulse Width ; i_clk ; Rise       ; HEX_block:HEX_BLOCK_UNIT|o_hex_5[4] ;
; -0.500 ; 0.500        ; 1.000          ; Low Pulse Width  ; i_clk ; Rise       ; HEX_block:HEX_BLOCK_UNIT|o_hex_5[4] ;
; -0.500 ; 0.500        ; 1.000          ; High Pulse Width ; i_clk ; Rise       ; HEX_block:HEX_BLOCK_UNIT|o_hex_5[5] ;
; -0.500 ; 0.500        ; 1.000          ; Low Pulse Width  ; i_clk ; Rise       ; HEX_block:HEX_BLOCK_UNIT|o_hex_5[5] ;
; -0.500 ; 0.500        ; 1.000          ; High Pulse Width ; i_clk ; Rise       ; HEX_block:HEX_BLOCK_UNIT|o_hex_5[6] ;
; -0.500 ; 0.500        ; 1.000          ; Low Pulse Width  ; i_clk ; Rise       ; HEX_block:HEX_BLOCK_UNIT|o_hex_5[6] ;
; -0.500 ; 0.500        ; 1.000          ; High Pulse Width ; i_clk ; Rise       ; HEX_block:HEX_BLOCK_UNIT|o_hex_6[0] ;
; -0.500 ; 0.500        ; 1.000          ; Low Pulse Width  ; i_clk ; Rise       ; HEX_block:HEX_BLOCK_UNIT|o_hex_6[0] ;
; -0.500 ; 0.500        ; 1.000          ; High Pulse Width ; i_clk ; Rise       ; HEX_block:HEX_BLOCK_UNIT|o_hex_6[1] ;
; -0.500 ; 0.500        ; 1.000          ; Low Pulse Width  ; i_clk ; Rise       ; HEX_block:HEX_BLOCK_UNIT|o_hex_6[1] ;
; -0.500 ; 0.500        ; 1.000          ; High Pulse Width ; i_clk ; Rise       ; HEX_block:HEX_BLOCK_UNIT|o_hex_6[2] ;
; -0.500 ; 0.500        ; 1.000          ; Low Pulse Width  ; i_clk ; Rise       ; HEX_block:HEX_BLOCK_UNIT|o_hex_6[2] ;
; -0.500 ; 0.500        ; 1.000          ; High Pulse Width ; i_clk ; Rise       ; HEX_block:HEX_BLOCK_UNIT|o_hex_6[3] ;
; -0.500 ; 0.500        ; 1.000          ; Low Pulse Width  ; i_clk ; Rise       ; HEX_block:HEX_BLOCK_UNIT|o_hex_6[3] ;
; -0.500 ; 0.500        ; 1.000          ; High Pulse Width ; i_clk ; Rise       ; HEX_block:HEX_BLOCK_UNIT|o_hex_6[4] ;
; -0.500 ; 0.500        ; 1.000          ; Low Pulse Width  ; i_clk ; Rise       ; HEX_block:HEX_BLOCK_UNIT|o_hex_6[4] ;
; -0.500 ; 0.500        ; 1.000          ; High Pulse Width ; i_clk ; Rise       ; HEX_block:HEX_BLOCK_UNIT|o_hex_6[5] ;
; -0.500 ; 0.500        ; 1.000          ; Low Pulse Width  ; i_clk ; Rise       ; HEX_block:HEX_BLOCK_UNIT|o_hex_6[5] ;
; -0.500 ; 0.500        ; 1.000          ; High Pulse Width ; i_clk ; Rise       ; HEX_block:HEX_BLOCK_UNIT|o_hex_6[6] ;
; -0.500 ; 0.500        ; 1.000          ; Low Pulse Width  ; i_clk ; Rise       ; HEX_block:HEX_BLOCK_UNIT|o_hex_6[6] ;
; -0.500 ; 0.500        ; 1.000          ; High Pulse Width ; i_clk ; Rise       ; HEX_block:HEX_BLOCK_UNIT|o_hex_7[0] ;
; -0.500 ; 0.500        ; 1.000          ; Low Pulse Width  ; i_clk ; Rise       ; HEX_block:HEX_BLOCK_UNIT|o_hex_7[0] ;
+--------+--------------+----------------+------------------+-------+------------+-------------------------------------+


+-------------------------------------------------------------------------+
; Setup Times                                                             ;
+-----------+------------+--------+--------+------------+-----------------+
; Data Port ; Clock Port ; Rise   ; Fall   ; Clock Edge ; Clock Reference ;
+-----------+------------+--------+--------+------------+-----------------+
; KEY[*]    ; i_clk      ; 4.734  ; 4.734  ; Rise       ; i_clk           ;
;  KEY[0]   ; i_clk      ; 4.734  ; 4.734  ; Rise       ; i_clk           ;
;  KEY[1]   ; i_clk      ; 3.930  ; 3.930  ; Rise       ; i_clk           ;
; SW[*]     ; i_clk      ; 4.736  ; 4.736  ; Rise       ; i_clk           ;
;  SW[0]    ; i_clk      ; 0.395  ; 0.395  ; Rise       ; i_clk           ;
;  SW[1]    ; i_clk      ; 0.352  ; 0.352  ; Rise       ; i_clk           ;
;  SW[2]    ; i_clk      ; -0.091 ; -0.091 ; Rise       ; i_clk           ;
;  SW[3]    ; i_clk      ; 0.076  ; 0.076  ; Rise       ; i_clk           ;
;  SW[4]    ; i_clk      ; 0.056  ; 0.056  ; Rise       ; i_clk           ;
;  SW[5]    ; i_clk      ; -0.166 ; -0.166 ; Rise       ; i_clk           ;
;  SW[6]    ; i_clk      ; -0.193 ; -0.193 ; Rise       ; i_clk           ;
;  SW[7]    ; i_clk      ; 1.222  ; 1.222  ; Rise       ; i_clk           ;
;  SW[8]    ; i_clk      ; 0.947  ; 0.947  ; Rise       ; i_clk           ;
;  SW[9]    ; i_clk      ; 0.947  ; 0.947  ; Rise       ; i_clk           ;
;  SW[10]   ; i_clk      ; 1.108  ; 1.108  ; Rise       ; i_clk           ;
;  SW[11]   ; i_clk      ; 0.385  ; 0.385  ; Rise       ; i_clk           ;
;  SW[12]   ; i_clk      ; 0.856  ; 0.856  ; Rise       ; i_clk           ;
;  SW[13]   ; i_clk      ; 4.467  ; 4.467  ; Rise       ; i_clk           ;
;  SW[14]   ; i_clk      ; 4.736  ; 4.736  ; Rise       ; i_clk           ;
;  SW[15]   ; i_clk      ; 4.726  ; 4.726  ; Rise       ; i_clk           ;
;  SW[16]   ; i_clk      ; 4.501  ; 4.501  ; Rise       ; i_clk           ;
+-----------+------------+--------+--------+------------+-----------------+


+-------------------------------------------------------------------------+
; Hold Times                                                              ;
+-----------+------------+--------+--------+------------+-----------------+
; Data Port ; Clock Port ; Rise   ; Fall   ; Clock Edge ; Clock Reference ;
+-----------+------------+--------+--------+------------+-----------------+
; KEY[*]    ; i_clk      ; -3.700 ; -3.700 ; Rise       ; i_clk           ;
;  KEY[0]   ; i_clk      ; -4.504 ; -4.504 ; Rise       ; i_clk           ;
;  KEY[1]   ; i_clk      ; -3.700 ; -3.700 ; Rise       ; i_clk           ;
; SW[*]     ; i_clk      ; 0.423  ; 0.423  ; Rise       ; i_clk           ;
;  SW[0]    ; i_clk      ; -0.165 ; -0.165 ; Rise       ; i_clk           ;
;  SW[1]    ; i_clk      ; -0.122 ; -0.122 ; Rise       ; i_clk           ;
;  SW[2]    ; i_clk      ; 0.321  ; 0.321  ; Rise       ; i_clk           ;
;  SW[3]    ; i_clk      ; 0.154  ; 0.154  ; Rise       ; i_clk           ;
;  SW[4]    ; i_clk      ; 0.174  ; 0.174  ; Rise       ; i_clk           ;
;  SW[5]    ; i_clk      ; 0.396  ; 0.396  ; Rise       ; i_clk           ;
;  SW[6]    ; i_clk      ; 0.423  ; 0.423  ; Rise       ; i_clk           ;
;  SW[7]    ; i_clk      ; -0.992 ; -0.992 ; Rise       ; i_clk           ;
;  SW[8]    ; i_clk      ; -0.717 ; -0.717 ; Rise       ; i_clk           ;
;  SW[9]    ; i_clk      ; -0.717 ; -0.717 ; Rise       ; i_clk           ;
;  SW[10]   ; i_clk      ; -0.878 ; -0.878 ; Rise       ; i_clk           ;
;  SW[11]   ; i_clk      ; -0.155 ; -0.155 ; Rise       ; i_clk           ;
;  SW[12]   ; i_clk      ; -0.626 ; -0.626 ; Rise       ; i_clk           ;
;  SW[13]   ; i_clk      ; -4.237 ; -4.237 ; Rise       ; i_clk           ;
;  SW[14]   ; i_clk      ; -4.506 ; -4.506 ; Rise       ; i_clk           ;
;  SW[15]   ; i_clk      ; -4.496 ; -4.496 ; Rise       ; i_clk           ;
;  SW[16]   ; i_clk      ; -4.271 ; -4.271 ; Rise       ; i_clk           ;
+-----------+------------+--------+--------+------------+-----------------+


+-------------------------------------------------------------------------+
; Clock to Output Times                                                   ;
+-----------+------------+--------+--------+------------+-----------------+
; Data Port ; Clock Port ; Rise   ; Fall   ; Clock Edge ; Clock Reference ;
+-----------+------------+--------+--------+------------+-----------------+
; HEX0[*]   ; i_clk      ; 7.842  ; 7.842  ; Rise       ; i_clk           ;
;  HEX0[0]  ; i_clk      ; 7.842  ; 7.842  ; Rise       ; i_clk           ;
;  HEX0[1]  ; i_clk      ; 7.599  ; 7.599  ; Rise       ; i_clk           ;
;  HEX0[2]  ; i_clk      ; 7.604  ; 7.604  ; Rise       ; i_clk           ;
;  HEX0[3]  ; i_clk      ; 7.617  ; 7.617  ; Rise       ; i_clk           ;
;  HEX0[4]  ; i_clk      ; 7.607  ; 7.607  ; Rise       ; i_clk           ;
;  HEX0[5]  ; i_clk      ; 7.590  ; 7.590  ; Rise       ; i_clk           ;
;  HEX0[6]  ; i_clk      ; 7.577  ; 7.577  ; Rise       ; i_clk           ;
; HEX1[*]   ; i_clk      ; 7.962  ; 7.962  ; Rise       ; i_clk           ;
;  HEX1[0]  ; i_clk      ; 7.828  ; 7.828  ; Rise       ; i_clk           ;
;  HEX1[1]  ; i_clk      ; 7.662  ; 7.662  ; Rise       ; i_clk           ;
;  HEX1[2]  ; i_clk      ; 7.653  ; 7.653  ; Rise       ; i_clk           ;
;  HEX1[3]  ; i_clk      ; 7.699  ; 7.699  ; Rise       ; i_clk           ;
;  HEX1[4]  ; i_clk      ; 7.694  ; 7.694  ; Rise       ; i_clk           ;
;  HEX1[5]  ; i_clk      ; 7.962  ; 7.962  ; Rise       ; i_clk           ;
;  HEX1[6]  ; i_clk      ; 7.034  ; 7.034  ; Rise       ; i_clk           ;
; HEX2[*]   ; i_clk      ; 8.050  ; 8.050  ; Rise       ; i_clk           ;
;  HEX2[0]  ; i_clk      ; 7.441  ; 7.441  ; Rise       ; i_clk           ;
;  HEX2[1]  ; i_clk      ; 8.001  ; 8.001  ; Rise       ; i_clk           ;
;  HEX2[2]  ; i_clk      ; 8.021  ; 8.021  ; Rise       ; i_clk           ;
;  HEX2[3]  ; i_clk      ; 8.050  ; 8.050  ; Rise       ; i_clk           ;
;  HEX2[4]  ; i_clk      ; 7.991  ; 7.991  ; Rise       ; i_clk           ;
;  HEX2[5]  ; i_clk      ; 7.922  ; 7.922  ; Rise       ; i_clk           ;
;  HEX2[6]  ; i_clk      ; 7.979  ; 7.979  ; Rise       ; i_clk           ;
; HEX3[*]   ; i_clk      ; 7.830  ; 7.830  ; Rise       ; i_clk           ;
;  HEX3[0]  ; i_clk      ; 7.783  ; 7.783  ; Rise       ; i_clk           ;
;  HEX3[1]  ; i_clk      ; 7.830  ; 7.830  ; Rise       ; i_clk           ;
;  HEX3[2]  ; i_clk      ; 7.769  ; 7.769  ; Rise       ; i_clk           ;
;  HEX3[3]  ; i_clk      ; 7.545  ; 7.545  ; Rise       ; i_clk           ;
;  HEX3[4]  ; i_clk      ; 7.813  ; 7.813  ; Rise       ; i_clk           ;
;  HEX3[5]  ; i_clk      ; 7.811  ; 7.811  ; Rise       ; i_clk           ;
;  HEX3[6]  ; i_clk      ; 7.798  ; 7.798  ; Rise       ; i_clk           ;
; HEX4[*]   ; i_clk      ; 10.417 ; 10.417 ; Rise       ; i_clk           ;
;  HEX4[0]  ; i_clk      ; 9.820  ; 9.820  ; Rise       ; i_clk           ;
;  HEX4[1]  ; i_clk      ; 8.507  ; 8.507  ; Rise       ; i_clk           ;
;  HEX4[2]  ; i_clk      ; 7.909  ; 7.909  ; Rise       ; i_clk           ;
;  HEX4[3]  ; i_clk      ; 9.777  ; 9.777  ; Rise       ; i_clk           ;
;  HEX4[4]  ; i_clk      ; 9.295  ; 9.295  ; Rise       ; i_clk           ;
;  HEX4[5]  ; i_clk      ; 9.816  ; 9.816  ; Rise       ; i_clk           ;
;  HEX4[6]  ; i_clk      ; 10.417 ; 10.417 ; Rise       ; i_clk           ;
; HEX5[*]   ; i_clk      ; 9.781  ; 9.781  ; Rise       ; i_clk           ;
;  HEX5[0]  ; i_clk      ; 9.107  ; 9.107  ; Rise       ; i_clk           ;
;  HEX5[1]  ; i_clk      ; 8.350  ; 8.350  ; Rise       ; i_clk           ;
;  HEX5[2]  ; i_clk      ; 8.523  ; 8.523  ; Rise       ; i_clk           ;
;  HEX5[3]  ; i_clk      ; 8.270  ; 8.270  ; Rise       ; i_clk           ;
;  HEX5[4]  ; i_clk      ; 9.335  ; 9.335  ; Rise       ; i_clk           ;
;  HEX5[5]  ; i_clk      ; 9.781  ; 9.781  ; Rise       ; i_clk           ;
;  HEX5[6]  ; i_clk      ; 9.597  ; 9.597  ; Rise       ; i_clk           ;
; HEX6[*]   ; i_clk      ; 10.312 ; 10.312 ; Rise       ; i_clk           ;
;  HEX6[0]  ; i_clk      ; 10.021 ; 10.021 ; Rise       ; i_clk           ;
;  HEX6[1]  ; i_clk      ; 8.214  ; 8.214  ; Rise       ; i_clk           ;
;  HEX6[2]  ; i_clk      ; 9.923  ; 9.923  ; Rise       ; i_clk           ;
;  HEX6[3]  ; i_clk      ; 9.524  ; 9.524  ; Rise       ; i_clk           ;
;  HEX6[4]  ; i_clk      ; 8.735  ; 8.735  ; Rise       ; i_clk           ;
;  HEX6[5]  ; i_clk      ; 10.312 ; 10.312 ; Rise       ; i_clk           ;
;  HEX6[6]  ; i_clk      ; 9.746  ; 9.746  ; Rise       ; i_clk           ;
; HEX7[*]   ; i_clk      ; 10.474 ; 10.474 ; Rise       ; i_clk           ;
;  HEX7[0]  ; i_clk      ; 8.539  ; 8.539  ; Rise       ; i_clk           ;
;  HEX7[1]  ; i_clk      ; 10.360 ; 10.360 ; Rise       ; i_clk           ;
;  HEX7[2]  ; i_clk      ; 8.747  ; 8.747  ; Rise       ; i_clk           ;
;  HEX7[3]  ; i_clk      ; 9.336  ; 9.336  ; Rise       ; i_clk           ;
;  HEX7[4]  ; i_clk      ; 9.578  ; 9.578  ; Rise       ; i_clk           ;
;  HEX7[5]  ; i_clk      ; 10.271 ; 10.271 ; Rise       ; i_clk           ;
;  HEX7[6]  ; i_clk      ; 10.474 ; 10.474 ; Rise       ; i_clk           ;
; LEDG[*]   ; i_clk      ; 32.249 ; 32.249 ; Rise       ; i_clk           ;
;  LEDG[0]  ; i_clk      ; 9.514  ; 9.514  ; Rise       ; i_clk           ;
;  LEDG[1]  ; i_clk      ; 7.779  ; 7.779  ; Rise       ; i_clk           ;
;  LEDG[2]  ; i_clk      ; 21.535 ; 21.535 ; Rise       ; i_clk           ;
;  LEDG[3]  ; i_clk      ; 32.249 ; 32.249 ; Rise       ; i_clk           ;
; LEDR[*]   ; i_clk      ; 8.589  ; 8.589  ; Rise       ; i_clk           ;
;  LEDR[0]  ; i_clk      ; 7.388  ; 7.388  ; Rise       ; i_clk           ;
;  LEDR[1]  ; i_clk      ; 7.543  ; 7.543  ; Rise       ; i_clk           ;
;  LEDR[2]  ; i_clk      ; 7.850  ; 7.850  ; Rise       ; i_clk           ;
;  LEDR[3]  ; i_clk      ; 7.603  ; 7.603  ; Rise       ; i_clk           ;
;  LEDR[4]  ; i_clk      ; 7.630  ; 7.630  ; Rise       ; i_clk           ;
;  LEDR[5]  ; i_clk      ; 8.428  ; 8.428  ; Rise       ; i_clk           ;
;  LEDR[6]  ; i_clk      ; 8.380  ; 8.380  ; Rise       ; i_clk           ;
;  LEDR[7]  ; i_clk      ; 7.414  ; 7.414  ; Rise       ; i_clk           ;
;  LEDR[8]  ; i_clk      ; 7.727  ; 7.727  ; Rise       ; i_clk           ;
;  LEDR[9]  ; i_clk      ; 7.742  ; 7.742  ; Rise       ; i_clk           ;
;  LEDR[10] ; i_clk      ; 7.708  ; 7.708  ; Rise       ; i_clk           ;
;  LEDR[11] ; i_clk      ; 8.589  ; 8.589  ; Rise       ; i_clk           ;
;  LEDR[12] ; i_clk      ; 8.086  ; 8.086  ; Rise       ; i_clk           ;
;  LEDR[13] ; i_clk      ; 7.856  ; 7.856  ; Rise       ; i_clk           ;
;  LEDR[14] ; i_clk      ; 8.229  ; 8.229  ; Rise       ; i_clk           ;
;  LEDR[15] ; i_clk      ; 8.109  ; 8.109  ; Rise       ; i_clk           ;
;  LEDR[16] ; i_clk      ; 8.207  ; 8.207  ; Rise       ; i_clk           ;
+-----------+------------+--------+--------+------------+-----------------+


+-------------------------------------------------------------------------+
; Minimum Clock to Output Times                                           ;
+-----------+------------+--------+--------+------------+-----------------+
; Data Port ; Clock Port ; Rise   ; Fall   ; Clock Edge ; Clock Reference ;
+-----------+------------+--------+--------+------------+-----------------+
; HEX0[*]   ; i_clk      ; 7.577  ; 7.577  ; Rise       ; i_clk           ;
;  HEX0[0]  ; i_clk      ; 7.842  ; 7.842  ; Rise       ; i_clk           ;
;  HEX0[1]  ; i_clk      ; 7.599  ; 7.599  ; Rise       ; i_clk           ;
;  HEX0[2]  ; i_clk      ; 7.604  ; 7.604  ; Rise       ; i_clk           ;
;  HEX0[3]  ; i_clk      ; 7.617  ; 7.617  ; Rise       ; i_clk           ;
;  HEX0[4]  ; i_clk      ; 7.607  ; 7.607  ; Rise       ; i_clk           ;
;  HEX0[5]  ; i_clk      ; 7.590  ; 7.590  ; Rise       ; i_clk           ;
;  HEX0[6]  ; i_clk      ; 7.577  ; 7.577  ; Rise       ; i_clk           ;
; HEX1[*]   ; i_clk      ; 7.034  ; 7.034  ; Rise       ; i_clk           ;
;  HEX1[0]  ; i_clk      ; 7.828  ; 7.828  ; Rise       ; i_clk           ;
;  HEX1[1]  ; i_clk      ; 7.662  ; 7.662  ; Rise       ; i_clk           ;
;  HEX1[2]  ; i_clk      ; 7.653  ; 7.653  ; Rise       ; i_clk           ;
;  HEX1[3]  ; i_clk      ; 7.699  ; 7.699  ; Rise       ; i_clk           ;
;  HEX1[4]  ; i_clk      ; 7.694  ; 7.694  ; Rise       ; i_clk           ;
;  HEX1[5]  ; i_clk      ; 7.962  ; 7.962  ; Rise       ; i_clk           ;
;  HEX1[6]  ; i_clk      ; 7.034  ; 7.034  ; Rise       ; i_clk           ;
; HEX2[*]   ; i_clk      ; 7.441  ; 7.441  ; Rise       ; i_clk           ;
;  HEX2[0]  ; i_clk      ; 7.441  ; 7.441  ; Rise       ; i_clk           ;
;  HEX2[1]  ; i_clk      ; 8.001  ; 8.001  ; Rise       ; i_clk           ;
;  HEX2[2]  ; i_clk      ; 8.021  ; 8.021  ; Rise       ; i_clk           ;
;  HEX2[3]  ; i_clk      ; 8.050  ; 8.050  ; Rise       ; i_clk           ;
;  HEX2[4]  ; i_clk      ; 7.991  ; 7.991  ; Rise       ; i_clk           ;
;  HEX2[5]  ; i_clk      ; 7.922  ; 7.922  ; Rise       ; i_clk           ;
;  HEX2[6]  ; i_clk      ; 7.979  ; 7.979  ; Rise       ; i_clk           ;
; HEX3[*]   ; i_clk      ; 7.545  ; 7.545  ; Rise       ; i_clk           ;
;  HEX3[0]  ; i_clk      ; 7.783  ; 7.783  ; Rise       ; i_clk           ;
;  HEX3[1]  ; i_clk      ; 7.830  ; 7.830  ; Rise       ; i_clk           ;
;  HEX3[2]  ; i_clk      ; 7.769  ; 7.769  ; Rise       ; i_clk           ;
;  HEX3[3]  ; i_clk      ; 7.545  ; 7.545  ; Rise       ; i_clk           ;
;  HEX3[4]  ; i_clk      ; 7.813  ; 7.813  ; Rise       ; i_clk           ;
;  HEX3[5]  ; i_clk      ; 7.811  ; 7.811  ; Rise       ; i_clk           ;
;  HEX3[6]  ; i_clk      ; 7.798  ; 7.798  ; Rise       ; i_clk           ;
; HEX4[*]   ; i_clk      ; 7.909  ; 7.909  ; Rise       ; i_clk           ;
;  HEX4[0]  ; i_clk      ; 9.820  ; 9.820  ; Rise       ; i_clk           ;
;  HEX4[1]  ; i_clk      ; 8.507  ; 8.507  ; Rise       ; i_clk           ;
;  HEX4[2]  ; i_clk      ; 7.909  ; 7.909  ; Rise       ; i_clk           ;
;  HEX4[3]  ; i_clk      ; 9.777  ; 9.777  ; Rise       ; i_clk           ;
;  HEX4[4]  ; i_clk      ; 9.295  ; 9.295  ; Rise       ; i_clk           ;
;  HEX4[5]  ; i_clk      ; 9.816  ; 9.816  ; Rise       ; i_clk           ;
;  HEX4[6]  ; i_clk      ; 10.417 ; 10.417 ; Rise       ; i_clk           ;
; HEX5[*]   ; i_clk      ; 8.270  ; 8.270  ; Rise       ; i_clk           ;
;  HEX5[0]  ; i_clk      ; 9.107  ; 9.107  ; Rise       ; i_clk           ;
;  HEX5[1]  ; i_clk      ; 8.350  ; 8.350  ; Rise       ; i_clk           ;
;  HEX5[2]  ; i_clk      ; 8.523  ; 8.523  ; Rise       ; i_clk           ;
;  HEX5[3]  ; i_clk      ; 8.270  ; 8.270  ; Rise       ; i_clk           ;
;  HEX5[4]  ; i_clk      ; 9.335  ; 9.335  ; Rise       ; i_clk           ;
;  HEX5[5]  ; i_clk      ; 9.781  ; 9.781  ; Rise       ; i_clk           ;
;  HEX5[6]  ; i_clk      ; 9.597  ; 9.597  ; Rise       ; i_clk           ;
; HEX6[*]   ; i_clk      ; 8.214  ; 8.214  ; Rise       ; i_clk           ;
;  HEX6[0]  ; i_clk      ; 10.021 ; 10.021 ; Rise       ; i_clk           ;
;  HEX6[1]  ; i_clk      ; 8.214  ; 8.214  ; Rise       ; i_clk           ;
;  HEX6[2]  ; i_clk      ; 9.923  ; 9.923  ; Rise       ; i_clk           ;
;  HEX6[3]  ; i_clk      ; 9.524  ; 9.524  ; Rise       ; i_clk           ;
;  HEX6[4]  ; i_clk      ; 8.735  ; 8.735  ; Rise       ; i_clk           ;
;  HEX6[5]  ; i_clk      ; 10.312 ; 10.312 ; Rise       ; i_clk           ;
;  HEX6[6]  ; i_clk      ; 9.746  ; 9.746  ; Rise       ; i_clk           ;
; HEX7[*]   ; i_clk      ; 8.539  ; 8.539  ; Rise       ; i_clk           ;
;  HEX7[0]  ; i_clk      ; 8.539  ; 8.539  ; Rise       ; i_clk           ;
;  HEX7[1]  ; i_clk      ; 10.360 ; 10.360 ; Rise       ; i_clk           ;
;  HEX7[2]  ; i_clk      ; 8.747  ; 8.747  ; Rise       ; i_clk           ;
;  HEX7[3]  ; i_clk      ; 9.336  ; 9.336  ; Rise       ; i_clk           ;
;  HEX7[4]  ; i_clk      ; 9.578  ; 9.578  ; Rise       ; i_clk           ;
;  HEX7[5]  ; i_clk      ; 10.271 ; 10.271 ; Rise       ; i_clk           ;
;  HEX7[6]  ; i_clk      ; 10.474 ; 10.474 ; Rise       ; i_clk           ;
; LEDG[*]   ; i_clk      ; 7.779  ; 7.779  ; Rise       ; i_clk           ;
;  LEDG[0]  ; i_clk      ; 8.688  ; 8.688  ; Rise       ; i_clk           ;
;  LEDG[1]  ; i_clk      ; 7.779  ; 7.779  ; Rise       ; i_clk           ;
;  LEDG[2]  ; i_clk      ; 10.530 ; 10.530 ; Rise       ; i_clk           ;
;  LEDG[3]  ; i_clk      ; 10.194 ; 10.194 ; Rise       ; i_clk           ;
; LEDR[*]   ; i_clk      ; 7.388  ; 7.388  ; Rise       ; i_clk           ;
;  LEDR[0]  ; i_clk      ; 7.388  ; 7.388  ; Rise       ; i_clk           ;
;  LEDR[1]  ; i_clk      ; 7.543  ; 7.543  ; Rise       ; i_clk           ;
;  LEDR[2]  ; i_clk      ; 7.850  ; 7.850  ; Rise       ; i_clk           ;
;  LEDR[3]  ; i_clk      ; 7.603  ; 7.603  ; Rise       ; i_clk           ;
;  LEDR[4]  ; i_clk      ; 7.630  ; 7.630  ; Rise       ; i_clk           ;
;  LEDR[5]  ; i_clk      ; 8.428  ; 8.428  ; Rise       ; i_clk           ;
;  LEDR[6]  ; i_clk      ; 8.380  ; 8.380  ; Rise       ; i_clk           ;
;  LEDR[7]  ; i_clk      ; 7.414  ; 7.414  ; Rise       ; i_clk           ;
;  LEDR[8]  ; i_clk      ; 7.727  ; 7.727  ; Rise       ; i_clk           ;
;  LEDR[9]  ; i_clk      ; 7.742  ; 7.742  ; Rise       ; i_clk           ;
;  LEDR[10] ; i_clk      ; 7.708  ; 7.708  ; Rise       ; i_clk           ;
;  LEDR[11] ; i_clk      ; 8.589  ; 8.589  ; Rise       ; i_clk           ;
;  LEDR[12] ; i_clk      ; 8.086  ; 8.086  ; Rise       ; i_clk           ;
;  LEDR[13] ; i_clk      ; 7.856  ; 7.856  ; Rise       ; i_clk           ;
;  LEDR[14] ; i_clk      ; 8.229  ; 8.229  ; Rise       ; i_clk           ;
;  LEDR[15] ; i_clk      ; 8.109  ; 8.109  ; Rise       ; i_clk           ;
;  LEDR[16] ; i_clk      ; 8.207  ; 8.207  ; Rise       ; i_clk           ;
+-----------+------------+--------+--------+------------+-----------------+


+----------------------------------------------------+
; Propagation Delay                                  ;
+------------+-------------+-------+----+----+-------+
; Input Port ; Output Port ; RR    ; RF ; FR ; FF    ;
+------------+-------------+-------+----+----+-------+
; SW[17]     ; LEDR[17]    ; 9.640 ;    ;    ; 9.640 ;
+------------+-------------+-------+----+----+-------+


+----------------------------------------------------+
; Minimum Propagation Delay                          ;
+------------+-------------+-------+----+----+-------+
; Input Port ; Output Port ; RR    ; RF ; FR ; FF    ;
+------------+-------------+-------+----+----+-------+
; SW[17]     ; LEDR[17]    ; 9.640 ;    ;    ; 9.640 ;
+------------+-------------+-------+----+----+-------+


+------------------------------------+
; Fast Model Setup Summary           ;
+----------+---------+---------------+
; Clock    ; Slack   ; End Point TNS ;
+----------+---------+---------------+
; i_clk    ; -10.442 ; -550.392      ;
; CLOCK_50 ; -0.840  ; -10.946       ;
+----------+---------+---------------+


+-----------------------------------+
; Fast Model Hold Summary           ;
+----------+--------+---------------+
; Clock    ; Slack  ; End Point TNS ;
+----------+--------+---------------+
; CLOCK_50 ; -1.546 ; -1.546        ;
; i_clk    ; 0.215  ; 0.000         ;
+----------+--------+---------------+


-------------------------------
; Fast Model Recovery Summary ;
-------------------------------
No paths to report.


------------------------------
; Fast Model Removal Summary ;
------------------------------
No paths to report.


+----------------------------------------+
; Fast Model Minimum Pulse Width Summary ;
+----------+--------+--------------------+
; Clock    ; Slack  ; End Point TNS      ;
+----------+--------+--------------------+
; CLOCK_50 ; -1.380 ; -34.380            ;
; i_clk    ; -0.500 ; -81.000            ;
+----------+--------+--------------------+


+------------------------------------------------------------------------------------------------------------------------------------+
; Fast Model Setup: 'i_clk'                                                                                                          ;
+---------+--------------+-------------------------------------+--------------+-------------+--------------+------------+------------+
; Slack   ; From Node    ; To Node                             ; Launch Clock ; Latch Clock ; Relationship ; Clock Skew ; Data Delay ;
+---------+--------------+-------------------------------------+--------------+-------------+--------------+------------+------------+
; -10.442 ; w_i_data[8]  ; HEX_block:HEX_BLOCK_UNIT|o_hex_7[5] ; i_clk        ; i_clk       ; 1.000        ; -0.022     ; 11.452     ;
; -10.441 ; w_i_data[8]  ; HEX_block:HEX_BLOCK_UNIT|o_hex_7[4] ; i_clk        ; i_clk       ; 1.000        ; -0.022     ; 11.451     ;
; -10.439 ; w_i_data[8]  ; HEX_block:HEX_BLOCK_UNIT|o_hex_7[3] ; i_clk        ; i_clk       ; 1.000        ; -0.022     ; 11.449     ;
; -10.439 ; w_i_data[8]  ; HEX_block:HEX_BLOCK_UNIT|o_hex_7[6] ; i_clk        ; i_clk       ; 1.000        ; -0.022     ; 11.449     ;
; -10.436 ; w_i_data[8]  ; HEX_block:HEX_BLOCK_UNIT|o_hex_7[0] ; i_clk        ; i_clk       ; 1.000        ; -0.022     ; 11.446     ;
; -10.436 ; w_i_data[8]  ; HEX_block:HEX_BLOCK_UNIT|o_hex_7[1] ; i_clk        ; i_clk       ; 1.000        ; -0.022     ; 11.446     ;
; -10.436 ; w_i_data[8]  ; HEX_block:HEX_BLOCK_UNIT|o_hex_7[2] ; i_clk        ; i_clk       ; 1.000        ; -0.022     ; 11.446     ;
; -10.421 ; w_i_data[9]  ; HEX_block:HEX_BLOCK_UNIT|o_hex_7[5] ; i_clk        ; i_clk       ; 1.000        ; -0.022     ; 11.431     ;
; -10.420 ; w_i_data[9]  ; HEX_block:HEX_BLOCK_UNIT|o_hex_7[4] ; i_clk        ; i_clk       ; 1.000        ; -0.022     ; 11.430     ;
; -10.418 ; w_i_data[9]  ; HEX_block:HEX_BLOCK_UNIT|o_hex_7[3] ; i_clk        ; i_clk       ; 1.000        ; -0.022     ; 11.428     ;
; -10.418 ; w_i_data[9]  ; HEX_block:HEX_BLOCK_UNIT|o_hex_7[6] ; i_clk        ; i_clk       ; 1.000        ; -0.022     ; 11.428     ;
; -10.415 ; w_i_data[9]  ; HEX_block:HEX_BLOCK_UNIT|o_hex_7[0] ; i_clk        ; i_clk       ; 1.000        ; -0.022     ; 11.425     ;
; -10.415 ; w_i_data[9]  ; HEX_block:HEX_BLOCK_UNIT|o_hex_7[1] ; i_clk        ; i_clk       ; 1.000        ; -0.022     ; 11.425     ;
; -10.415 ; w_i_data[9]  ; HEX_block:HEX_BLOCK_UNIT|o_hex_7[2] ; i_clk        ; i_clk       ; 1.000        ; -0.022     ; 11.425     ;
; -10.326 ; w_i_data[10] ; HEX_block:HEX_BLOCK_UNIT|o_hex_7[5] ; i_clk        ; i_clk       ; 1.000        ; -0.022     ; 11.336     ;
; -10.325 ; w_i_data[10] ; HEX_block:HEX_BLOCK_UNIT|o_hex_7[4] ; i_clk        ; i_clk       ; 1.000        ; -0.022     ; 11.335     ;
; -10.323 ; w_i_data[10] ; HEX_block:HEX_BLOCK_UNIT|o_hex_7[3] ; i_clk        ; i_clk       ; 1.000        ; -0.022     ; 11.333     ;
; -10.323 ; w_i_data[10] ; HEX_block:HEX_BLOCK_UNIT|o_hex_7[6] ; i_clk        ; i_clk       ; 1.000        ; -0.022     ; 11.333     ;
; -10.320 ; w_i_data[10] ; HEX_block:HEX_BLOCK_UNIT|o_hex_7[0] ; i_clk        ; i_clk       ; 1.000        ; -0.022     ; 11.330     ;
; -10.320 ; w_i_data[10] ; HEX_block:HEX_BLOCK_UNIT|o_hex_7[1] ; i_clk        ; i_clk       ; 1.000        ; -0.022     ; 11.330     ;
; -10.320 ; w_i_data[10] ; HEX_block:HEX_BLOCK_UNIT|o_hex_7[2] ; i_clk        ; i_clk       ; 1.000        ; -0.022     ; 11.330     ;
; -10.316 ; w_i_data[12] ; HEX_block:HEX_BLOCK_UNIT|o_hex_7[5] ; i_clk        ; i_clk       ; 1.000        ; -0.022     ; 11.326     ;
; -10.315 ; w_i_data[12] ; HEX_block:HEX_BLOCK_UNIT|o_hex_7[4] ; i_clk        ; i_clk       ; 1.000        ; -0.022     ; 11.325     ;
; -10.313 ; w_i_data[12] ; HEX_block:HEX_BLOCK_UNIT|o_hex_7[3] ; i_clk        ; i_clk       ; 1.000        ; -0.022     ; 11.323     ;
; -10.313 ; w_i_data[12] ; HEX_block:HEX_BLOCK_UNIT|o_hex_7[6] ; i_clk        ; i_clk       ; 1.000        ; -0.022     ; 11.323     ;
; -10.310 ; w_i_data[12] ; HEX_block:HEX_BLOCK_UNIT|o_hex_7[0] ; i_clk        ; i_clk       ; 1.000        ; -0.022     ; 11.320     ;
; -10.310 ; w_i_data[12] ; HEX_block:HEX_BLOCK_UNIT|o_hex_7[1] ; i_clk        ; i_clk       ; 1.000        ; -0.022     ; 11.320     ;
; -10.310 ; w_i_data[12] ; HEX_block:HEX_BLOCK_UNIT|o_hex_7[2] ; i_clk        ; i_clk       ; 1.000        ; -0.022     ; 11.320     ;
; -10.297 ; w_i_data[13] ; HEX_block:HEX_BLOCK_UNIT|o_hex_7[5] ; i_clk        ; i_clk       ; 1.000        ; -0.022     ; 11.307     ;
; -10.296 ; w_i_data[13] ; HEX_block:HEX_BLOCK_UNIT|o_hex_7[4] ; i_clk        ; i_clk       ; 1.000        ; -0.022     ; 11.306     ;
; -10.294 ; w_i_data[13] ; HEX_block:HEX_BLOCK_UNIT|o_hex_7[3] ; i_clk        ; i_clk       ; 1.000        ; -0.022     ; 11.304     ;
; -10.294 ; w_i_data[13] ; HEX_block:HEX_BLOCK_UNIT|o_hex_7[6] ; i_clk        ; i_clk       ; 1.000        ; -0.022     ; 11.304     ;
; -10.291 ; w_i_data[13] ; HEX_block:HEX_BLOCK_UNIT|o_hex_7[0] ; i_clk        ; i_clk       ; 1.000        ; -0.022     ; 11.301     ;
; -10.291 ; w_i_data[13] ; HEX_block:HEX_BLOCK_UNIT|o_hex_7[1] ; i_clk        ; i_clk       ; 1.000        ; -0.022     ; 11.301     ;
; -10.291 ; w_i_data[13] ; HEX_block:HEX_BLOCK_UNIT|o_hex_7[2] ; i_clk        ; i_clk       ; 1.000        ; -0.022     ; 11.301     ;
; -10.255 ; w_i_data[8]  ; HEX_block:HEX_BLOCK_UNIT|o_hex_6[2] ; i_clk        ; i_clk       ; 1.000        ; -0.008     ; 11.279     ;
; -10.255 ; w_i_data[8]  ; HEX_block:HEX_BLOCK_UNIT|o_hex_6[3] ; i_clk        ; i_clk       ; 1.000        ; -0.008     ; 11.279     ;
; -10.254 ; w_i_data[8]  ; HEX_block:HEX_BLOCK_UNIT|o_hex_6[6] ; i_clk        ; i_clk       ; 1.000        ; -0.008     ; 11.278     ;
; -10.250 ; w_i_data[8]  ; HEX_block:HEX_BLOCK_UNIT|o_hex_6[0] ; i_clk        ; i_clk       ; 1.000        ; -0.008     ; 11.274     ;
; -10.250 ; w_i_data[8]  ; HEX_block:HEX_BLOCK_UNIT|o_hex_6[1] ; i_clk        ; i_clk       ; 1.000        ; -0.008     ; 11.274     ;
; -10.249 ; w_i_data[8]  ; HEX_block:HEX_BLOCK_UNIT|o_hex_6[4] ; i_clk        ; i_clk       ; 1.000        ; -0.008     ; 11.273     ;
; -10.248 ; w_i_data[8]  ; HEX_block:HEX_BLOCK_UNIT|o_hex_6[5] ; i_clk        ; i_clk       ; 1.000        ; -0.008     ; 11.272     ;
; -10.234 ; w_i_data[9]  ; HEX_block:HEX_BLOCK_UNIT|o_hex_6[2] ; i_clk        ; i_clk       ; 1.000        ; -0.008     ; 11.258     ;
; -10.234 ; w_i_data[9]  ; HEX_block:HEX_BLOCK_UNIT|o_hex_6[3] ; i_clk        ; i_clk       ; 1.000        ; -0.008     ; 11.258     ;
; -10.233 ; w_i_data[9]  ; HEX_block:HEX_BLOCK_UNIT|o_hex_6[6] ; i_clk        ; i_clk       ; 1.000        ; -0.008     ; 11.257     ;
; -10.229 ; w_i_data[9]  ; HEX_block:HEX_BLOCK_UNIT|o_hex_6[0] ; i_clk        ; i_clk       ; 1.000        ; -0.008     ; 11.253     ;
; -10.229 ; w_i_data[9]  ; HEX_block:HEX_BLOCK_UNIT|o_hex_6[1] ; i_clk        ; i_clk       ; 1.000        ; -0.008     ; 11.253     ;
; -10.228 ; w_i_data[9]  ; HEX_block:HEX_BLOCK_UNIT|o_hex_6[4] ; i_clk        ; i_clk       ; 1.000        ; -0.008     ; 11.252     ;
; -10.227 ; w_i_data[9]  ; HEX_block:HEX_BLOCK_UNIT|o_hex_6[5] ; i_clk        ; i_clk       ; 1.000        ; -0.008     ; 11.251     ;
; -10.185 ; w_i_data[14] ; HEX_block:HEX_BLOCK_UNIT|o_hex_7[5] ; i_clk        ; i_clk       ; 1.000        ; -0.022     ; 11.195     ;
; -10.184 ; w_i_data[14] ; HEX_block:HEX_BLOCK_UNIT|o_hex_7[4] ; i_clk        ; i_clk       ; 1.000        ; -0.022     ; 11.194     ;
; -10.182 ; w_i_data[14] ; HEX_block:HEX_BLOCK_UNIT|o_hex_7[3] ; i_clk        ; i_clk       ; 1.000        ; -0.022     ; 11.192     ;
; -10.182 ; w_i_data[14] ; HEX_block:HEX_BLOCK_UNIT|o_hex_7[6] ; i_clk        ; i_clk       ; 1.000        ; -0.022     ; 11.192     ;
; -10.179 ; w_i_data[14] ; HEX_block:HEX_BLOCK_UNIT|o_hex_7[0] ; i_clk        ; i_clk       ; 1.000        ; -0.022     ; 11.189     ;
; -10.179 ; w_i_data[14] ; HEX_block:HEX_BLOCK_UNIT|o_hex_7[1] ; i_clk        ; i_clk       ; 1.000        ; -0.022     ; 11.189     ;
; -10.179 ; w_i_data[14] ; HEX_block:HEX_BLOCK_UNIT|o_hex_7[2] ; i_clk        ; i_clk       ; 1.000        ; -0.022     ; 11.189     ;
; -10.152 ; w_i_data[11] ; HEX_block:HEX_BLOCK_UNIT|o_hex_7[5] ; i_clk        ; i_clk       ; 1.000        ; -0.022     ; 11.162     ;
; -10.151 ; w_i_data[11] ; HEX_block:HEX_BLOCK_UNIT|o_hex_7[4] ; i_clk        ; i_clk       ; 1.000        ; -0.022     ; 11.161     ;
; -10.149 ; w_i_data[11] ; HEX_block:HEX_BLOCK_UNIT|o_hex_7[3] ; i_clk        ; i_clk       ; 1.000        ; -0.022     ; 11.159     ;
; -10.149 ; w_i_data[11] ; HEX_block:HEX_BLOCK_UNIT|o_hex_7[6] ; i_clk        ; i_clk       ; 1.000        ; -0.022     ; 11.159     ;
; -10.146 ; w_i_data[11] ; HEX_block:HEX_BLOCK_UNIT|o_hex_7[0] ; i_clk        ; i_clk       ; 1.000        ; -0.022     ; 11.156     ;
; -10.146 ; w_i_data[11] ; HEX_block:HEX_BLOCK_UNIT|o_hex_7[1] ; i_clk        ; i_clk       ; 1.000        ; -0.022     ; 11.156     ;
; -10.146 ; w_i_data[11] ; HEX_block:HEX_BLOCK_UNIT|o_hex_7[2] ; i_clk        ; i_clk       ; 1.000        ; -0.022     ; 11.156     ;
; -10.139 ; w_i_data[10] ; HEX_block:HEX_BLOCK_UNIT|o_hex_6[2] ; i_clk        ; i_clk       ; 1.000        ; -0.008     ; 11.163     ;
; -10.139 ; w_i_data[10] ; HEX_block:HEX_BLOCK_UNIT|o_hex_6[3] ; i_clk        ; i_clk       ; 1.000        ; -0.008     ; 11.163     ;
; -10.138 ; w_i_data[10] ; HEX_block:HEX_BLOCK_UNIT|o_hex_6[6] ; i_clk        ; i_clk       ; 1.000        ; -0.008     ; 11.162     ;
; -10.134 ; w_i_data[10] ; HEX_block:HEX_BLOCK_UNIT|o_hex_6[0] ; i_clk        ; i_clk       ; 1.000        ; -0.008     ; 11.158     ;
; -10.134 ; w_i_data[10] ; HEX_block:HEX_BLOCK_UNIT|o_hex_6[1] ; i_clk        ; i_clk       ; 1.000        ; -0.008     ; 11.158     ;
; -10.133 ; w_i_data[10] ; HEX_block:HEX_BLOCK_UNIT|o_hex_6[4] ; i_clk        ; i_clk       ; 1.000        ; -0.008     ; 11.157     ;
; -10.132 ; w_i_data[10] ; HEX_block:HEX_BLOCK_UNIT|o_hex_6[5] ; i_clk        ; i_clk       ; 1.000        ; -0.008     ; 11.156     ;
; -10.129 ; w_i_data[12] ; HEX_block:HEX_BLOCK_UNIT|o_hex_6[2] ; i_clk        ; i_clk       ; 1.000        ; -0.008     ; 11.153     ;
; -10.129 ; w_i_data[12] ; HEX_block:HEX_BLOCK_UNIT|o_hex_6[3] ; i_clk        ; i_clk       ; 1.000        ; -0.008     ; 11.153     ;
; -10.128 ; w_i_data[12] ; HEX_block:HEX_BLOCK_UNIT|o_hex_6[6] ; i_clk        ; i_clk       ; 1.000        ; -0.008     ; 11.152     ;
; -10.124 ; w_i_data[12] ; HEX_block:HEX_BLOCK_UNIT|o_hex_6[0] ; i_clk        ; i_clk       ; 1.000        ; -0.008     ; 11.148     ;
; -10.124 ; w_i_data[12] ; HEX_block:HEX_BLOCK_UNIT|o_hex_6[1] ; i_clk        ; i_clk       ; 1.000        ; -0.008     ; 11.148     ;
; -10.123 ; w_i_data[12] ; HEX_block:HEX_BLOCK_UNIT|o_hex_6[4] ; i_clk        ; i_clk       ; 1.000        ; -0.008     ; 11.147     ;
; -10.122 ; w_i_data[12] ; HEX_block:HEX_BLOCK_UNIT|o_hex_6[5] ; i_clk        ; i_clk       ; 1.000        ; -0.008     ; 11.146     ;
; -10.110 ; w_i_data[13] ; HEX_block:HEX_BLOCK_UNIT|o_hex_6[2] ; i_clk        ; i_clk       ; 1.000        ; -0.008     ; 11.134     ;
; -10.110 ; w_i_data[13] ; HEX_block:HEX_BLOCK_UNIT|o_hex_6[3] ; i_clk        ; i_clk       ; 1.000        ; -0.008     ; 11.134     ;
; -10.109 ; w_i_data[13] ; HEX_block:HEX_BLOCK_UNIT|o_hex_6[6] ; i_clk        ; i_clk       ; 1.000        ; -0.008     ; 11.133     ;
; -10.105 ; w_i_data[13] ; HEX_block:HEX_BLOCK_UNIT|o_hex_6[0] ; i_clk        ; i_clk       ; 1.000        ; -0.008     ; 11.129     ;
; -10.105 ; w_i_data[13] ; HEX_block:HEX_BLOCK_UNIT|o_hex_6[1] ; i_clk        ; i_clk       ; 1.000        ; -0.008     ; 11.129     ;
; -10.104 ; w_i_data[13] ; HEX_block:HEX_BLOCK_UNIT|o_hex_6[4] ; i_clk        ; i_clk       ; 1.000        ; -0.008     ; 11.128     ;
; -10.103 ; w_i_data[13] ; HEX_block:HEX_BLOCK_UNIT|o_hex_6[5] ; i_clk        ; i_clk       ; 1.000        ; -0.008     ; 11.127     ;
; -10.074 ; w_i_data[15] ; HEX_block:HEX_BLOCK_UNIT|o_hex_7[5] ; i_clk        ; i_clk       ; 1.000        ; -0.022     ; 11.084     ;
; -10.073 ; w_i_data[15] ; HEX_block:HEX_BLOCK_UNIT|o_hex_7[4] ; i_clk        ; i_clk       ; 1.000        ; -0.022     ; 11.083     ;
; -10.071 ; w_i_data[15] ; HEX_block:HEX_BLOCK_UNIT|o_hex_7[3] ; i_clk        ; i_clk       ; 1.000        ; -0.022     ; 11.081     ;
; -10.071 ; w_i_data[15] ; HEX_block:HEX_BLOCK_UNIT|o_hex_7[6] ; i_clk        ; i_clk       ; 1.000        ; -0.022     ; 11.081     ;
; -10.068 ; w_i_data[15] ; HEX_block:HEX_BLOCK_UNIT|o_hex_7[0] ; i_clk        ; i_clk       ; 1.000        ; -0.022     ; 11.078     ;
; -10.068 ; w_i_data[15] ; HEX_block:HEX_BLOCK_UNIT|o_hex_7[1] ; i_clk        ; i_clk       ; 1.000        ; -0.022     ; 11.078     ;
; -10.068 ; w_i_data[15] ; HEX_block:HEX_BLOCK_UNIT|o_hex_7[2] ; i_clk        ; i_clk       ; 1.000        ; -0.022     ; 11.078     ;
; -10.048 ; w_i_data[8]  ; HEX_block:HEX_BLOCK_UNIT|o_hex_5[5] ; i_clk        ; i_clk       ; 1.000        ; -0.004     ; 11.076     ;
; -10.047 ; w_i_data[8]  ; HEX_block:HEX_BLOCK_UNIT|o_hex_5[3] ; i_clk        ; i_clk       ; 1.000        ; -0.004     ; 11.075     ;
; -10.046 ; w_i_data[8]  ; HEX_block:HEX_BLOCK_UNIT|o_hex_5[0] ; i_clk        ; i_clk       ; 1.000        ; -0.004     ; 11.074     ;
; -10.046 ; w_i_data[8]  ; HEX_block:HEX_BLOCK_UNIT|o_hex_5[2] ; i_clk        ; i_clk       ; 1.000        ; -0.004     ; 11.074     ;
; -10.027 ; w_i_data[9]  ; HEX_block:HEX_BLOCK_UNIT|o_hex_5[5] ; i_clk        ; i_clk       ; 1.000        ; -0.004     ; 11.055     ;
; -10.026 ; w_i_data[9]  ; HEX_block:HEX_BLOCK_UNIT|o_hex_5[3] ; i_clk        ; i_clk       ; 1.000        ; -0.004     ; 11.054     ;
; -10.025 ; w_i_data[9]  ; HEX_block:HEX_BLOCK_UNIT|o_hex_5[0] ; i_clk        ; i_clk       ; 1.000        ; -0.004     ; 11.053     ;
; -10.025 ; w_i_data[9]  ; HEX_block:HEX_BLOCK_UNIT|o_hex_5[2] ; i_clk        ; i_clk       ; 1.000        ; -0.004     ; 11.053     ;
; -10.017 ; w_i_data[8]  ; HEX_block:HEX_BLOCK_UNIT|o_hex_5[1] ; i_clk        ; i_clk       ; 1.000        ; -0.004     ; 11.045     ;
+---------+--------------+-------------------------------------+--------------+-------------+--------------+------------+------------+


+------------------------------------------------------------------------------------------------------+
; Fast Model Setup: 'CLOCK_50'                                                                         ;
+--------+-----------+-----------+--------------+-------------+--------------+------------+------------+
; Slack  ; From Node ; To Node   ; Launch Clock ; Latch Clock ; Relationship ; Clock Skew ; Data Delay ;
+--------+-----------+-----------+--------------+-------------+--------------+------------+------------+
; -0.840 ; count[0]  ; count[31] ; CLOCK_50     ; CLOCK_50    ; 1.000        ; -0.004     ; 1.868      ;
; -0.806 ; count[1]  ; count[31] ; CLOCK_50     ; CLOCK_50    ; 1.000        ; -0.004     ; 1.834      ;
; -0.805 ; count[0]  ; count[30] ; CLOCK_50     ; CLOCK_50    ; 1.000        ; -0.004     ; 1.833      ;
; -0.772 ; count[2]  ; count[31] ; CLOCK_50     ; CLOCK_50    ; 1.000        ; -0.004     ; 1.800      ;
; -0.771 ; count[1]  ; count[30] ; CLOCK_50     ; CLOCK_50    ; 1.000        ; -0.004     ; 1.799      ;
; -0.770 ; count[0]  ; count[29] ; CLOCK_50     ; CLOCK_50    ; 1.000        ; -0.004     ; 1.798      ;
; -0.750 ; count[3]  ; count[31] ; CLOCK_50     ; CLOCK_50    ; 1.000        ; -0.004     ; 1.778      ;
; -0.737 ; count[2]  ; count[30] ; CLOCK_50     ; CLOCK_50    ; 1.000        ; -0.004     ; 1.765      ;
; -0.736 ; count[1]  ; count[29] ; CLOCK_50     ; CLOCK_50    ; 1.000        ; -0.004     ; 1.764      ;
; -0.735 ; count[0]  ; count[28] ; CLOCK_50     ; CLOCK_50    ; 1.000        ; -0.004     ; 1.763      ;
; -0.715 ; count[3]  ; count[30] ; CLOCK_50     ; CLOCK_50    ; 1.000        ; -0.004     ; 1.743      ;
; -0.703 ; count[4]  ; count[31] ; CLOCK_50     ; CLOCK_50    ; 1.000        ; -0.004     ; 1.731      ;
; -0.702 ; count[2]  ; count[29] ; CLOCK_50     ; CLOCK_50    ; 1.000        ; -0.004     ; 1.730      ;
; -0.701 ; count[1]  ; count[28] ; CLOCK_50     ; CLOCK_50    ; 1.000        ; -0.004     ; 1.729      ;
; -0.700 ; count[0]  ; count[27] ; CLOCK_50     ; CLOCK_50    ; 1.000        ; -0.004     ; 1.728      ;
; -0.681 ; count[5]  ; count[31] ; CLOCK_50     ; CLOCK_50    ; 1.000        ; -0.004     ; 1.709      ;
; -0.680 ; count[3]  ; count[29] ; CLOCK_50     ; CLOCK_50    ; 1.000        ; -0.004     ; 1.708      ;
; -0.668 ; count[4]  ; count[30] ; CLOCK_50     ; CLOCK_50    ; 1.000        ; -0.004     ; 1.696      ;
; -0.667 ; count[2]  ; count[28] ; CLOCK_50     ; CLOCK_50    ; 1.000        ; -0.004     ; 1.695      ;
; -0.666 ; count[1]  ; count[27] ; CLOCK_50     ; CLOCK_50    ; 1.000        ; -0.004     ; 1.694      ;
; -0.665 ; count[0]  ; count[26] ; CLOCK_50     ; CLOCK_50    ; 1.000        ; -0.004     ; 1.693      ;
; -0.646 ; count[6]  ; count[31] ; CLOCK_50     ; CLOCK_50    ; 1.000        ; -0.004     ; 1.674      ;
; -0.646 ; count[5]  ; count[30] ; CLOCK_50     ; CLOCK_50    ; 1.000        ; -0.004     ; 1.674      ;
; -0.645 ; count[3]  ; count[28] ; CLOCK_50     ; CLOCK_50    ; 1.000        ; -0.004     ; 1.673      ;
; -0.633 ; count[4]  ; count[29] ; CLOCK_50     ; CLOCK_50    ; 1.000        ; -0.004     ; 1.661      ;
; -0.632 ; count[2]  ; count[27] ; CLOCK_50     ; CLOCK_50    ; 1.000        ; -0.004     ; 1.660      ;
; -0.631 ; count[1]  ; count[26] ; CLOCK_50     ; CLOCK_50    ; 1.000        ; -0.004     ; 1.659      ;
; -0.630 ; count[0]  ; count[25] ; CLOCK_50     ; CLOCK_50    ; 1.000        ; -0.004     ; 1.658      ;
; -0.611 ; count[6]  ; count[30] ; CLOCK_50     ; CLOCK_50    ; 1.000        ; -0.004     ; 1.639      ;
; -0.611 ; count[5]  ; count[29] ; CLOCK_50     ; CLOCK_50    ; 1.000        ; -0.004     ; 1.639      ;
; -0.610 ; count[3]  ; count[27] ; CLOCK_50     ; CLOCK_50    ; 1.000        ; -0.004     ; 1.638      ;
; -0.598 ; count[4]  ; count[28] ; CLOCK_50     ; CLOCK_50    ; 1.000        ; -0.004     ; 1.626      ;
; -0.597 ; count[2]  ; count[26] ; CLOCK_50     ; CLOCK_50    ; 1.000        ; -0.004     ; 1.625      ;
; -0.596 ; count[1]  ; count[25] ; CLOCK_50     ; CLOCK_50    ; 1.000        ; -0.004     ; 1.624      ;
; -0.595 ; count[0]  ; count[24] ; CLOCK_50     ; CLOCK_50    ; 1.000        ; -0.004     ; 1.623      ;
; -0.595 ; count[15] ; count[0]  ; CLOCK_50     ; CLOCK_50    ; 1.000        ; 0.000      ; 1.627      ;
; -0.594 ; count[7]  ; count[31] ; CLOCK_50     ; CLOCK_50    ; 1.000        ; -0.004     ; 1.622      ;
; -0.590 ; count[15] ; count[1]  ; CLOCK_50     ; CLOCK_50    ; 1.000        ; 0.000      ; 1.622      ;
; -0.576 ; count[6]  ; count[29] ; CLOCK_50     ; CLOCK_50    ; 1.000        ; -0.004     ; 1.604      ;
; -0.576 ; count[5]  ; count[28] ; CLOCK_50     ; CLOCK_50    ; 1.000        ; -0.004     ; 1.604      ;
; -0.575 ; count[3]  ; count[26] ; CLOCK_50     ; CLOCK_50    ; 1.000        ; -0.004     ; 1.603      ;
; -0.563 ; count[4]  ; count[27] ; CLOCK_50     ; CLOCK_50    ; 1.000        ; -0.004     ; 1.591      ;
; -0.562 ; count[2]  ; count[25] ; CLOCK_50     ; CLOCK_50    ; 1.000        ; -0.004     ; 1.590      ;
; -0.561 ; count[1]  ; count[24] ; CLOCK_50     ; CLOCK_50    ; 1.000        ; -0.004     ; 1.589      ;
; -0.560 ; count[20] ; count[0]  ; CLOCK_50     ; CLOCK_50    ; 1.000        ; 0.004      ; 1.596      ;
; -0.559 ; count[7]  ; count[30] ; CLOCK_50     ; CLOCK_50    ; 1.000        ; -0.004     ; 1.587      ;
; -0.551 ; count[20] ; count[1]  ; CLOCK_50     ; CLOCK_50    ; 1.000        ; 0.004      ; 1.587      ;
; -0.541 ; count[6]  ; count[28] ; CLOCK_50     ; CLOCK_50    ; 1.000        ; -0.004     ; 1.569      ;
; -0.541 ; count[5]  ; count[27] ; CLOCK_50     ; CLOCK_50    ; 1.000        ; -0.004     ; 1.569      ;
; -0.540 ; count[3]  ; count[25] ; CLOCK_50     ; CLOCK_50    ; 1.000        ; -0.004     ; 1.568      ;
; -0.528 ; count[4]  ; count[26] ; CLOCK_50     ; CLOCK_50    ; 1.000        ; -0.004     ; 1.556      ;
; -0.527 ; count[2]  ; count[24] ; CLOCK_50     ; CLOCK_50    ; 1.000        ; -0.004     ; 1.555      ;
; -0.527 ; count[4]  ; count[0]  ; CLOCK_50     ; CLOCK_50    ; 1.000        ; 0.000      ; 1.559      ;
; -0.524 ; count[7]  ; count[29] ; CLOCK_50     ; CLOCK_50    ; 1.000        ; -0.004     ; 1.552      ;
; -0.523 ; count[1]  ; count[0]  ; CLOCK_50     ; CLOCK_50    ; 1.000        ; 0.000      ; 1.555      ;
; -0.522 ; count[4]  ; count[1]  ; CLOCK_50     ; CLOCK_50    ; 1.000        ; 0.000      ; 1.554      ;
; -0.518 ; count[20] ; i_clk     ; CLOCK_50     ; CLOCK_50    ; 1.000        ; -0.019     ; 1.531      ;
; -0.518 ; count[1]  ; count[1]  ; CLOCK_50     ; CLOCK_50    ; 1.000        ; 0.000      ; 1.550      ;
; -0.516 ; count[8]  ; count[31] ; CLOCK_50     ; CLOCK_50    ; 1.000        ; -0.004     ; 1.544      ;
; -0.506 ; count[6]  ; count[27] ; CLOCK_50     ; CLOCK_50    ; 1.000        ; -0.004     ; 1.534      ;
; -0.506 ; count[5]  ; count[26] ; CLOCK_50     ; CLOCK_50    ; 1.000        ; -0.004     ; 1.534      ;
; -0.505 ; count[3]  ; count[24] ; CLOCK_50     ; CLOCK_50    ; 1.000        ; -0.004     ; 1.533      ;
; -0.501 ; count[0]  ; count[23] ; CLOCK_50     ; CLOCK_50    ; 1.000        ; -0.004     ; 1.529      ;
; -0.493 ; count[4]  ; count[25] ; CLOCK_50     ; CLOCK_50    ; 1.000        ; -0.004     ; 1.521      ;
; -0.489 ; count[7]  ; count[28] ; CLOCK_50     ; CLOCK_50    ; 1.000        ; -0.004     ; 1.517      ;
; -0.481 ; count[8]  ; count[30] ; CLOCK_50     ; CLOCK_50    ; 1.000        ; -0.004     ; 1.509      ;
; -0.480 ; count[2]  ; count[0]  ; CLOCK_50     ; CLOCK_50    ; 1.000        ; 0.000      ; 1.512      ;
; -0.478 ; count[14] ; count[0]  ; CLOCK_50     ; CLOCK_50    ; 1.000        ; 0.000      ; 1.510      ;
; -0.475 ; count[2]  ; count[1]  ; CLOCK_50     ; CLOCK_50    ; 1.000        ; 0.000      ; 1.507      ;
; -0.473 ; count[14] ; count[1]  ; CLOCK_50     ; CLOCK_50    ; 1.000        ; 0.000      ; 1.505      ;
; -0.471 ; count[6]  ; count[26] ; CLOCK_50     ; CLOCK_50    ; 1.000        ; -0.004     ; 1.499      ;
; -0.471 ; count[5]  ; count[25] ; CLOCK_50     ; CLOCK_50    ; 1.000        ; -0.004     ; 1.499      ;
; -0.470 ; count[27] ; count[0]  ; CLOCK_50     ; CLOCK_50    ; 1.000        ; 0.004      ; 1.506      ;
; -0.468 ; count[9]  ; count[31] ; CLOCK_50     ; CLOCK_50    ; 1.000        ; -0.004     ; 1.496      ;
; -0.467 ; count[1]  ; count[23] ; CLOCK_50     ; CLOCK_50    ; 1.000        ; -0.004     ; 1.495      ;
; -0.466 ; count[0]  ; count[22] ; CLOCK_50     ; CLOCK_50    ; 1.000        ; -0.004     ; 1.494      ;
; -0.465 ; count[0]  ; count[0]  ; CLOCK_50     ; CLOCK_50    ; 1.000        ; 0.000      ; 1.497      ;
; -0.461 ; count[27] ; count[1]  ; CLOCK_50     ; CLOCK_50    ; 1.000        ; 0.004      ; 1.497      ;
; -0.460 ; count[0]  ; count[1]  ; CLOCK_50     ; CLOCK_50    ; 1.000        ; 0.000      ; 1.492      ;
; -0.458 ; count[4]  ; count[24] ; CLOCK_50     ; CLOCK_50    ; 1.000        ; -0.004     ; 1.486      ;
; -0.454 ; count[7]  ; count[27] ; CLOCK_50     ; CLOCK_50    ; 1.000        ; -0.004     ; 1.482      ;
; -0.446 ; count[10] ; count[31] ; CLOCK_50     ; CLOCK_50    ; 1.000        ; -0.004     ; 1.474      ;
; -0.446 ; count[8]  ; count[29] ; CLOCK_50     ; CLOCK_50    ; 1.000        ; -0.004     ; 1.474      ;
; -0.446 ; count[24] ; count[0]  ; CLOCK_50     ; CLOCK_50    ; 1.000        ; 0.004      ; 1.482      ;
; -0.437 ; count[25] ; count[0]  ; CLOCK_50     ; CLOCK_50    ; 1.000        ; 0.004      ; 1.473      ;
; -0.437 ; count[24] ; count[1]  ; CLOCK_50     ; CLOCK_50    ; 1.000        ; 0.004      ; 1.473      ;
; -0.436 ; count[6]  ; count[25] ; CLOCK_50     ; CLOCK_50    ; 1.000        ; -0.004     ; 1.464      ;
; -0.436 ; count[5]  ; count[24] ; CLOCK_50     ; CLOCK_50    ; 1.000        ; -0.004     ; 1.464      ;
; -0.436 ; count[23] ; count[0]  ; CLOCK_50     ; CLOCK_50    ; 1.000        ; 0.004      ; 1.472      ;
; -0.433 ; count[9]  ; count[30] ; CLOCK_50     ; CLOCK_50    ; 1.000        ; -0.004     ; 1.461      ;
; -0.433 ; count[2]  ; count[23] ; CLOCK_50     ; CLOCK_50    ; 1.000        ; -0.004     ; 1.461      ;
; -0.432 ; count[1]  ; count[22] ; CLOCK_50     ; CLOCK_50    ; 1.000        ; -0.004     ; 1.460      ;
; -0.431 ; count[0]  ; count[21] ; CLOCK_50     ; CLOCK_50    ; 1.000        ; -0.004     ; 1.459      ;
; -0.428 ; count[22] ; count[0]  ; CLOCK_50     ; CLOCK_50    ; 1.000        ; 0.004      ; 1.464      ;
; -0.428 ; count[27] ; i_clk     ; CLOCK_50     ; CLOCK_50    ; 1.000        ; -0.019     ; 1.441      ;
; -0.428 ; count[25] ; count[1]  ; CLOCK_50     ; CLOCK_50    ; 1.000        ; 0.004      ; 1.464      ;
; -0.427 ; count[23] ; count[1]  ; CLOCK_50     ; CLOCK_50    ; 1.000        ; 0.004      ; 1.463      ;
; -0.425 ; count[31] ; count[0]  ; CLOCK_50     ; CLOCK_50    ; 1.000        ; 0.004      ; 1.461      ;
; -0.419 ; count[7]  ; count[26] ; CLOCK_50     ; CLOCK_50    ; 1.000        ; -0.004     ; 1.447      ;
; -0.419 ; count[22] ; count[1]  ; CLOCK_50     ; CLOCK_50    ; 1.000        ; 0.004      ; 1.455      ;
+--------+-----------+-----------+--------------+-------------+--------------+------------+------------+


+------------------------------------------------------------------------------------------------------+
; Fast Model Hold: 'CLOCK_50'                                                                          ;
+--------+-----------+-----------+--------------+-------------+--------------+------------+------------+
; Slack  ; From Node ; To Node   ; Launch Clock ; Latch Clock ; Relationship ; Clock Skew ; Data Delay ;
+--------+-----------+-----------+--------------+-------------+--------------+------------+------------+
; -1.546 ; i_clk     ; i_clk     ; i_clk        ; CLOCK_50    ; 0.000        ; 1.620      ; 0.367      ;
; -1.046 ; i_clk     ; i_clk     ; i_clk        ; CLOCK_50    ; -0.500       ; 1.620      ; 0.367      ;
; 0.243  ; count[31] ; count[31] ; CLOCK_50     ; CLOCK_50    ; 0.000        ; 0.000      ; 0.395      ;
; 0.355  ; count[16] ; count[16] ; CLOCK_50     ; CLOCK_50    ; 0.000        ; 0.000      ; 0.507      ;
; 0.359  ; count[17] ; count[17] ; CLOCK_50     ; CLOCK_50    ; 0.000        ; 0.000      ; 0.511      ;
; 0.360  ; count[9]  ; count[9]  ; CLOCK_50     ; CLOCK_50    ; 0.000        ; 0.000      ; 0.512      ;
; 0.360  ; count[11] ; count[11] ; CLOCK_50     ; CLOCK_50    ; 0.000        ; 0.000      ; 0.512      ;
; 0.360  ; count[2]  ; count[2]  ; CLOCK_50     ; CLOCK_50    ; 0.000        ; 0.000      ; 0.512      ;
; 0.360  ; count[18] ; count[18] ; CLOCK_50     ; CLOCK_50    ; 0.000        ; 0.000      ; 0.512      ;
; 0.360  ; count[25] ; count[25] ; CLOCK_50     ; CLOCK_50    ; 0.000        ; 0.000      ; 0.512      ;
; 0.360  ; count[27] ; count[27] ; CLOCK_50     ; CLOCK_50    ; 0.000        ; 0.000      ; 0.512      ;
; 0.361  ; count[7]  ; count[7]  ; CLOCK_50     ; CLOCK_50    ; 0.000        ; 0.000      ; 0.513      ;
; 0.361  ; count[4]  ; count[4]  ; CLOCK_50     ; CLOCK_50    ; 0.000        ; 0.000      ; 0.513      ;
; 0.361  ; count[13] ; count[13] ; CLOCK_50     ; CLOCK_50    ; 0.000        ; 0.000      ; 0.513      ;
; 0.361  ; count[14] ; count[14] ; CLOCK_50     ; CLOCK_50    ; 0.000        ; 0.000      ; 0.513      ;
; 0.361  ; count[15] ; count[15] ; CLOCK_50     ; CLOCK_50    ; 0.000        ; 0.000      ; 0.513      ;
; 0.361  ; count[20] ; count[20] ; CLOCK_50     ; CLOCK_50    ; 0.000        ; 0.000      ; 0.513      ;
; 0.361  ; count[23] ; count[23] ; CLOCK_50     ; CLOCK_50    ; 0.000        ; 0.000      ; 0.513      ;
; 0.361  ; count[29] ; count[29] ; CLOCK_50     ; CLOCK_50    ; 0.000        ; 0.000      ; 0.513      ;
; 0.361  ; count[30] ; count[30] ; CLOCK_50     ; CLOCK_50    ; 0.000        ; 0.000      ; 0.513      ;
; 0.371  ; count[10] ; count[10] ; CLOCK_50     ; CLOCK_50    ; 0.000        ; 0.000      ; 0.523      ;
; 0.371  ; count[8]  ; count[8]  ; CLOCK_50     ; CLOCK_50    ; 0.000        ; 0.000      ; 0.523      ;
; 0.371  ; count[3]  ; count[3]  ; CLOCK_50     ; CLOCK_50    ; 0.000        ; 0.000      ; 0.523      ;
; 0.371  ; count[19] ; count[19] ; CLOCK_50     ; CLOCK_50    ; 0.000        ; 0.000      ; 0.523      ;
; 0.371  ; count[24] ; count[24] ; CLOCK_50     ; CLOCK_50    ; 0.000        ; 0.000      ; 0.523      ;
; 0.371  ; count[26] ; count[26] ; CLOCK_50     ; CLOCK_50    ; 0.000        ; 0.000      ; 0.523      ;
; 0.372  ; count[5]  ; count[5]  ; CLOCK_50     ; CLOCK_50    ; 0.000        ; 0.000      ; 0.524      ;
; 0.372  ; count[6]  ; count[6]  ; CLOCK_50     ; CLOCK_50    ; 0.000        ; 0.000      ; 0.524      ;
; 0.372  ; count[12] ; count[12] ; CLOCK_50     ; CLOCK_50    ; 0.000        ; 0.000      ; 0.524      ;
; 0.372  ; count[21] ; count[21] ; CLOCK_50     ; CLOCK_50    ; 0.000        ; 0.000      ; 0.524      ;
; 0.372  ; count[22] ; count[22] ; CLOCK_50     ; CLOCK_50    ; 0.000        ; 0.000      ; 0.524      ;
; 0.372  ; count[28] ; count[28] ; CLOCK_50     ; CLOCK_50    ; 0.000        ; 0.000      ; 0.524      ;
; 0.493  ; count[16] ; count[17] ; CLOCK_50     ; CLOCK_50    ; 0.000        ; 0.000      ; 0.645      ;
; 0.497  ; count[1]  ; count[2]  ; CLOCK_50     ; CLOCK_50    ; 0.000        ; 0.000      ; 0.649      ;
; 0.497  ; count[17] ; count[18] ; CLOCK_50     ; CLOCK_50    ; 0.000        ; 0.000      ; 0.649      ;
; 0.498  ; count[9]  ; count[10] ; CLOCK_50     ; CLOCK_50    ; 0.000        ; 0.000      ; 0.650      ;
; 0.498  ; count[2]  ; count[3]  ; CLOCK_50     ; CLOCK_50    ; 0.000        ; 0.000      ; 0.650      ;
; 0.498  ; count[18] ; count[19] ; CLOCK_50     ; CLOCK_50    ; 0.000        ; 0.000      ; 0.650      ;
; 0.498  ; count[25] ; count[26] ; CLOCK_50     ; CLOCK_50    ; 0.000        ; 0.000      ; 0.650      ;
; 0.498  ; count[11] ; count[12] ; CLOCK_50     ; CLOCK_50    ; 0.000        ; 0.000      ; 0.650      ;
; 0.498  ; count[27] ; count[28] ; CLOCK_50     ; CLOCK_50    ; 0.000        ; 0.000      ; 0.650      ;
; 0.499  ; count[30] ; count[31] ; CLOCK_50     ; CLOCK_50    ; 0.000        ; 0.000      ; 0.651      ;
; 0.499  ; count[13] ; count[14] ; CLOCK_50     ; CLOCK_50    ; 0.000        ; 0.000      ; 0.651      ;
; 0.499  ; count[14] ; count[15] ; CLOCK_50     ; CLOCK_50    ; 0.000        ; 0.000      ; 0.651      ;
; 0.499  ; count[29] ; count[30] ; CLOCK_50     ; CLOCK_50    ; 0.000        ; 0.000      ; 0.651      ;
; 0.499  ; count[4]  ; count[5]  ; CLOCK_50     ; CLOCK_50    ; 0.000        ; 0.000      ; 0.651      ;
; 0.499  ; count[20] ; count[21] ; CLOCK_50     ; CLOCK_50    ; 0.000        ; 0.000      ; 0.651      ;
; 0.511  ; count[8]  ; count[9]  ; CLOCK_50     ; CLOCK_50    ; 0.000        ; 0.000      ; 0.663      ;
; 0.511  ; count[10] ; count[11] ; CLOCK_50     ; CLOCK_50    ; 0.000        ; 0.000      ; 0.663      ;
; 0.511  ; count[24] ; count[25] ; CLOCK_50     ; CLOCK_50    ; 0.000        ; 0.000      ; 0.663      ;
; 0.511  ; count[26] ; count[27] ; CLOCK_50     ; CLOCK_50    ; 0.000        ; 0.000      ; 0.663      ;
; 0.511  ; count[3]  ; count[4]  ; CLOCK_50     ; CLOCK_50    ; 0.000        ; 0.000      ; 0.663      ;
; 0.511  ; count[19] ; count[20] ; CLOCK_50     ; CLOCK_50    ; 0.000        ; 0.000      ; 0.663      ;
; 0.512  ; count[6]  ; count[7]  ; CLOCK_50     ; CLOCK_50    ; 0.000        ; 0.000      ; 0.664      ;
; 0.512  ; count[12] ; count[13] ; CLOCK_50     ; CLOCK_50    ; 0.000        ; 0.000      ; 0.664      ;
; 0.512  ; count[22] ; count[23] ; CLOCK_50     ; CLOCK_50    ; 0.000        ; 0.000      ; 0.664      ;
; 0.512  ; count[28] ; count[29] ; CLOCK_50     ; CLOCK_50    ; 0.000        ; 0.000      ; 0.664      ;
; 0.512  ; count[5]  ; count[6]  ; CLOCK_50     ; CLOCK_50    ; 0.000        ; 0.000      ; 0.664      ;
; 0.512  ; count[21] ; count[22] ; CLOCK_50     ; CLOCK_50    ; 0.000        ; 0.000      ; 0.664      ;
; 0.528  ; count[16] ; count[18] ; CLOCK_50     ; CLOCK_50    ; 0.000        ; 0.000      ; 0.680      ;
; 0.531  ; count[0]  ; count[2]  ; CLOCK_50     ; CLOCK_50    ; 0.000        ; 0.000      ; 0.683      ;
; 0.532  ; count[1]  ; count[3]  ; CLOCK_50     ; CLOCK_50    ; 0.000        ; 0.000      ; 0.684      ;
; 0.532  ; count[17] ; count[19] ; CLOCK_50     ; CLOCK_50    ; 0.000        ; 0.000      ; 0.684      ;
; 0.533  ; count[9]  ; count[11] ; CLOCK_50     ; CLOCK_50    ; 0.000        ; 0.000      ; 0.685      ;
; 0.533  ; count[25] ; count[27] ; CLOCK_50     ; CLOCK_50    ; 0.000        ; 0.000      ; 0.685      ;
; 0.533  ; count[2]  ; count[4]  ; CLOCK_50     ; CLOCK_50    ; 0.000        ; 0.000      ; 0.685      ;
; 0.533  ; count[18] ; count[20] ; CLOCK_50     ; CLOCK_50    ; 0.000        ; 0.000      ; 0.685      ;
; 0.533  ; count[11] ; count[13] ; CLOCK_50     ; CLOCK_50    ; 0.000        ; 0.000      ; 0.685      ;
; 0.533  ; count[27] ; count[29] ; CLOCK_50     ; CLOCK_50    ; 0.000        ; 0.000      ; 0.685      ;
; 0.534  ; count[29] ; count[31] ; CLOCK_50     ; CLOCK_50    ; 0.000        ; 0.000      ; 0.686      ;
; 0.534  ; count[13] ; count[15] ; CLOCK_50     ; CLOCK_50    ; 0.000        ; 0.000      ; 0.686      ;
; 0.534  ; count[4]  ; count[6]  ; CLOCK_50     ; CLOCK_50    ; 0.000        ; 0.000      ; 0.686      ;
; 0.534  ; count[20] ; count[22] ; CLOCK_50     ; CLOCK_50    ; 0.000        ; 0.000      ; 0.686      ;
; 0.546  ; count[8]  ; count[10] ; CLOCK_50     ; CLOCK_50    ; 0.000        ; 0.000      ; 0.698      ;
; 0.546  ; count[24] ; count[26] ; CLOCK_50     ; CLOCK_50    ; 0.000        ; 0.000      ; 0.698      ;
; 0.546  ; count[10] ; count[12] ; CLOCK_50     ; CLOCK_50    ; 0.000        ; 0.000      ; 0.698      ;
; 0.546  ; count[26] ; count[28] ; CLOCK_50     ; CLOCK_50    ; 0.000        ; 0.000      ; 0.698      ;
; 0.546  ; count[3]  ; count[5]  ; CLOCK_50     ; CLOCK_50    ; 0.000        ; 0.000      ; 0.698      ;
; 0.546  ; count[19] ; count[21] ; CLOCK_50     ; CLOCK_50    ; 0.000        ; 0.000      ; 0.698      ;
; 0.547  ; count[12] ; count[14] ; CLOCK_50     ; CLOCK_50    ; 0.000        ; 0.000      ; 0.699      ;
; 0.547  ; count[28] ; count[30] ; CLOCK_50     ; CLOCK_50    ; 0.000        ; 0.000      ; 0.699      ;
; 0.547  ; count[5]  ; count[7]  ; CLOCK_50     ; CLOCK_50    ; 0.000        ; 0.000      ; 0.699      ;
; 0.547  ; count[21] ; count[23] ; CLOCK_50     ; CLOCK_50    ; 0.000        ; 0.000      ; 0.699      ;
; 0.550  ; count[15] ; count[16] ; CLOCK_50     ; CLOCK_50    ; 0.000        ; -0.004     ; 0.698      ;
; 0.554  ; count[7]  ; count[8]  ; CLOCK_50     ; CLOCK_50    ; 0.000        ; 0.000      ; 0.706      ;
; 0.554  ; count[23] ; count[24] ; CLOCK_50     ; CLOCK_50    ; 0.000        ; 0.000      ; 0.706      ;
; 0.563  ; count[16] ; count[19] ; CLOCK_50     ; CLOCK_50    ; 0.000        ; 0.000      ; 0.715      ;
; 0.566  ; count[0]  ; count[3]  ; CLOCK_50     ; CLOCK_50    ; 0.000        ; 0.000      ; 0.718      ;
; 0.567  ; count[1]  ; count[4]  ; CLOCK_50     ; CLOCK_50    ; 0.000        ; 0.000      ; 0.719      ;
; 0.567  ; count[17] ; count[20] ; CLOCK_50     ; CLOCK_50    ; 0.000        ; 0.000      ; 0.719      ;
; 0.568  ; count[9]  ; count[12] ; CLOCK_50     ; CLOCK_50    ; 0.000        ; 0.000      ; 0.720      ;
; 0.568  ; count[25] ; count[28] ; CLOCK_50     ; CLOCK_50    ; 0.000        ; 0.000      ; 0.720      ;
; 0.568  ; count[2]  ; count[5]  ; CLOCK_50     ; CLOCK_50    ; 0.000        ; 0.000      ; 0.720      ;
; 0.568  ; count[18] ; count[21] ; CLOCK_50     ; CLOCK_50    ; 0.000        ; 0.000      ; 0.720      ;
; 0.568  ; count[11] ; count[14] ; CLOCK_50     ; CLOCK_50    ; 0.000        ; 0.000      ; 0.720      ;
; 0.568  ; count[27] ; count[30] ; CLOCK_50     ; CLOCK_50    ; 0.000        ; 0.000      ; 0.720      ;
; 0.569  ; count[4]  ; count[7]  ; CLOCK_50     ; CLOCK_50    ; 0.000        ; 0.000      ; 0.721      ;
; 0.569  ; count[20] ; count[23] ; CLOCK_50     ; CLOCK_50    ; 0.000        ; 0.000      ; 0.721      ;
; 0.581  ; count[8]  ; count[11] ; CLOCK_50     ; CLOCK_50    ; 0.000        ; 0.000      ; 0.733      ;
; 0.581  ; count[24] ; count[27] ; CLOCK_50     ; CLOCK_50    ; 0.000        ; 0.000      ; 0.733      ;
+--------+-----------+-----------+--------------+-------------+--------------+------------+------------+


+-----------------------------------------------------------------------------------------------------------------------------------------------------------------------------------+
; Fast Model Hold: 'i_clk'                                                                                                                                                          ;
+-------+--------------------------------------------------+--------------------------------------------------+--------------+-------------+--------------+------------+------------+
; Slack ; From Node                                        ; To Node                                          ; Launch Clock ; Latch Clock ; Relationship ; Clock Skew ; Data Delay ;
+-------+--------------------------------------------------+--------------------------------------------------+--------------+-------------+--------------+------------+------------+
; 0.215 ; T_FF_UNIT                                        ; T_FF_UNIT                                        ; i_clk        ; i_clk       ; 0.000        ; 0.000      ; 0.367      ;
; 0.237 ; UART_SS_detect_edge:SSDE_ADD_SUB_UNIT|w_n_signal ; T_FF_UNIT                                        ; i_clk        ; i_clk       ; 0.000        ; 0.000      ; 0.389      ;
; 0.253 ; HEX_block:HEX_BLOCK_UNIT|w_hex_en_0              ; HEX_block:HEX_BLOCK_UNIT|w_hex_en_1              ; i_clk        ; i_clk       ; 0.000        ; 0.000      ; 0.405      ;
; 0.340 ; UART_SS_detect_edge:SSDE_ADD_SUB_UNIT|w_p_signal ; UART_SS_detect_edge:SSDE_ADD_SUB_UNIT|w_n_signal ; i_clk        ; i_clk       ; 0.000        ; 0.000      ; 0.492      ;
; 0.376 ; UART_SS_detect_edge:SSDE_ADD_SUB_UNIT|w_p_signal ; T_FF_UNIT                                        ; i_clk        ; i_clk       ; 0.000        ; 0.000      ; 0.528      ;
; 0.414 ; w_i_hex_en                                       ; HEX_block:HEX_BLOCK_UNIT|w_hex_en_0              ; i_clk        ; i_clk       ; 0.000        ; 0.000      ; 0.566      ;
; 0.464 ; UART_SS_detect_edge:SSDE_I_VALID_UNIT|w_n_signal ; w_i_hex_en                                       ; i_clk        ; i_clk       ; 0.000        ; 0.000      ; 0.616      ;
; 0.509 ; HEX_block:HEX_BLOCK_UNIT|w_hex_en_1              ; HEX_block:HEX_BLOCK_UNIT|o_hex_5[0]              ; i_clk        ; i_clk       ; 0.000        ; 0.000      ; 0.661      ;
; 0.509 ; HEX_block:HEX_BLOCK_UNIT|w_hex_en_1              ; HEX_block:HEX_BLOCK_UNIT|o_hex_5[1]              ; i_clk        ; i_clk       ; 0.000        ; 0.000      ; 0.661      ;
; 0.509 ; HEX_block:HEX_BLOCK_UNIT|w_hex_en_1              ; HEX_block:HEX_BLOCK_UNIT|o_hex_5[2]              ; i_clk        ; i_clk       ; 0.000        ; 0.000      ; 0.661      ;
; 0.509 ; HEX_block:HEX_BLOCK_UNIT|w_hex_en_1              ; HEX_block:HEX_BLOCK_UNIT|o_hex_5[3]              ; i_clk        ; i_clk       ; 0.000        ; 0.000      ; 0.661      ;
; 0.509 ; HEX_block:HEX_BLOCK_UNIT|w_hex_en_1              ; HEX_block:HEX_BLOCK_UNIT|o_hex_5[4]              ; i_clk        ; i_clk       ; 0.000        ; 0.000      ; 0.661      ;
; 0.509 ; HEX_block:HEX_BLOCK_UNIT|w_hex_en_1              ; HEX_block:HEX_BLOCK_UNIT|o_hex_5[5]              ; i_clk        ; i_clk       ; 0.000        ; 0.000      ; 0.661      ;
; 0.509 ; HEX_block:HEX_BLOCK_UNIT|w_hex_en_1              ; HEX_block:HEX_BLOCK_UNIT|o_hex_5[6]              ; i_clk        ; i_clk       ; 0.000        ; 0.000      ; 0.661      ;
; 0.518 ; UART_SS_detect_edge:SSDE_I_VALID_UNIT|w_p_signal ; UART_SS_detect_edge:SSDE_I_VALID_UNIT|w_n_signal ; i_clk        ; i_clk       ; 0.000        ; 0.000      ; 0.670      ;
; 0.596 ; HEX_block:HEX_BLOCK_UNIT|w_hex_en_1              ; HEX_block:HEX_BLOCK_UNIT|o_hex_4[0]              ; i_clk        ; i_clk       ; 0.000        ; 0.001      ; 0.749      ;
; 0.596 ; HEX_block:HEX_BLOCK_UNIT|w_hex_en_1              ; HEX_block:HEX_BLOCK_UNIT|o_hex_4[1]              ; i_clk        ; i_clk       ; 0.000        ; 0.001      ; 0.749      ;
; 0.596 ; HEX_block:HEX_BLOCK_UNIT|w_hex_en_1              ; HEX_block:HEX_BLOCK_UNIT|o_hex_4[2]              ; i_clk        ; i_clk       ; 0.000        ; 0.001      ; 0.749      ;
; 0.596 ; HEX_block:HEX_BLOCK_UNIT|w_hex_en_1              ; HEX_block:HEX_BLOCK_UNIT|o_hex_4[3]              ; i_clk        ; i_clk       ; 0.000        ; 0.001      ; 0.749      ;
; 0.596 ; HEX_block:HEX_BLOCK_UNIT|w_hex_en_1              ; HEX_block:HEX_BLOCK_UNIT|o_hex_4[4]              ; i_clk        ; i_clk       ; 0.000        ; 0.001      ; 0.749      ;
; 0.596 ; HEX_block:HEX_BLOCK_UNIT|w_hex_en_1              ; HEX_block:HEX_BLOCK_UNIT|o_hex_4[5]              ; i_clk        ; i_clk       ; 0.000        ; 0.001      ; 0.749      ;
; 0.596 ; HEX_block:HEX_BLOCK_UNIT|w_hex_en_1              ; HEX_block:HEX_BLOCK_UNIT|o_hex_4[6]              ; i_clk        ; i_clk       ; 0.000        ; 0.001      ; 0.749      ;
; 0.723 ; HEX_block:HEX_BLOCK_UNIT|w_hex_en_1              ; HEX_block:HEX_BLOCK_UNIT|o_hex_0[0]              ; i_clk        ; i_clk       ; 0.000        ; 0.008      ; 0.883      ;
; 0.723 ; HEX_block:HEX_BLOCK_UNIT|w_hex_en_1              ; HEX_block:HEX_BLOCK_UNIT|o_hex_0[1]              ; i_clk        ; i_clk       ; 0.000        ; 0.008      ; 0.883      ;
; 0.723 ; HEX_block:HEX_BLOCK_UNIT|w_hex_en_1              ; HEX_block:HEX_BLOCK_UNIT|o_hex_0[2]              ; i_clk        ; i_clk       ; 0.000        ; 0.008      ; 0.883      ;
; 0.723 ; HEX_block:HEX_BLOCK_UNIT|w_hex_en_1              ; HEX_block:HEX_BLOCK_UNIT|o_hex_0[3]              ; i_clk        ; i_clk       ; 0.000        ; 0.008      ; 0.883      ;
; 0.723 ; HEX_block:HEX_BLOCK_UNIT|w_hex_en_1              ; HEX_block:HEX_BLOCK_UNIT|o_hex_0[4]              ; i_clk        ; i_clk       ; 0.000        ; 0.008      ; 0.883      ;
; 0.723 ; HEX_block:HEX_BLOCK_UNIT|w_hex_en_1              ; HEX_block:HEX_BLOCK_UNIT|o_hex_0[5]              ; i_clk        ; i_clk       ; 0.000        ; 0.008      ; 0.883      ;
; 0.723 ; HEX_block:HEX_BLOCK_UNIT|w_hex_en_1              ; HEX_block:HEX_BLOCK_UNIT|o_hex_0[6]              ; i_clk        ; i_clk       ; 0.000        ; 0.008      ; 0.883      ;
; 0.801 ; HEX_block:HEX_BLOCK_UNIT|w_hex_en_1              ; HEX_block:HEX_BLOCK_UNIT|o_hex_3[0]              ; i_clk        ; i_clk       ; 0.000        ; 0.003      ; 0.956      ;
; 0.801 ; HEX_block:HEX_BLOCK_UNIT|w_hex_en_1              ; HEX_block:HEX_BLOCK_UNIT|o_hex_3[1]              ; i_clk        ; i_clk       ; 0.000        ; 0.003      ; 0.956      ;
; 0.801 ; HEX_block:HEX_BLOCK_UNIT|w_hex_en_1              ; HEX_block:HEX_BLOCK_UNIT|o_hex_3[2]              ; i_clk        ; i_clk       ; 0.000        ; 0.003      ; 0.956      ;
; 0.801 ; HEX_block:HEX_BLOCK_UNIT|w_hex_en_1              ; HEX_block:HEX_BLOCK_UNIT|o_hex_3[3]              ; i_clk        ; i_clk       ; 0.000        ; 0.003      ; 0.956      ;
; 0.801 ; HEX_block:HEX_BLOCK_UNIT|w_hex_en_1              ; HEX_block:HEX_BLOCK_UNIT|o_hex_3[4]              ; i_clk        ; i_clk       ; 0.000        ; 0.003      ; 0.956      ;
; 0.801 ; HEX_block:HEX_BLOCK_UNIT|w_hex_en_1              ; HEX_block:HEX_BLOCK_UNIT|o_hex_3[5]              ; i_clk        ; i_clk       ; 0.000        ; 0.003      ; 0.956      ;
; 0.801 ; HEX_block:HEX_BLOCK_UNIT|w_hex_en_1              ; HEX_block:HEX_BLOCK_UNIT|o_hex_3[6]              ; i_clk        ; i_clk       ; 0.000        ; 0.003      ; 0.956      ;
; 0.811 ; UART_SS_detect_edge:SSDE_I_VALID_UNIT|w_p_signal ; w_i_hex_en                                       ; i_clk        ; i_clk       ; 0.000        ; 0.000      ; 0.963      ;
; 0.826 ; HEX_block:HEX_BLOCK_UNIT|w_hex_en_1              ; HEX_block:HEX_BLOCK_UNIT|o_hex_1[0]              ; i_clk        ; i_clk       ; 0.000        ; 0.005      ; 0.983      ;
; 0.826 ; HEX_block:HEX_BLOCK_UNIT|w_hex_en_1              ; HEX_block:HEX_BLOCK_UNIT|o_hex_1[1]              ; i_clk        ; i_clk       ; 0.000        ; 0.005      ; 0.983      ;
; 0.826 ; HEX_block:HEX_BLOCK_UNIT|w_hex_en_1              ; HEX_block:HEX_BLOCK_UNIT|o_hex_1[2]              ; i_clk        ; i_clk       ; 0.000        ; 0.005      ; 0.983      ;
; 0.826 ; HEX_block:HEX_BLOCK_UNIT|w_hex_en_1              ; HEX_block:HEX_BLOCK_UNIT|o_hex_1[3]              ; i_clk        ; i_clk       ; 0.000        ; 0.005      ; 0.983      ;
; 0.826 ; HEX_block:HEX_BLOCK_UNIT|w_hex_en_1              ; HEX_block:HEX_BLOCK_UNIT|o_hex_1[4]              ; i_clk        ; i_clk       ; 0.000        ; 0.005      ; 0.983      ;
; 0.826 ; HEX_block:HEX_BLOCK_UNIT|w_hex_en_1              ; HEX_block:HEX_BLOCK_UNIT|o_hex_1[5]              ; i_clk        ; i_clk       ; 0.000        ; 0.005      ; 0.983      ;
; 0.826 ; HEX_block:HEX_BLOCK_UNIT|w_hex_en_1              ; HEX_block:HEX_BLOCK_UNIT|o_hex_1[6]              ; i_clk        ; i_clk       ; 0.000        ; 0.005      ; 0.983      ;
; 0.826 ; HEX_block:HEX_BLOCK_UNIT|w_hex_en_1              ; HEX_block:HEX_BLOCK_UNIT|o_hex_6[0]              ; i_clk        ; i_clk       ; 0.000        ; -0.004     ; 0.974      ;
; 0.826 ; HEX_block:HEX_BLOCK_UNIT|w_hex_en_1              ; HEX_block:HEX_BLOCK_UNIT|o_hex_6[1]              ; i_clk        ; i_clk       ; 0.000        ; -0.004     ; 0.974      ;
; 0.826 ; HEX_block:HEX_BLOCK_UNIT|w_hex_en_1              ; HEX_block:HEX_BLOCK_UNIT|o_hex_6[2]              ; i_clk        ; i_clk       ; 0.000        ; -0.004     ; 0.974      ;
; 0.826 ; HEX_block:HEX_BLOCK_UNIT|w_hex_en_1              ; HEX_block:HEX_BLOCK_UNIT|o_hex_6[3]              ; i_clk        ; i_clk       ; 0.000        ; -0.004     ; 0.974      ;
; 0.826 ; HEX_block:HEX_BLOCK_UNIT|w_hex_en_1              ; HEX_block:HEX_BLOCK_UNIT|o_hex_6[4]              ; i_clk        ; i_clk       ; 0.000        ; -0.004     ; 0.974      ;
; 0.826 ; HEX_block:HEX_BLOCK_UNIT|w_hex_en_1              ; HEX_block:HEX_BLOCK_UNIT|o_hex_6[5]              ; i_clk        ; i_clk       ; 0.000        ; -0.004     ; 0.974      ;
; 0.826 ; HEX_block:HEX_BLOCK_UNIT|w_hex_en_1              ; HEX_block:HEX_BLOCK_UNIT|o_hex_6[6]              ; i_clk        ; i_clk       ; 0.000        ; -0.004     ; 0.974      ;
; 0.837 ; HEX_block:HEX_BLOCK_UNIT|w_hex_en_1              ; HEX_block:HEX_BLOCK_UNIT|o_hex_2[0]              ; i_clk        ; i_clk       ; 0.000        ; 0.006      ; 0.995      ;
; 0.837 ; HEX_block:HEX_BLOCK_UNIT|w_hex_en_1              ; HEX_block:HEX_BLOCK_UNIT|o_hex_2[1]              ; i_clk        ; i_clk       ; 0.000        ; 0.006      ; 0.995      ;
; 0.837 ; HEX_block:HEX_BLOCK_UNIT|w_hex_en_1              ; HEX_block:HEX_BLOCK_UNIT|o_hex_2[2]              ; i_clk        ; i_clk       ; 0.000        ; 0.006      ; 0.995      ;
; 0.837 ; HEX_block:HEX_BLOCK_UNIT|w_hex_en_1              ; HEX_block:HEX_BLOCK_UNIT|o_hex_2[3]              ; i_clk        ; i_clk       ; 0.000        ; 0.006      ; 0.995      ;
; 0.837 ; HEX_block:HEX_BLOCK_UNIT|w_hex_en_1              ; HEX_block:HEX_BLOCK_UNIT|o_hex_2[4]              ; i_clk        ; i_clk       ; 0.000        ; 0.006      ; 0.995      ;
; 0.837 ; HEX_block:HEX_BLOCK_UNIT|w_hex_en_1              ; HEX_block:HEX_BLOCK_UNIT|o_hex_2[5]              ; i_clk        ; i_clk       ; 0.000        ; 0.006      ; 0.995      ;
; 0.837 ; HEX_block:HEX_BLOCK_UNIT|w_hex_en_1              ; HEX_block:HEX_BLOCK_UNIT|o_hex_2[6]              ; i_clk        ; i_clk       ; 0.000        ; 0.006      ; 0.995      ;
; 0.864 ; HEX_block:HEX_BLOCK_UNIT|w_hex_en_1              ; HEX_block:HEX_BLOCK_UNIT|o_hex_7[0]              ; i_clk        ; i_clk       ; 0.000        ; -0.018     ; 0.998      ;
; 0.864 ; HEX_block:HEX_BLOCK_UNIT|w_hex_en_1              ; HEX_block:HEX_BLOCK_UNIT|o_hex_7[1]              ; i_clk        ; i_clk       ; 0.000        ; -0.018     ; 0.998      ;
; 0.864 ; HEX_block:HEX_BLOCK_UNIT|w_hex_en_1              ; HEX_block:HEX_BLOCK_UNIT|o_hex_7[2]              ; i_clk        ; i_clk       ; 0.000        ; -0.018     ; 0.998      ;
; 0.864 ; HEX_block:HEX_BLOCK_UNIT|w_hex_en_1              ; HEX_block:HEX_BLOCK_UNIT|o_hex_7[3]              ; i_clk        ; i_clk       ; 0.000        ; -0.018     ; 0.998      ;
; 0.864 ; HEX_block:HEX_BLOCK_UNIT|w_hex_en_1              ; HEX_block:HEX_BLOCK_UNIT|o_hex_7[4]              ; i_clk        ; i_clk       ; 0.000        ; -0.018     ; 0.998      ;
; 0.864 ; HEX_block:HEX_BLOCK_UNIT|w_hex_en_1              ; HEX_block:HEX_BLOCK_UNIT|o_hex_7[5]              ; i_clk        ; i_clk       ; 0.000        ; -0.018     ; 0.998      ;
; 0.864 ; HEX_block:HEX_BLOCK_UNIT|w_hex_en_1              ; HEX_block:HEX_BLOCK_UNIT|o_hex_7[6]              ; i_clk        ; i_clk       ; 0.000        ; -0.018     ; 0.998      ;
; 0.943 ; UART_SS_detect_edge:SSDE_I_VALID_UNIT|w_n_signal ; w_i_data[8]                                      ; i_clk        ; i_clk       ; 0.000        ; 0.004      ; 1.099      ;
; 0.943 ; UART_SS_detect_edge:SSDE_I_VALID_UNIT|w_n_signal ; w_i_data[9]                                      ; i_clk        ; i_clk       ; 0.000        ; 0.004      ; 1.099      ;
; 0.943 ; UART_SS_detect_edge:SSDE_I_VALID_UNIT|w_n_signal ; w_i_data[10]                                     ; i_clk        ; i_clk       ; 0.000        ; 0.004      ; 1.099      ;
; 0.943 ; UART_SS_detect_edge:SSDE_I_VALID_UNIT|w_n_signal ; w_i_data[11]                                     ; i_clk        ; i_clk       ; 0.000        ; 0.004      ; 1.099      ;
; 0.943 ; UART_SS_detect_edge:SSDE_I_VALID_UNIT|w_n_signal ; w_i_data[12]                                     ; i_clk        ; i_clk       ; 0.000        ; 0.004      ; 1.099      ;
; 0.943 ; UART_SS_detect_edge:SSDE_I_VALID_UNIT|w_n_signal ; w_i_data[13]                                     ; i_clk        ; i_clk       ; 0.000        ; 0.004      ; 1.099      ;
; 0.943 ; UART_SS_detect_edge:SSDE_I_VALID_UNIT|w_n_signal ; w_i_data[14]                                     ; i_clk        ; i_clk       ; 0.000        ; 0.004      ; 1.099      ;
; 0.943 ; UART_SS_detect_edge:SSDE_I_VALID_UNIT|w_n_signal ; w_i_data[15]                                     ; i_clk        ; i_clk       ; 0.000        ; 0.004      ; 1.099      ;
; 1.115 ; T_FF_UNIT                                        ; HEX_block:HEX_BLOCK_UNIT|o_hex_7[5]              ; i_clk        ; i_clk       ; 0.000        ; -0.011     ; 1.256      ;
; 1.116 ; T_FF_UNIT                                        ; HEX_block:HEX_BLOCK_UNIT|o_hex_7[3]              ; i_clk        ; i_clk       ; 0.000        ; -0.011     ; 1.257      ;
; 1.117 ; T_FF_UNIT                                        ; HEX_block:HEX_BLOCK_UNIT|o_hex_7[6]              ; i_clk        ; i_clk       ; 0.000        ; -0.011     ; 1.258      ;
; 1.120 ; T_FF_UNIT                                        ; HEX_block:HEX_BLOCK_UNIT|o_hex_7[1]              ; i_clk        ; i_clk       ; 0.000        ; -0.011     ; 1.261      ;
; 1.121 ; T_FF_UNIT                                        ; HEX_block:HEX_BLOCK_UNIT|o_hex_7[0]              ; i_clk        ; i_clk       ; 0.000        ; -0.011     ; 1.262      ;
; 1.122 ; T_FF_UNIT                                        ; HEX_block:HEX_BLOCK_UNIT|o_hex_7[2]              ; i_clk        ; i_clk       ; 0.000        ; -0.011     ; 1.263      ;
; 1.125 ; T_FF_UNIT                                        ; HEX_block:HEX_BLOCK_UNIT|o_hex_7[4]              ; i_clk        ; i_clk       ; 0.000        ; -0.011     ; 1.266      ;
; 1.181 ; UART_SS_detect_edge:SSDE_I_VALID_UNIT|w_n_signal ; w_i_data[0]                                      ; i_clk        ; i_clk       ; 0.000        ; 0.011      ; 1.344      ;
; 1.201 ; UART_SS_detect_edge:SSDE_I_VALID_UNIT|w_n_signal ; w_i_data[1]                                      ; i_clk        ; i_clk       ; 0.000        ; 0.011      ; 1.364      ;
; 1.201 ; UART_SS_detect_edge:SSDE_I_VALID_UNIT|w_n_signal ; w_i_data[2]                                      ; i_clk        ; i_clk       ; 0.000        ; 0.011      ; 1.364      ;
; 1.201 ; UART_SS_detect_edge:SSDE_I_VALID_UNIT|w_n_signal ; w_i_data[3]                                      ; i_clk        ; i_clk       ; 0.000        ; 0.011      ; 1.364      ;
; 1.201 ; UART_SS_detect_edge:SSDE_I_VALID_UNIT|w_n_signal ; w_i_data[4]                                      ; i_clk        ; i_clk       ; 0.000        ; 0.011      ; 1.364      ;
; 1.201 ; UART_SS_detect_edge:SSDE_I_VALID_UNIT|w_n_signal ; w_i_data[7]                                      ; i_clk        ; i_clk       ; 0.000        ; 0.011      ; 1.364      ;
; 1.243 ; w_i_data[16]                                     ; HEX_block:HEX_BLOCK_UNIT|o_hex_7[5]              ; i_clk        ; i_clk       ; 0.000        ; -0.011     ; 1.384      ;
; 1.244 ; w_i_data[16]                                     ; HEX_block:HEX_BLOCK_UNIT|o_hex_7[3]              ; i_clk        ; i_clk       ; 0.000        ; -0.011     ; 1.385      ;
; 1.245 ; w_i_data[16]                                     ; HEX_block:HEX_BLOCK_UNIT|o_hex_7[6]              ; i_clk        ; i_clk       ; 0.000        ; -0.011     ; 1.386      ;
; 1.248 ; w_i_data[16]                                     ; HEX_block:HEX_BLOCK_UNIT|o_hex_7[1]              ; i_clk        ; i_clk       ; 0.000        ; -0.011     ; 1.389      ;
; 1.249 ; w_i_data[16]                                     ; HEX_block:HEX_BLOCK_UNIT|o_hex_7[0]              ; i_clk        ; i_clk       ; 0.000        ; -0.011     ; 1.390      ;
; 1.250 ; w_i_data[16]                                     ; HEX_block:HEX_BLOCK_UNIT|o_hex_7[2]              ; i_clk        ; i_clk       ; 0.000        ; -0.011     ; 1.391      ;
; 1.253 ; w_i_data[16]                                     ; HEX_block:HEX_BLOCK_UNIT|o_hex_7[4]              ; i_clk        ; i_clk       ; 0.000        ; -0.011     ; 1.394      ;
; 1.290 ; UART_SS_detect_edge:SSDE_I_VALID_UNIT|w_p_signal ; w_i_data[8]                                      ; i_clk        ; i_clk       ; 0.000        ; 0.004      ; 1.446      ;
; 1.290 ; UART_SS_detect_edge:SSDE_I_VALID_UNIT|w_p_signal ; w_i_data[9]                                      ; i_clk        ; i_clk       ; 0.000        ; 0.004      ; 1.446      ;
; 1.290 ; UART_SS_detect_edge:SSDE_I_VALID_UNIT|w_p_signal ; w_i_data[10]                                     ; i_clk        ; i_clk       ; 0.000        ; 0.004      ; 1.446      ;
; 1.290 ; UART_SS_detect_edge:SSDE_I_VALID_UNIT|w_p_signal ; w_i_data[11]                                     ; i_clk        ; i_clk       ; 0.000        ; 0.004      ; 1.446      ;
; 1.290 ; UART_SS_detect_edge:SSDE_I_VALID_UNIT|w_p_signal ; w_i_data[12]                                     ; i_clk        ; i_clk       ; 0.000        ; 0.004      ; 1.446      ;
; 1.290 ; UART_SS_detect_edge:SSDE_I_VALID_UNIT|w_p_signal ; w_i_data[13]                                     ; i_clk        ; i_clk       ; 0.000        ; 0.004      ; 1.446      ;
; 1.290 ; UART_SS_detect_edge:SSDE_I_VALID_UNIT|w_p_signal ; w_i_data[14]                                     ; i_clk        ; i_clk       ; 0.000        ; 0.004      ; 1.446      ;
+-------+--------------------------------------------------+--------------------------------------------------+--------------+-------------+--------------+------------+------------+


+---------------------------------------------------------------------------------------------------------------+
; Fast Model Minimum Pulse Width: 'CLOCK_50'                                                                    ;
+--------+--------------+----------------+------------------+----------+------------+---------------------------+
; Slack  ; Actual Width ; Required Width ; Type             ; Clock    ; Clock Edge ; Target                    ;
+--------+--------------+----------------+------------------+----------+------------+---------------------------+
; -1.380 ; 1.000        ; 2.380          ; Port Rate        ; CLOCK_50 ; Rise       ; CLOCK_50                  ;
; -0.500 ; 0.500        ; 1.000          ; High Pulse Width ; CLOCK_50 ; Rise       ; count[0]                  ;
; -0.500 ; 0.500        ; 1.000          ; Low Pulse Width  ; CLOCK_50 ; Rise       ; count[0]                  ;
; -0.500 ; 0.500        ; 1.000          ; High Pulse Width ; CLOCK_50 ; Rise       ; count[10]                 ;
; -0.500 ; 0.500        ; 1.000          ; Low Pulse Width  ; CLOCK_50 ; Rise       ; count[10]                 ;
; -0.500 ; 0.500        ; 1.000          ; High Pulse Width ; CLOCK_50 ; Rise       ; count[11]                 ;
; -0.500 ; 0.500        ; 1.000          ; Low Pulse Width  ; CLOCK_50 ; Rise       ; count[11]                 ;
; -0.500 ; 0.500        ; 1.000          ; High Pulse Width ; CLOCK_50 ; Rise       ; count[12]                 ;
; -0.500 ; 0.500        ; 1.000          ; Low Pulse Width  ; CLOCK_50 ; Rise       ; count[12]                 ;
; -0.500 ; 0.500        ; 1.000          ; High Pulse Width ; CLOCK_50 ; Rise       ; count[13]                 ;
; -0.500 ; 0.500        ; 1.000          ; Low Pulse Width  ; CLOCK_50 ; Rise       ; count[13]                 ;
; -0.500 ; 0.500        ; 1.000          ; High Pulse Width ; CLOCK_50 ; Rise       ; count[14]                 ;
; -0.500 ; 0.500        ; 1.000          ; Low Pulse Width  ; CLOCK_50 ; Rise       ; count[14]                 ;
; -0.500 ; 0.500        ; 1.000          ; High Pulse Width ; CLOCK_50 ; Rise       ; count[15]                 ;
; -0.500 ; 0.500        ; 1.000          ; Low Pulse Width  ; CLOCK_50 ; Rise       ; count[15]                 ;
; -0.500 ; 0.500        ; 1.000          ; High Pulse Width ; CLOCK_50 ; Rise       ; count[16]                 ;
; -0.500 ; 0.500        ; 1.000          ; Low Pulse Width  ; CLOCK_50 ; Rise       ; count[16]                 ;
; -0.500 ; 0.500        ; 1.000          ; High Pulse Width ; CLOCK_50 ; Rise       ; count[17]                 ;
; -0.500 ; 0.500        ; 1.000          ; Low Pulse Width  ; CLOCK_50 ; Rise       ; count[17]                 ;
; -0.500 ; 0.500        ; 1.000          ; High Pulse Width ; CLOCK_50 ; Rise       ; count[18]                 ;
; -0.500 ; 0.500        ; 1.000          ; Low Pulse Width  ; CLOCK_50 ; Rise       ; count[18]                 ;
; -0.500 ; 0.500        ; 1.000          ; High Pulse Width ; CLOCK_50 ; Rise       ; count[19]                 ;
; -0.500 ; 0.500        ; 1.000          ; Low Pulse Width  ; CLOCK_50 ; Rise       ; count[19]                 ;
; -0.500 ; 0.500        ; 1.000          ; High Pulse Width ; CLOCK_50 ; Rise       ; count[1]                  ;
; -0.500 ; 0.500        ; 1.000          ; Low Pulse Width  ; CLOCK_50 ; Rise       ; count[1]                  ;
; -0.500 ; 0.500        ; 1.000          ; High Pulse Width ; CLOCK_50 ; Rise       ; count[20]                 ;
; -0.500 ; 0.500        ; 1.000          ; Low Pulse Width  ; CLOCK_50 ; Rise       ; count[20]                 ;
; -0.500 ; 0.500        ; 1.000          ; High Pulse Width ; CLOCK_50 ; Rise       ; count[21]                 ;
; -0.500 ; 0.500        ; 1.000          ; Low Pulse Width  ; CLOCK_50 ; Rise       ; count[21]                 ;
; -0.500 ; 0.500        ; 1.000          ; High Pulse Width ; CLOCK_50 ; Rise       ; count[22]                 ;
; -0.500 ; 0.500        ; 1.000          ; Low Pulse Width  ; CLOCK_50 ; Rise       ; count[22]                 ;
; -0.500 ; 0.500        ; 1.000          ; High Pulse Width ; CLOCK_50 ; Rise       ; count[23]                 ;
; -0.500 ; 0.500        ; 1.000          ; Low Pulse Width  ; CLOCK_50 ; Rise       ; count[23]                 ;
; -0.500 ; 0.500        ; 1.000          ; High Pulse Width ; CLOCK_50 ; Rise       ; count[24]                 ;
; -0.500 ; 0.500        ; 1.000          ; Low Pulse Width  ; CLOCK_50 ; Rise       ; count[24]                 ;
; -0.500 ; 0.500        ; 1.000          ; High Pulse Width ; CLOCK_50 ; Rise       ; count[25]                 ;
; -0.500 ; 0.500        ; 1.000          ; Low Pulse Width  ; CLOCK_50 ; Rise       ; count[25]                 ;
; -0.500 ; 0.500        ; 1.000          ; High Pulse Width ; CLOCK_50 ; Rise       ; count[26]                 ;
; -0.500 ; 0.500        ; 1.000          ; Low Pulse Width  ; CLOCK_50 ; Rise       ; count[26]                 ;
; -0.500 ; 0.500        ; 1.000          ; High Pulse Width ; CLOCK_50 ; Rise       ; count[27]                 ;
; -0.500 ; 0.500        ; 1.000          ; Low Pulse Width  ; CLOCK_50 ; Rise       ; count[27]                 ;
; -0.500 ; 0.500        ; 1.000          ; High Pulse Width ; CLOCK_50 ; Rise       ; count[28]                 ;
; -0.500 ; 0.500        ; 1.000          ; Low Pulse Width  ; CLOCK_50 ; Rise       ; count[28]                 ;
; -0.500 ; 0.500        ; 1.000          ; High Pulse Width ; CLOCK_50 ; Rise       ; count[29]                 ;
; -0.500 ; 0.500        ; 1.000          ; Low Pulse Width  ; CLOCK_50 ; Rise       ; count[29]                 ;
; -0.500 ; 0.500        ; 1.000          ; High Pulse Width ; CLOCK_50 ; Rise       ; count[2]                  ;
; -0.500 ; 0.500        ; 1.000          ; Low Pulse Width  ; CLOCK_50 ; Rise       ; count[2]                  ;
; -0.500 ; 0.500        ; 1.000          ; High Pulse Width ; CLOCK_50 ; Rise       ; count[30]                 ;
; -0.500 ; 0.500        ; 1.000          ; Low Pulse Width  ; CLOCK_50 ; Rise       ; count[30]                 ;
; -0.500 ; 0.500        ; 1.000          ; High Pulse Width ; CLOCK_50 ; Rise       ; count[31]                 ;
; -0.500 ; 0.500        ; 1.000          ; Low Pulse Width  ; CLOCK_50 ; Rise       ; count[31]                 ;
; -0.500 ; 0.500        ; 1.000          ; High Pulse Width ; CLOCK_50 ; Rise       ; count[3]                  ;
; -0.500 ; 0.500        ; 1.000          ; Low Pulse Width  ; CLOCK_50 ; Rise       ; count[3]                  ;
; -0.500 ; 0.500        ; 1.000          ; High Pulse Width ; CLOCK_50 ; Rise       ; count[4]                  ;
; -0.500 ; 0.500        ; 1.000          ; Low Pulse Width  ; CLOCK_50 ; Rise       ; count[4]                  ;
; -0.500 ; 0.500        ; 1.000          ; High Pulse Width ; CLOCK_50 ; Rise       ; count[5]                  ;
; -0.500 ; 0.500        ; 1.000          ; Low Pulse Width  ; CLOCK_50 ; Rise       ; count[5]                  ;
; -0.500 ; 0.500        ; 1.000          ; High Pulse Width ; CLOCK_50 ; Rise       ; count[6]                  ;
; -0.500 ; 0.500        ; 1.000          ; Low Pulse Width  ; CLOCK_50 ; Rise       ; count[6]                  ;
; -0.500 ; 0.500        ; 1.000          ; High Pulse Width ; CLOCK_50 ; Rise       ; count[7]                  ;
; -0.500 ; 0.500        ; 1.000          ; Low Pulse Width  ; CLOCK_50 ; Rise       ; count[7]                  ;
; -0.500 ; 0.500        ; 1.000          ; High Pulse Width ; CLOCK_50 ; Rise       ; count[8]                  ;
; -0.500 ; 0.500        ; 1.000          ; Low Pulse Width  ; CLOCK_50 ; Rise       ; count[8]                  ;
; -0.500 ; 0.500        ; 1.000          ; High Pulse Width ; CLOCK_50 ; Rise       ; count[9]                  ;
; -0.500 ; 0.500        ; 1.000          ; Low Pulse Width  ; CLOCK_50 ; Rise       ; count[9]                  ;
; -0.500 ; 0.500        ; 1.000          ; High Pulse Width ; CLOCK_50 ; Rise       ; i_clk                     ;
; -0.500 ; 0.500        ; 1.000          ; Low Pulse Width  ; CLOCK_50 ; Rise       ; i_clk                     ;
; 0.500  ; 0.500        ; 0.000          ; High Pulse Width ; CLOCK_50 ; Rise       ; CLOCK_50|combout          ;
; 0.500  ; 0.500        ; 0.000          ; Low Pulse Width  ; CLOCK_50 ; Rise       ; CLOCK_50|combout          ;
; 0.500  ; 0.500        ; 0.000          ; High Pulse Width ; CLOCK_50 ; Rise       ; CLOCK_50~clkctrl|inclk[0] ;
; 0.500  ; 0.500        ; 0.000          ; Low Pulse Width  ; CLOCK_50 ; Rise       ; CLOCK_50~clkctrl|inclk[0] ;
; 0.500  ; 0.500        ; 0.000          ; High Pulse Width ; CLOCK_50 ; Rise       ; CLOCK_50~clkctrl|outclk   ;
; 0.500  ; 0.500        ; 0.000          ; Low Pulse Width  ; CLOCK_50 ; Rise       ; CLOCK_50~clkctrl|outclk   ;
; 0.500  ; 0.500        ; 0.000          ; High Pulse Width ; CLOCK_50 ; Rise       ; count[0]|clk              ;
; 0.500  ; 0.500        ; 0.000          ; Low Pulse Width  ; CLOCK_50 ; Rise       ; count[0]|clk              ;
; 0.500  ; 0.500        ; 0.000          ; High Pulse Width ; CLOCK_50 ; Rise       ; count[10]|clk             ;
; 0.500  ; 0.500        ; 0.000          ; Low Pulse Width  ; CLOCK_50 ; Rise       ; count[10]|clk             ;
; 0.500  ; 0.500        ; 0.000          ; High Pulse Width ; CLOCK_50 ; Rise       ; count[11]|clk             ;
; 0.500  ; 0.500        ; 0.000          ; Low Pulse Width  ; CLOCK_50 ; Rise       ; count[11]|clk             ;
; 0.500  ; 0.500        ; 0.000          ; High Pulse Width ; CLOCK_50 ; Rise       ; count[12]|clk             ;
; 0.500  ; 0.500        ; 0.000          ; Low Pulse Width  ; CLOCK_50 ; Rise       ; count[12]|clk             ;
; 0.500  ; 0.500        ; 0.000          ; High Pulse Width ; CLOCK_50 ; Rise       ; count[13]|clk             ;
; 0.500  ; 0.500        ; 0.000          ; Low Pulse Width  ; CLOCK_50 ; Rise       ; count[13]|clk             ;
; 0.500  ; 0.500        ; 0.000          ; High Pulse Width ; CLOCK_50 ; Rise       ; count[14]|clk             ;
; 0.500  ; 0.500        ; 0.000          ; Low Pulse Width  ; CLOCK_50 ; Rise       ; count[14]|clk             ;
; 0.500  ; 0.500        ; 0.000          ; High Pulse Width ; CLOCK_50 ; Rise       ; count[15]|clk             ;
; 0.500  ; 0.500        ; 0.000          ; Low Pulse Width  ; CLOCK_50 ; Rise       ; count[15]|clk             ;
; 0.500  ; 0.500        ; 0.000          ; High Pulse Width ; CLOCK_50 ; Rise       ; count[16]|clk             ;
; 0.500  ; 0.500        ; 0.000          ; Low Pulse Width  ; CLOCK_50 ; Rise       ; count[16]|clk             ;
; 0.500  ; 0.500        ; 0.000          ; High Pulse Width ; CLOCK_50 ; Rise       ; count[17]|clk             ;
; 0.500  ; 0.500        ; 0.000          ; Low Pulse Width  ; CLOCK_50 ; Rise       ; count[17]|clk             ;
; 0.500  ; 0.500        ; 0.000          ; High Pulse Width ; CLOCK_50 ; Rise       ; count[18]|clk             ;
; 0.500  ; 0.500        ; 0.000          ; Low Pulse Width  ; CLOCK_50 ; Rise       ; count[18]|clk             ;
; 0.500  ; 0.500        ; 0.000          ; High Pulse Width ; CLOCK_50 ; Rise       ; count[19]|clk             ;
; 0.500  ; 0.500        ; 0.000          ; Low Pulse Width  ; CLOCK_50 ; Rise       ; count[19]|clk             ;
; 0.500  ; 0.500        ; 0.000          ; High Pulse Width ; CLOCK_50 ; Rise       ; count[1]|clk              ;
; 0.500  ; 0.500        ; 0.000          ; Low Pulse Width  ; CLOCK_50 ; Rise       ; count[1]|clk              ;
; 0.500  ; 0.500        ; 0.000          ; High Pulse Width ; CLOCK_50 ; Rise       ; count[20]|clk             ;
; 0.500  ; 0.500        ; 0.000          ; Low Pulse Width  ; CLOCK_50 ; Rise       ; count[20]|clk             ;
; 0.500  ; 0.500        ; 0.000          ; High Pulse Width ; CLOCK_50 ; Rise       ; count[21]|clk             ;
+--------+--------------+----------------+------------------+----------+------------+---------------------------+


+----------------------------------------------------------------------------------------------------------------------+
; Fast Model Minimum Pulse Width: 'i_clk'                                                                              ;
+--------+--------------+----------------+------------------+-------+------------+-------------------------------------+
; Slack  ; Actual Width ; Required Width ; Type             ; Clock ; Clock Edge ; Target                              ;
+--------+--------------+----------------+------------------+-------+------------+-------------------------------------+
; -0.500 ; 0.500        ; 1.000          ; High Pulse Width ; i_clk ; Rise       ; HEX_block:HEX_BLOCK_UNIT|o_hex_0[0] ;
; -0.500 ; 0.500        ; 1.000          ; Low Pulse Width  ; i_clk ; Rise       ; HEX_block:HEX_BLOCK_UNIT|o_hex_0[0] ;
; -0.500 ; 0.500        ; 1.000          ; High Pulse Width ; i_clk ; Rise       ; HEX_block:HEX_BLOCK_UNIT|o_hex_0[1] ;
; -0.500 ; 0.500        ; 1.000          ; Low Pulse Width  ; i_clk ; Rise       ; HEX_block:HEX_BLOCK_UNIT|o_hex_0[1] ;
; -0.500 ; 0.500        ; 1.000          ; High Pulse Width ; i_clk ; Rise       ; HEX_block:HEX_BLOCK_UNIT|o_hex_0[2] ;
; -0.500 ; 0.500        ; 1.000          ; Low Pulse Width  ; i_clk ; Rise       ; HEX_block:HEX_BLOCK_UNIT|o_hex_0[2] ;
; -0.500 ; 0.500        ; 1.000          ; High Pulse Width ; i_clk ; Rise       ; HEX_block:HEX_BLOCK_UNIT|o_hex_0[3] ;
; -0.500 ; 0.500        ; 1.000          ; Low Pulse Width  ; i_clk ; Rise       ; HEX_block:HEX_BLOCK_UNIT|o_hex_0[3] ;
; -0.500 ; 0.500        ; 1.000          ; High Pulse Width ; i_clk ; Rise       ; HEX_block:HEX_BLOCK_UNIT|o_hex_0[4] ;
; -0.500 ; 0.500        ; 1.000          ; Low Pulse Width  ; i_clk ; Rise       ; HEX_block:HEX_BLOCK_UNIT|o_hex_0[4] ;
; -0.500 ; 0.500        ; 1.000          ; High Pulse Width ; i_clk ; Rise       ; HEX_block:HEX_BLOCK_UNIT|o_hex_0[5] ;
; -0.500 ; 0.500        ; 1.000          ; Low Pulse Width  ; i_clk ; Rise       ; HEX_block:HEX_BLOCK_UNIT|o_hex_0[5] ;
; -0.500 ; 0.500        ; 1.000          ; High Pulse Width ; i_clk ; Rise       ; HEX_block:HEX_BLOCK_UNIT|o_hex_0[6] ;
; -0.500 ; 0.500        ; 1.000          ; Low Pulse Width  ; i_clk ; Rise       ; HEX_block:HEX_BLOCK_UNIT|o_hex_0[6] ;
; -0.500 ; 0.500        ; 1.000          ; High Pulse Width ; i_clk ; Rise       ; HEX_block:HEX_BLOCK_UNIT|o_hex_1[0] ;
; -0.500 ; 0.500        ; 1.000          ; Low Pulse Width  ; i_clk ; Rise       ; HEX_block:HEX_BLOCK_UNIT|o_hex_1[0] ;
; -0.500 ; 0.500        ; 1.000          ; High Pulse Width ; i_clk ; Rise       ; HEX_block:HEX_BLOCK_UNIT|o_hex_1[1] ;
; -0.500 ; 0.500        ; 1.000          ; Low Pulse Width  ; i_clk ; Rise       ; HEX_block:HEX_BLOCK_UNIT|o_hex_1[1] ;
; -0.500 ; 0.500        ; 1.000          ; High Pulse Width ; i_clk ; Rise       ; HEX_block:HEX_BLOCK_UNIT|o_hex_1[2] ;
; -0.500 ; 0.500        ; 1.000          ; Low Pulse Width  ; i_clk ; Rise       ; HEX_block:HEX_BLOCK_UNIT|o_hex_1[2] ;
; -0.500 ; 0.500        ; 1.000          ; High Pulse Width ; i_clk ; Rise       ; HEX_block:HEX_BLOCK_UNIT|o_hex_1[3] ;
; -0.500 ; 0.500        ; 1.000          ; Low Pulse Width  ; i_clk ; Rise       ; HEX_block:HEX_BLOCK_UNIT|o_hex_1[3] ;
; -0.500 ; 0.500        ; 1.000          ; High Pulse Width ; i_clk ; Rise       ; HEX_block:HEX_BLOCK_UNIT|o_hex_1[4] ;
; -0.500 ; 0.500        ; 1.000          ; Low Pulse Width  ; i_clk ; Rise       ; HEX_block:HEX_BLOCK_UNIT|o_hex_1[4] ;
; -0.500 ; 0.500        ; 1.000          ; High Pulse Width ; i_clk ; Rise       ; HEX_block:HEX_BLOCK_UNIT|o_hex_1[5] ;
; -0.500 ; 0.500        ; 1.000          ; Low Pulse Width  ; i_clk ; Rise       ; HEX_block:HEX_BLOCK_UNIT|o_hex_1[5] ;
; -0.500 ; 0.500        ; 1.000          ; High Pulse Width ; i_clk ; Rise       ; HEX_block:HEX_BLOCK_UNIT|o_hex_1[6] ;
; -0.500 ; 0.500        ; 1.000          ; Low Pulse Width  ; i_clk ; Rise       ; HEX_block:HEX_BLOCK_UNIT|o_hex_1[6] ;
; -0.500 ; 0.500        ; 1.000          ; High Pulse Width ; i_clk ; Rise       ; HEX_block:HEX_BLOCK_UNIT|o_hex_2[0] ;
; -0.500 ; 0.500        ; 1.000          ; Low Pulse Width  ; i_clk ; Rise       ; HEX_block:HEX_BLOCK_UNIT|o_hex_2[0] ;
; -0.500 ; 0.500        ; 1.000          ; High Pulse Width ; i_clk ; Rise       ; HEX_block:HEX_BLOCK_UNIT|o_hex_2[1] ;
; -0.500 ; 0.500        ; 1.000          ; Low Pulse Width  ; i_clk ; Rise       ; HEX_block:HEX_BLOCK_UNIT|o_hex_2[1] ;
; -0.500 ; 0.500        ; 1.000          ; High Pulse Width ; i_clk ; Rise       ; HEX_block:HEX_BLOCK_UNIT|o_hex_2[2] ;
; -0.500 ; 0.500        ; 1.000          ; Low Pulse Width  ; i_clk ; Rise       ; HEX_block:HEX_BLOCK_UNIT|o_hex_2[2] ;
; -0.500 ; 0.500        ; 1.000          ; High Pulse Width ; i_clk ; Rise       ; HEX_block:HEX_BLOCK_UNIT|o_hex_2[3] ;
; -0.500 ; 0.500        ; 1.000          ; Low Pulse Width  ; i_clk ; Rise       ; HEX_block:HEX_BLOCK_UNIT|o_hex_2[3] ;
; -0.500 ; 0.500        ; 1.000          ; High Pulse Width ; i_clk ; Rise       ; HEX_block:HEX_BLOCK_UNIT|o_hex_2[4] ;
; -0.500 ; 0.500        ; 1.000          ; Low Pulse Width  ; i_clk ; Rise       ; HEX_block:HEX_BLOCK_UNIT|o_hex_2[4] ;
; -0.500 ; 0.500        ; 1.000          ; High Pulse Width ; i_clk ; Rise       ; HEX_block:HEX_BLOCK_UNIT|o_hex_2[5] ;
; -0.500 ; 0.500        ; 1.000          ; Low Pulse Width  ; i_clk ; Rise       ; HEX_block:HEX_BLOCK_UNIT|o_hex_2[5] ;
; -0.500 ; 0.500        ; 1.000          ; High Pulse Width ; i_clk ; Rise       ; HEX_block:HEX_BLOCK_UNIT|o_hex_2[6] ;
; -0.500 ; 0.500        ; 1.000          ; Low Pulse Width  ; i_clk ; Rise       ; HEX_block:HEX_BLOCK_UNIT|o_hex_2[6] ;
; -0.500 ; 0.500        ; 1.000          ; High Pulse Width ; i_clk ; Rise       ; HEX_block:HEX_BLOCK_UNIT|o_hex_3[0] ;
; -0.500 ; 0.500        ; 1.000          ; Low Pulse Width  ; i_clk ; Rise       ; HEX_block:HEX_BLOCK_UNIT|o_hex_3[0] ;
; -0.500 ; 0.500        ; 1.000          ; High Pulse Width ; i_clk ; Rise       ; HEX_block:HEX_BLOCK_UNIT|o_hex_3[1] ;
; -0.500 ; 0.500        ; 1.000          ; Low Pulse Width  ; i_clk ; Rise       ; HEX_block:HEX_BLOCK_UNIT|o_hex_3[1] ;
; -0.500 ; 0.500        ; 1.000          ; High Pulse Width ; i_clk ; Rise       ; HEX_block:HEX_BLOCK_UNIT|o_hex_3[2] ;
; -0.500 ; 0.500        ; 1.000          ; Low Pulse Width  ; i_clk ; Rise       ; HEX_block:HEX_BLOCK_UNIT|o_hex_3[2] ;
; -0.500 ; 0.500        ; 1.000          ; High Pulse Width ; i_clk ; Rise       ; HEX_block:HEX_BLOCK_UNIT|o_hex_3[3] ;
; -0.500 ; 0.500        ; 1.000          ; Low Pulse Width  ; i_clk ; Rise       ; HEX_block:HEX_BLOCK_UNIT|o_hex_3[3] ;
; -0.500 ; 0.500        ; 1.000          ; High Pulse Width ; i_clk ; Rise       ; HEX_block:HEX_BLOCK_UNIT|o_hex_3[4] ;
; -0.500 ; 0.500        ; 1.000          ; Low Pulse Width  ; i_clk ; Rise       ; HEX_block:HEX_BLOCK_UNIT|o_hex_3[4] ;
; -0.500 ; 0.500        ; 1.000          ; High Pulse Width ; i_clk ; Rise       ; HEX_block:HEX_BLOCK_UNIT|o_hex_3[5] ;
; -0.500 ; 0.500        ; 1.000          ; Low Pulse Width  ; i_clk ; Rise       ; HEX_block:HEX_BLOCK_UNIT|o_hex_3[5] ;
; -0.500 ; 0.500        ; 1.000          ; High Pulse Width ; i_clk ; Rise       ; HEX_block:HEX_BLOCK_UNIT|o_hex_3[6] ;
; -0.500 ; 0.500        ; 1.000          ; Low Pulse Width  ; i_clk ; Rise       ; HEX_block:HEX_BLOCK_UNIT|o_hex_3[6] ;
; -0.500 ; 0.500        ; 1.000          ; High Pulse Width ; i_clk ; Rise       ; HEX_block:HEX_BLOCK_UNIT|o_hex_4[0] ;
; -0.500 ; 0.500        ; 1.000          ; Low Pulse Width  ; i_clk ; Rise       ; HEX_block:HEX_BLOCK_UNIT|o_hex_4[0] ;
; -0.500 ; 0.500        ; 1.000          ; High Pulse Width ; i_clk ; Rise       ; HEX_block:HEX_BLOCK_UNIT|o_hex_4[1] ;
; -0.500 ; 0.500        ; 1.000          ; Low Pulse Width  ; i_clk ; Rise       ; HEX_block:HEX_BLOCK_UNIT|o_hex_4[1] ;
; -0.500 ; 0.500        ; 1.000          ; High Pulse Width ; i_clk ; Rise       ; HEX_block:HEX_BLOCK_UNIT|o_hex_4[2] ;
; -0.500 ; 0.500        ; 1.000          ; Low Pulse Width  ; i_clk ; Rise       ; HEX_block:HEX_BLOCK_UNIT|o_hex_4[2] ;
; -0.500 ; 0.500        ; 1.000          ; High Pulse Width ; i_clk ; Rise       ; HEX_block:HEX_BLOCK_UNIT|o_hex_4[3] ;
; -0.500 ; 0.500        ; 1.000          ; Low Pulse Width  ; i_clk ; Rise       ; HEX_block:HEX_BLOCK_UNIT|o_hex_4[3] ;
; -0.500 ; 0.500        ; 1.000          ; High Pulse Width ; i_clk ; Rise       ; HEX_block:HEX_BLOCK_UNIT|o_hex_4[4] ;
; -0.500 ; 0.500        ; 1.000          ; Low Pulse Width  ; i_clk ; Rise       ; HEX_block:HEX_BLOCK_UNIT|o_hex_4[4] ;
; -0.500 ; 0.500        ; 1.000          ; High Pulse Width ; i_clk ; Rise       ; HEX_block:HEX_BLOCK_UNIT|o_hex_4[5] ;
; -0.500 ; 0.500        ; 1.000          ; Low Pulse Width  ; i_clk ; Rise       ; HEX_block:HEX_BLOCK_UNIT|o_hex_4[5] ;
; -0.500 ; 0.500        ; 1.000          ; High Pulse Width ; i_clk ; Rise       ; HEX_block:HEX_BLOCK_UNIT|o_hex_4[6] ;
; -0.500 ; 0.500        ; 1.000          ; Low Pulse Width  ; i_clk ; Rise       ; HEX_block:HEX_BLOCK_UNIT|o_hex_4[6] ;
; -0.500 ; 0.500        ; 1.000          ; High Pulse Width ; i_clk ; Rise       ; HEX_block:HEX_BLOCK_UNIT|o_hex_5[0] ;
; -0.500 ; 0.500        ; 1.000          ; Low Pulse Width  ; i_clk ; Rise       ; HEX_block:HEX_BLOCK_UNIT|o_hex_5[0] ;
; -0.500 ; 0.500        ; 1.000          ; High Pulse Width ; i_clk ; Rise       ; HEX_block:HEX_BLOCK_UNIT|o_hex_5[1] ;
; -0.500 ; 0.500        ; 1.000          ; Low Pulse Width  ; i_clk ; Rise       ; HEX_block:HEX_BLOCK_UNIT|o_hex_5[1] ;
; -0.500 ; 0.500        ; 1.000          ; High Pulse Width ; i_clk ; Rise       ; HEX_block:HEX_BLOCK_UNIT|o_hex_5[2] ;
; -0.500 ; 0.500        ; 1.000          ; Low Pulse Width  ; i_clk ; Rise       ; HEX_block:HEX_BLOCK_UNIT|o_hex_5[2] ;
; -0.500 ; 0.500        ; 1.000          ; High Pulse Width ; i_clk ; Rise       ; HEX_block:HEX_BLOCK_UNIT|o_hex_5[3] ;
; -0.500 ; 0.500        ; 1.000          ; Low Pulse Width  ; i_clk ; Rise       ; HEX_block:HEX_BLOCK_UNIT|o_hex_5[3] ;
; -0.500 ; 0.500        ; 1.000          ; High Pulse Width ; i_clk ; Rise       ; HEX_block:HEX_BLOCK_UNIT|o_hex_5[4] ;
; -0.500 ; 0.500        ; 1.000          ; Low Pulse Width  ; i_clk ; Rise       ; HEX_block:HEX_BLOCK_UNIT|o_hex_5[4] ;
; -0.500 ; 0.500        ; 1.000          ; High Pulse Width ; i_clk ; Rise       ; HEX_block:HEX_BLOCK_UNIT|o_hex_5[5] ;
; -0.500 ; 0.500        ; 1.000          ; Low Pulse Width  ; i_clk ; Rise       ; HEX_block:HEX_BLOCK_UNIT|o_hex_5[5] ;
; -0.500 ; 0.500        ; 1.000          ; High Pulse Width ; i_clk ; Rise       ; HEX_block:HEX_BLOCK_UNIT|o_hex_5[6] ;
; -0.500 ; 0.500        ; 1.000          ; Low Pulse Width  ; i_clk ; Rise       ; HEX_block:HEX_BLOCK_UNIT|o_hex_5[6] ;
; -0.500 ; 0.500        ; 1.000          ; High Pulse Width ; i_clk ; Rise       ; HEX_block:HEX_BLOCK_UNIT|o_hex_6[0] ;
; -0.500 ; 0.500        ; 1.000          ; Low Pulse Width  ; i_clk ; Rise       ; HEX_block:HEX_BLOCK_UNIT|o_hex_6[0] ;
; -0.500 ; 0.500        ; 1.000          ; High Pulse Width ; i_clk ; Rise       ; HEX_block:HEX_BLOCK_UNIT|o_hex_6[1] ;
; -0.500 ; 0.500        ; 1.000          ; Low Pulse Width  ; i_clk ; Rise       ; HEX_block:HEX_BLOCK_UNIT|o_hex_6[1] ;
; -0.500 ; 0.500        ; 1.000          ; High Pulse Width ; i_clk ; Rise       ; HEX_block:HEX_BLOCK_UNIT|o_hex_6[2] ;
; -0.500 ; 0.500        ; 1.000          ; Low Pulse Width  ; i_clk ; Rise       ; HEX_block:HEX_BLOCK_UNIT|o_hex_6[2] ;
; -0.500 ; 0.500        ; 1.000          ; High Pulse Width ; i_clk ; Rise       ; HEX_block:HEX_BLOCK_UNIT|o_hex_6[3] ;
; -0.500 ; 0.500        ; 1.000          ; Low Pulse Width  ; i_clk ; Rise       ; HEX_block:HEX_BLOCK_UNIT|o_hex_6[3] ;
; -0.500 ; 0.500        ; 1.000          ; High Pulse Width ; i_clk ; Rise       ; HEX_block:HEX_BLOCK_UNIT|o_hex_6[4] ;
; -0.500 ; 0.500        ; 1.000          ; Low Pulse Width  ; i_clk ; Rise       ; HEX_block:HEX_BLOCK_UNIT|o_hex_6[4] ;
; -0.500 ; 0.500        ; 1.000          ; High Pulse Width ; i_clk ; Rise       ; HEX_block:HEX_BLOCK_UNIT|o_hex_6[5] ;
; -0.500 ; 0.500        ; 1.000          ; Low Pulse Width  ; i_clk ; Rise       ; HEX_block:HEX_BLOCK_UNIT|o_hex_6[5] ;
; -0.500 ; 0.500        ; 1.000          ; High Pulse Width ; i_clk ; Rise       ; HEX_block:HEX_BLOCK_UNIT|o_hex_6[6] ;
; -0.500 ; 0.500        ; 1.000          ; Low Pulse Width  ; i_clk ; Rise       ; HEX_block:HEX_BLOCK_UNIT|o_hex_6[6] ;
; -0.500 ; 0.500        ; 1.000          ; High Pulse Width ; i_clk ; Rise       ; HEX_block:HEX_BLOCK_UNIT|o_hex_7[0] ;
; -0.500 ; 0.500        ; 1.000          ; Low Pulse Width  ; i_clk ; Rise       ; HEX_block:HEX_BLOCK_UNIT|o_hex_7[0] ;
+--------+--------------+----------------+------------------+-------+------------+-------------------------------------+


+-------------------------------------------------------------------------+
; Setup Times                                                             ;
+-----------+------------+--------+--------+------------+-----------------+
; Data Port ; Clock Port ; Rise   ; Fall   ; Clock Edge ; Clock Reference ;
+-----------+------------+--------+--------+------------+-----------------+
; KEY[*]    ; i_clk      ; 2.691  ; 2.691  ; Rise       ; i_clk           ;
;  KEY[0]   ; i_clk      ; 2.691  ; 2.691  ; Rise       ; i_clk           ;
;  KEY[1]   ; i_clk      ; 2.270  ; 2.270  ; Rise       ; i_clk           ;
; SW[*]     ; i_clk      ; 2.693  ; 2.693  ; Rise       ; i_clk           ;
;  SW[0]    ; i_clk      ; -0.011 ; -0.011 ; Rise       ; i_clk           ;
;  SW[1]    ; i_clk      ; -0.010 ; -0.010 ; Rise       ; i_clk           ;
;  SW[2]    ; i_clk      ; -0.217 ; -0.217 ; Rise       ; i_clk           ;
;  SW[3]    ; i_clk      ; -0.170 ; -0.170 ; Rise       ; i_clk           ;
;  SW[4]    ; i_clk      ; -0.186 ; -0.186 ; Rise       ; i_clk           ;
;  SW[5]    ; i_clk      ; -0.278 ; -0.278 ; Rise       ; i_clk           ;
;  SW[6]    ; i_clk      ; -0.307 ; -0.307 ; Rise       ; i_clk           ;
;  SW[7]    ; i_clk      ; 0.486  ; 0.486  ; Rise       ; i_clk           ;
;  SW[8]    ; i_clk      ; 0.391  ; 0.391  ; Rise       ; i_clk           ;
;  SW[9]    ; i_clk      ; 0.387  ; 0.387  ; Rise       ; i_clk           ;
;  SW[10]   ; i_clk      ; 0.390  ; 0.390  ; Rise       ; i_clk           ;
;  SW[11]   ; i_clk      ; 0.044  ; 0.044  ; Rise       ; i_clk           ;
;  SW[12]   ; i_clk      ; 0.287  ; 0.287  ; Rise       ; i_clk           ;
;  SW[13]   ; i_clk      ; 2.498  ; 2.498  ; Rise       ; i_clk           ;
;  SW[14]   ; i_clk      ; 2.693  ; 2.693  ; Rise       ; i_clk           ;
;  SW[15]   ; i_clk      ; 2.642  ; 2.642  ; Rise       ; i_clk           ;
;  SW[16]   ; i_clk      ; 2.527  ; 2.527  ; Rise       ; i_clk           ;
+-----------+------------+--------+--------+------------+-----------------+


+-------------------------------------------------------------------------+
; Hold Times                                                              ;
+-----------+------------+--------+--------+------------+-----------------+
; Data Port ; Clock Port ; Rise   ; Fall   ; Clock Edge ; Clock Reference ;
+-----------+------------+--------+--------+------------+-----------------+
; KEY[*]    ; i_clk      ; -2.150 ; -2.150 ; Rise       ; i_clk           ;
;  KEY[0]   ; i_clk      ; -2.571 ; -2.571 ; Rise       ; i_clk           ;
;  KEY[1]   ; i_clk      ; -2.150 ; -2.150 ; Rise       ; i_clk           ;
; SW[*]     ; i_clk      ; 0.427  ; 0.427  ; Rise       ; i_clk           ;
;  SW[0]    ; i_clk      ; 0.131  ; 0.131  ; Rise       ; i_clk           ;
;  SW[1]    ; i_clk      ; 0.130  ; 0.130  ; Rise       ; i_clk           ;
;  SW[2]    ; i_clk      ; 0.337  ; 0.337  ; Rise       ; i_clk           ;
;  SW[3]    ; i_clk      ; 0.290  ; 0.290  ; Rise       ; i_clk           ;
;  SW[4]    ; i_clk      ; 0.306  ; 0.306  ; Rise       ; i_clk           ;
;  SW[5]    ; i_clk      ; 0.398  ; 0.398  ; Rise       ; i_clk           ;
;  SW[6]    ; i_clk      ; 0.427  ; 0.427  ; Rise       ; i_clk           ;
;  SW[7]    ; i_clk      ; -0.366 ; -0.366 ; Rise       ; i_clk           ;
;  SW[8]    ; i_clk      ; -0.271 ; -0.271 ; Rise       ; i_clk           ;
;  SW[9]    ; i_clk      ; -0.267 ; -0.267 ; Rise       ; i_clk           ;
;  SW[10]   ; i_clk      ; -0.270 ; -0.270 ; Rise       ; i_clk           ;
;  SW[11]   ; i_clk      ; 0.076  ; 0.076  ; Rise       ; i_clk           ;
;  SW[12]   ; i_clk      ; -0.167 ; -0.167 ; Rise       ; i_clk           ;
;  SW[13]   ; i_clk      ; -2.378 ; -2.378 ; Rise       ; i_clk           ;
;  SW[14]   ; i_clk      ; -2.573 ; -2.573 ; Rise       ; i_clk           ;
;  SW[15]   ; i_clk      ; -2.522 ; -2.522 ; Rise       ; i_clk           ;
;  SW[16]   ; i_clk      ; -2.407 ; -2.407 ; Rise       ; i_clk           ;
+-----------+------------+--------+--------+------------+-----------------+


+-------------------------------------------------------------------------+
; Clock to Output Times                                                   ;
+-----------+------------+--------+--------+------------+-----------------+
; Data Port ; Clock Port ; Rise   ; Fall   ; Clock Edge ; Clock Reference ;
+-----------+------------+--------+--------+------------+-----------------+
; HEX0[*]   ; i_clk      ; 4.269  ; 4.269  ; Rise       ; i_clk           ;
;  HEX0[0]  ; i_clk      ; 4.269  ; 4.269  ; Rise       ; i_clk           ;
;  HEX0[1]  ; i_clk      ; 4.147  ; 4.147  ; Rise       ; i_clk           ;
;  HEX0[2]  ; i_clk      ; 4.153  ; 4.153  ; Rise       ; i_clk           ;
;  HEX0[3]  ; i_clk      ; 4.164  ; 4.164  ; Rise       ; i_clk           ;
;  HEX0[4]  ; i_clk      ; 4.158  ; 4.158  ; Rise       ; i_clk           ;
;  HEX0[5]  ; i_clk      ; 4.177  ; 4.177  ; Rise       ; i_clk           ;
;  HEX0[6]  ; i_clk      ; 4.139  ; 4.139  ; Rise       ; i_clk           ;
; HEX1[*]   ; i_clk      ; 4.249  ; 4.249  ; Rise       ; i_clk           ;
;  HEX1[0]  ; i_clk      ; 4.242  ; 4.242  ; Rise       ; i_clk           ;
;  HEX1[1]  ; i_clk      ; 4.198  ; 4.198  ; Rise       ; i_clk           ;
;  HEX1[2]  ; i_clk      ; 4.106  ; 4.106  ; Rise       ; i_clk           ;
;  HEX1[3]  ; i_clk      ; 4.136  ; 4.136  ; Rise       ; i_clk           ;
;  HEX1[4]  ; i_clk      ; 4.140  ; 4.140  ; Rise       ; i_clk           ;
;  HEX1[5]  ; i_clk      ; 4.249  ; 4.249  ; Rise       ; i_clk           ;
;  HEX1[6]  ; i_clk      ; 3.887  ; 3.887  ; Rise       ; i_clk           ;
; HEX2[*]   ; i_clk      ; 4.327  ; 4.327  ; Rise       ; i_clk           ;
;  HEX2[0]  ; i_clk      ; 4.057  ; 4.057  ; Rise       ; i_clk           ;
;  HEX2[1]  ; i_clk      ; 4.277  ; 4.277  ; Rise       ; i_clk           ;
;  HEX2[2]  ; i_clk      ; 4.306  ; 4.306  ; Rise       ; i_clk           ;
;  HEX2[3]  ; i_clk      ; 4.327  ; 4.327  ; Rise       ; i_clk           ;
;  HEX2[4]  ; i_clk      ; 4.282  ; 4.282  ; Rise       ; i_clk           ;
;  HEX2[5]  ; i_clk      ; 4.276  ; 4.276  ; Rise       ; i_clk           ;
;  HEX2[6]  ; i_clk      ; 4.271  ; 4.271  ; Rise       ; i_clk           ;
; HEX3[*]   ; i_clk      ; 4.223  ; 4.223  ; Rise       ; i_clk           ;
;  HEX3[0]  ; i_clk      ; 4.185  ; 4.185  ; Rise       ; i_clk           ;
;  HEX3[1]  ; i_clk      ; 4.223  ; 4.223  ; Rise       ; i_clk           ;
;  HEX3[2]  ; i_clk      ; 4.189  ; 4.189  ; Rise       ; i_clk           ;
;  HEX3[3]  ; i_clk      ; 4.119  ; 4.119  ; Rise       ; i_clk           ;
;  HEX3[4]  ; i_clk      ; 4.208  ; 4.208  ; Rise       ; i_clk           ;
;  HEX3[5]  ; i_clk      ; 4.200  ; 4.200  ; Rise       ; i_clk           ;
;  HEX3[6]  ; i_clk      ; 4.196  ; 4.196  ; Rise       ; i_clk           ;
; HEX4[*]   ; i_clk      ; 5.569  ; 5.569  ; Rise       ; i_clk           ;
;  HEX4[0]  ; i_clk      ; 5.272  ; 5.272  ; Rise       ; i_clk           ;
;  HEX4[1]  ; i_clk      ; 4.587  ; 4.587  ; Rise       ; i_clk           ;
;  HEX4[2]  ; i_clk      ; 4.322  ; 4.322  ; Rise       ; i_clk           ;
;  HEX4[3]  ; i_clk      ; 5.235  ; 5.235  ; Rise       ; i_clk           ;
;  HEX4[4]  ; i_clk      ; 5.028  ; 5.028  ; Rise       ; i_clk           ;
;  HEX4[5]  ; i_clk      ; 5.219  ; 5.219  ; Rise       ; i_clk           ;
;  HEX4[6]  ; i_clk      ; 5.569  ; 5.569  ; Rise       ; i_clk           ;
; HEX5[*]   ; i_clk      ; 5.238  ; 5.238  ; Rise       ; i_clk           ;
;  HEX5[0]  ; i_clk      ; 4.904  ; 4.904  ; Rise       ; i_clk           ;
;  HEX5[1]  ; i_clk      ; 4.514  ; 4.514  ; Rise       ; i_clk           ;
;  HEX5[2]  ; i_clk      ; 4.585  ; 4.585  ; Rise       ; i_clk           ;
;  HEX5[3]  ; i_clk      ; 4.518  ; 4.518  ; Rise       ; i_clk           ;
;  HEX5[4]  ; i_clk      ; 4.937  ; 4.937  ; Rise       ; i_clk           ;
;  HEX5[5]  ; i_clk      ; 5.238  ; 5.238  ; Rise       ; i_clk           ;
;  HEX5[6]  ; i_clk      ; 5.031  ; 5.031  ; Rise       ; i_clk           ;
; HEX6[*]   ; i_clk      ; 5.406  ; 5.406  ; Rise       ; i_clk           ;
;  HEX6[0]  ; i_clk      ; 5.406  ; 5.406  ; Rise       ; i_clk           ;
;  HEX6[1]  ; i_clk      ; 4.497  ; 4.497  ; Rise       ; i_clk           ;
;  HEX6[2]  ; i_clk      ; 5.295  ; 5.295  ; Rise       ; i_clk           ;
;  HEX6[3]  ; i_clk      ; 5.069  ; 5.069  ; Rise       ; i_clk           ;
;  HEX6[4]  ; i_clk      ; 4.783  ; 4.783  ; Rise       ; i_clk           ;
;  HEX6[5]  ; i_clk      ; 5.373  ; 5.373  ; Rise       ; i_clk           ;
;  HEX6[6]  ; i_clk      ; 5.242  ; 5.242  ; Rise       ; i_clk           ;
; HEX7[*]   ; i_clk      ; 5.644  ; 5.644  ; Rise       ; i_clk           ;
;  HEX7[0]  ; i_clk      ; 4.650  ; 4.650  ; Rise       ; i_clk           ;
;  HEX7[1]  ; i_clk      ; 5.531  ; 5.531  ; Rise       ; i_clk           ;
;  HEX7[2]  ; i_clk      ; 4.728  ; 4.728  ; Rise       ; i_clk           ;
;  HEX7[3]  ; i_clk      ; 4.938  ; 4.938  ; Rise       ; i_clk           ;
;  HEX7[4]  ; i_clk      ; 5.040  ; 5.040  ; Rise       ; i_clk           ;
;  HEX7[5]  ; i_clk      ; 5.526  ; 5.526  ; Rise       ; i_clk           ;
;  HEX7[6]  ; i_clk      ; 5.644  ; 5.644  ; Rise       ; i_clk           ;
; LEDG[*]   ; i_clk      ; 14.897 ; 14.897 ; Rise       ; i_clk           ;
;  LEDG[0]  ; i_clk      ; 5.023  ; 5.023  ; Rise       ; i_clk           ;
;  LEDG[1]  ; i_clk      ; 4.262  ; 4.262  ; Rise       ; i_clk           ;
;  LEDG[2]  ; i_clk      ; 10.270 ; 10.270 ; Rise       ; i_clk           ;
;  LEDG[3]  ; i_clk      ; 14.897 ; 14.897 ; Rise       ; i_clk           ;
; LEDR[*]   ; i_clk      ; 4.638  ; 4.638  ; Rise       ; i_clk           ;
;  LEDR[0]  ; i_clk      ; 4.100  ; 4.100  ; Rise       ; i_clk           ;
;  LEDR[1]  ; i_clk      ; 4.159  ; 4.159  ; Rise       ; i_clk           ;
;  LEDR[2]  ; i_clk      ; 4.263  ; 4.263  ; Rise       ; i_clk           ;
;  LEDR[3]  ; i_clk      ; 4.156  ; 4.156  ; Rise       ; i_clk           ;
;  LEDR[4]  ; i_clk      ; 4.180  ; 4.180  ; Rise       ; i_clk           ;
;  LEDR[5]  ; i_clk      ; 4.538  ; 4.538  ; Rise       ; i_clk           ;
;  LEDR[6]  ; i_clk      ; 4.557  ; 4.557  ; Rise       ; i_clk           ;
;  LEDR[7]  ; i_clk      ; 4.079  ; 4.079  ; Rise       ; i_clk           ;
;  LEDR[8]  ; i_clk      ; 4.218  ; 4.218  ; Rise       ; i_clk           ;
;  LEDR[9]  ; i_clk      ; 4.224  ; 4.224  ; Rise       ; i_clk           ;
;  LEDR[10] ; i_clk      ; 4.207  ; 4.207  ; Rise       ; i_clk           ;
;  LEDR[11] ; i_clk      ; 4.638  ; 4.638  ; Rise       ; i_clk           ;
;  LEDR[12] ; i_clk      ; 4.406  ; 4.406  ; Rise       ; i_clk           ;
;  LEDR[13] ; i_clk      ; 4.261  ; 4.261  ; Rise       ; i_clk           ;
;  LEDR[14] ; i_clk      ; 4.458  ; 4.458  ; Rise       ; i_clk           ;
;  LEDR[15] ; i_clk      ; 4.427  ; 4.427  ; Rise       ; i_clk           ;
;  LEDR[16] ; i_clk      ; 4.443  ; 4.443  ; Rise       ; i_clk           ;
+-----------+------------+--------+--------+------------+-----------------+


+-----------------------------------------------------------------------+
; Minimum Clock to Output Times                                         ;
+-----------+------------+-------+-------+------------+-----------------+
; Data Port ; Clock Port ; Rise  ; Fall  ; Clock Edge ; Clock Reference ;
+-----------+------------+-------+-------+------------+-----------------+
; HEX0[*]   ; i_clk      ; 4.139 ; 4.139 ; Rise       ; i_clk           ;
;  HEX0[0]  ; i_clk      ; 4.269 ; 4.269 ; Rise       ; i_clk           ;
;  HEX0[1]  ; i_clk      ; 4.147 ; 4.147 ; Rise       ; i_clk           ;
;  HEX0[2]  ; i_clk      ; 4.153 ; 4.153 ; Rise       ; i_clk           ;
;  HEX0[3]  ; i_clk      ; 4.164 ; 4.164 ; Rise       ; i_clk           ;
;  HEX0[4]  ; i_clk      ; 4.158 ; 4.158 ; Rise       ; i_clk           ;
;  HEX0[5]  ; i_clk      ; 4.177 ; 4.177 ; Rise       ; i_clk           ;
;  HEX0[6]  ; i_clk      ; 4.139 ; 4.139 ; Rise       ; i_clk           ;
; HEX1[*]   ; i_clk      ; 3.887 ; 3.887 ; Rise       ; i_clk           ;
;  HEX1[0]  ; i_clk      ; 4.242 ; 4.242 ; Rise       ; i_clk           ;
;  HEX1[1]  ; i_clk      ; 4.198 ; 4.198 ; Rise       ; i_clk           ;
;  HEX1[2]  ; i_clk      ; 4.106 ; 4.106 ; Rise       ; i_clk           ;
;  HEX1[3]  ; i_clk      ; 4.136 ; 4.136 ; Rise       ; i_clk           ;
;  HEX1[4]  ; i_clk      ; 4.140 ; 4.140 ; Rise       ; i_clk           ;
;  HEX1[5]  ; i_clk      ; 4.249 ; 4.249 ; Rise       ; i_clk           ;
;  HEX1[6]  ; i_clk      ; 3.887 ; 3.887 ; Rise       ; i_clk           ;
; HEX2[*]   ; i_clk      ; 4.057 ; 4.057 ; Rise       ; i_clk           ;
;  HEX2[0]  ; i_clk      ; 4.057 ; 4.057 ; Rise       ; i_clk           ;
;  HEX2[1]  ; i_clk      ; 4.277 ; 4.277 ; Rise       ; i_clk           ;
;  HEX2[2]  ; i_clk      ; 4.306 ; 4.306 ; Rise       ; i_clk           ;
;  HEX2[3]  ; i_clk      ; 4.327 ; 4.327 ; Rise       ; i_clk           ;
;  HEX2[4]  ; i_clk      ; 4.282 ; 4.282 ; Rise       ; i_clk           ;
;  HEX2[5]  ; i_clk      ; 4.276 ; 4.276 ; Rise       ; i_clk           ;
;  HEX2[6]  ; i_clk      ; 4.271 ; 4.271 ; Rise       ; i_clk           ;
; HEX3[*]   ; i_clk      ; 4.119 ; 4.119 ; Rise       ; i_clk           ;
;  HEX3[0]  ; i_clk      ; 4.185 ; 4.185 ; Rise       ; i_clk           ;
;  HEX3[1]  ; i_clk      ; 4.223 ; 4.223 ; Rise       ; i_clk           ;
;  HEX3[2]  ; i_clk      ; 4.189 ; 4.189 ; Rise       ; i_clk           ;
;  HEX3[3]  ; i_clk      ; 4.119 ; 4.119 ; Rise       ; i_clk           ;
;  HEX3[4]  ; i_clk      ; 4.208 ; 4.208 ; Rise       ; i_clk           ;
;  HEX3[5]  ; i_clk      ; 4.200 ; 4.200 ; Rise       ; i_clk           ;
;  HEX3[6]  ; i_clk      ; 4.196 ; 4.196 ; Rise       ; i_clk           ;
; HEX4[*]   ; i_clk      ; 4.322 ; 4.322 ; Rise       ; i_clk           ;
;  HEX4[0]  ; i_clk      ; 5.272 ; 5.272 ; Rise       ; i_clk           ;
;  HEX4[1]  ; i_clk      ; 4.587 ; 4.587 ; Rise       ; i_clk           ;
;  HEX4[2]  ; i_clk      ; 4.322 ; 4.322 ; Rise       ; i_clk           ;
;  HEX4[3]  ; i_clk      ; 5.235 ; 5.235 ; Rise       ; i_clk           ;
;  HEX4[4]  ; i_clk      ; 5.028 ; 5.028 ; Rise       ; i_clk           ;
;  HEX4[5]  ; i_clk      ; 5.219 ; 5.219 ; Rise       ; i_clk           ;
;  HEX4[6]  ; i_clk      ; 5.569 ; 5.569 ; Rise       ; i_clk           ;
; HEX5[*]   ; i_clk      ; 4.514 ; 4.514 ; Rise       ; i_clk           ;
;  HEX5[0]  ; i_clk      ; 4.904 ; 4.904 ; Rise       ; i_clk           ;
;  HEX5[1]  ; i_clk      ; 4.514 ; 4.514 ; Rise       ; i_clk           ;
;  HEX5[2]  ; i_clk      ; 4.585 ; 4.585 ; Rise       ; i_clk           ;
;  HEX5[3]  ; i_clk      ; 4.518 ; 4.518 ; Rise       ; i_clk           ;
;  HEX5[4]  ; i_clk      ; 4.937 ; 4.937 ; Rise       ; i_clk           ;
;  HEX5[5]  ; i_clk      ; 5.238 ; 5.238 ; Rise       ; i_clk           ;
;  HEX5[6]  ; i_clk      ; 5.031 ; 5.031 ; Rise       ; i_clk           ;
; HEX6[*]   ; i_clk      ; 4.497 ; 4.497 ; Rise       ; i_clk           ;
;  HEX6[0]  ; i_clk      ; 5.406 ; 5.406 ; Rise       ; i_clk           ;
;  HEX6[1]  ; i_clk      ; 4.497 ; 4.497 ; Rise       ; i_clk           ;
;  HEX6[2]  ; i_clk      ; 5.295 ; 5.295 ; Rise       ; i_clk           ;
;  HEX6[3]  ; i_clk      ; 5.069 ; 5.069 ; Rise       ; i_clk           ;
;  HEX6[4]  ; i_clk      ; 4.783 ; 4.783 ; Rise       ; i_clk           ;
;  HEX6[5]  ; i_clk      ; 5.373 ; 5.373 ; Rise       ; i_clk           ;
;  HEX6[6]  ; i_clk      ; 5.242 ; 5.242 ; Rise       ; i_clk           ;
; HEX7[*]   ; i_clk      ; 4.650 ; 4.650 ; Rise       ; i_clk           ;
;  HEX7[0]  ; i_clk      ; 4.650 ; 4.650 ; Rise       ; i_clk           ;
;  HEX7[1]  ; i_clk      ; 5.531 ; 5.531 ; Rise       ; i_clk           ;
;  HEX7[2]  ; i_clk      ; 4.728 ; 4.728 ; Rise       ; i_clk           ;
;  HEX7[3]  ; i_clk      ; 4.938 ; 4.938 ; Rise       ; i_clk           ;
;  HEX7[4]  ; i_clk      ; 5.040 ; 5.040 ; Rise       ; i_clk           ;
;  HEX7[5]  ; i_clk      ; 5.526 ; 5.526 ; Rise       ; i_clk           ;
;  HEX7[6]  ; i_clk      ; 5.644 ; 5.644 ; Rise       ; i_clk           ;
; LEDG[*]   ; i_clk      ; 4.262 ; 4.262 ; Rise       ; i_clk           ;
;  LEDG[0]  ; i_clk      ; 4.676 ; 4.676 ; Rise       ; i_clk           ;
;  LEDG[1]  ; i_clk      ; 4.262 ; 4.262 ; Rise       ; i_clk           ;
;  LEDG[2]  ; i_clk      ; 5.440 ; 5.440 ; Rise       ; i_clk           ;
;  LEDG[3]  ; i_clk      ; 5.305 ; 5.305 ; Rise       ; i_clk           ;
; LEDR[*]   ; i_clk      ; 4.079 ; 4.079 ; Rise       ; i_clk           ;
;  LEDR[0]  ; i_clk      ; 4.100 ; 4.100 ; Rise       ; i_clk           ;
;  LEDR[1]  ; i_clk      ; 4.159 ; 4.159 ; Rise       ; i_clk           ;
;  LEDR[2]  ; i_clk      ; 4.263 ; 4.263 ; Rise       ; i_clk           ;
;  LEDR[3]  ; i_clk      ; 4.156 ; 4.156 ; Rise       ; i_clk           ;
;  LEDR[4]  ; i_clk      ; 4.180 ; 4.180 ; Rise       ; i_clk           ;
;  LEDR[5]  ; i_clk      ; 4.538 ; 4.538 ; Rise       ; i_clk           ;
;  LEDR[6]  ; i_clk      ; 4.557 ; 4.557 ; Rise       ; i_clk           ;
;  LEDR[7]  ; i_clk      ; 4.079 ; 4.079 ; Rise       ; i_clk           ;
;  LEDR[8]  ; i_clk      ; 4.218 ; 4.218 ; Rise       ; i_clk           ;
;  LEDR[9]  ; i_clk      ; 4.224 ; 4.224 ; Rise       ; i_clk           ;
;  LEDR[10] ; i_clk      ; 4.207 ; 4.207 ; Rise       ; i_clk           ;
;  LEDR[11] ; i_clk      ; 4.638 ; 4.638 ; Rise       ; i_clk           ;
;  LEDR[12] ; i_clk      ; 4.406 ; 4.406 ; Rise       ; i_clk           ;
;  LEDR[13] ; i_clk      ; 4.261 ; 4.261 ; Rise       ; i_clk           ;
;  LEDR[14] ; i_clk      ; 4.458 ; 4.458 ; Rise       ; i_clk           ;
;  LEDR[15] ; i_clk      ; 4.427 ; 4.427 ; Rise       ; i_clk           ;
;  LEDR[16] ; i_clk      ; 4.443 ; 4.443 ; Rise       ; i_clk           ;
+-----------+------------+-------+-------+------------+-----------------+


+----------------------------------------------------+
; Propagation Delay                                  ;
+------------+-------------+-------+----+----+-------+
; Input Port ; Output Port ; RR    ; RF ; FR ; FF    ;
+------------+-------------+-------+----+----+-------+
; SW[17]     ; LEDR[17]    ; 5.539 ;    ;    ; 5.539 ;
+------------+-------------+-------+----+----+-------+


+----------------------------------------------------+
; Minimum Propagation Delay                          ;
+------------+-------------+-------+----+----+-------+
; Input Port ; Output Port ; RR    ; RF ; FR ; FF    ;
+------------+-------------+-------+----+----+-------+
; SW[17]     ; LEDR[17]    ; 5.539 ;    ;    ; 5.539 ;
+------------+-------------+-------+----+----+-------+


+----------------------------------------------------------------------------------+
; Multicorner Timing Analysis Summary                                              ;
+------------------+-----------+--------+----------+---------+---------------------+
; Clock            ; Setup     ; Hold   ; Recovery ; Removal ; Minimum Pulse Width ;
+------------------+-----------+--------+----------+---------+---------------------+
; Worst-case Slack ; -25.146   ; -2.498 ; N/A      ; N/A     ; -1.380              ;
;  CLOCK_50        ; -2.798    ; -2.498 ; N/A      ; N/A     ; -1.380              ;
;  i_clk           ; -25.146   ; 0.215  ; N/A      ; N/A     ; -0.500              ;
; Design-wide TNS  ; -1402.035 ; -2.498 ; 0.0      ; 0.0     ; -115.38             ;
;  CLOCK_50        ; -56.762   ; -2.498 ; N/A      ; N/A     ; -34.380             ;
;  i_clk           ; -1345.273 ; 0.000  ; N/A      ; N/A     ; -81.000             ;
+------------------+-----------+--------+----------+---------+---------------------+


+-------------------------------------------------------------------------+
; Setup Times                                                             ;
+-----------+------------+--------+--------+------------+-----------------+
; Data Port ; Clock Port ; Rise   ; Fall   ; Clock Edge ; Clock Reference ;
+-----------+------------+--------+--------+------------+-----------------+
; KEY[*]    ; i_clk      ; 4.734  ; 4.734  ; Rise       ; i_clk           ;
;  KEY[0]   ; i_clk      ; 4.734  ; 4.734  ; Rise       ; i_clk           ;
;  KEY[1]   ; i_clk      ; 3.930  ; 3.930  ; Rise       ; i_clk           ;
; SW[*]     ; i_clk      ; 4.736  ; 4.736  ; Rise       ; i_clk           ;
;  SW[0]    ; i_clk      ; 0.395  ; 0.395  ; Rise       ; i_clk           ;
;  SW[1]    ; i_clk      ; 0.352  ; 0.352  ; Rise       ; i_clk           ;
;  SW[2]    ; i_clk      ; -0.091 ; -0.091 ; Rise       ; i_clk           ;
;  SW[3]    ; i_clk      ; 0.076  ; 0.076  ; Rise       ; i_clk           ;
;  SW[4]    ; i_clk      ; 0.056  ; 0.056  ; Rise       ; i_clk           ;
;  SW[5]    ; i_clk      ; -0.166 ; -0.166 ; Rise       ; i_clk           ;
;  SW[6]    ; i_clk      ; -0.193 ; -0.193 ; Rise       ; i_clk           ;
;  SW[7]    ; i_clk      ; 1.222  ; 1.222  ; Rise       ; i_clk           ;
;  SW[8]    ; i_clk      ; 0.947  ; 0.947  ; Rise       ; i_clk           ;
;  SW[9]    ; i_clk      ; 0.947  ; 0.947  ; Rise       ; i_clk           ;
;  SW[10]   ; i_clk      ; 1.108  ; 1.108  ; Rise       ; i_clk           ;
;  SW[11]   ; i_clk      ; 0.385  ; 0.385  ; Rise       ; i_clk           ;
;  SW[12]   ; i_clk      ; 0.856  ; 0.856  ; Rise       ; i_clk           ;
;  SW[13]   ; i_clk      ; 4.467  ; 4.467  ; Rise       ; i_clk           ;
;  SW[14]   ; i_clk      ; 4.736  ; 4.736  ; Rise       ; i_clk           ;
;  SW[15]   ; i_clk      ; 4.726  ; 4.726  ; Rise       ; i_clk           ;
;  SW[16]   ; i_clk      ; 4.501  ; 4.501  ; Rise       ; i_clk           ;
+-----------+------------+--------+--------+------------+-----------------+


+-------------------------------------------------------------------------+
; Hold Times                                                              ;
+-----------+------------+--------+--------+------------+-----------------+
; Data Port ; Clock Port ; Rise   ; Fall   ; Clock Edge ; Clock Reference ;
+-----------+------------+--------+--------+------------+-----------------+
; KEY[*]    ; i_clk      ; -2.150 ; -2.150 ; Rise       ; i_clk           ;
;  KEY[0]   ; i_clk      ; -2.571 ; -2.571 ; Rise       ; i_clk           ;
;  KEY[1]   ; i_clk      ; -2.150 ; -2.150 ; Rise       ; i_clk           ;
; SW[*]     ; i_clk      ; 0.427  ; 0.427  ; Rise       ; i_clk           ;
;  SW[0]    ; i_clk      ; 0.131  ; 0.131  ; Rise       ; i_clk           ;
;  SW[1]    ; i_clk      ; 0.130  ; 0.130  ; Rise       ; i_clk           ;
;  SW[2]    ; i_clk      ; 0.337  ; 0.337  ; Rise       ; i_clk           ;
;  SW[3]    ; i_clk      ; 0.290  ; 0.290  ; Rise       ; i_clk           ;
;  SW[4]    ; i_clk      ; 0.306  ; 0.306  ; Rise       ; i_clk           ;
;  SW[5]    ; i_clk      ; 0.398  ; 0.398  ; Rise       ; i_clk           ;
;  SW[6]    ; i_clk      ; 0.427  ; 0.427  ; Rise       ; i_clk           ;
;  SW[7]    ; i_clk      ; -0.366 ; -0.366 ; Rise       ; i_clk           ;
;  SW[8]    ; i_clk      ; -0.271 ; -0.271 ; Rise       ; i_clk           ;
;  SW[9]    ; i_clk      ; -0.267 ; -0.267 ; Rise       ; i_clk           ;
;  SW[10]   ; i_clk      ; -0.270 ; -0.270 ; Rise       ; i_clk           ;
;  SW[11]   ; i_clk      ; 0.076  ; 0.076  ; Rise       ; i_clk           ;
;  SW[12]   ; i_clk      ; -0.167 ; -0.167 ; Rise       ; i_clk           ;
;  SW[13]   ; i_clk      ; -2.378 ; -2.378 ; Rise       ; i_clk           ;
;  SW[14]   ; i_clk      ; -2.573 ; -2.573 ; Rise       ; i_clk           ;
;  SW[15]   ; i_clk      ; -2.522 ; -2.522 ; Rise       ; i_clk           ;
;  SW[16]   ; i_clk      ; -2.407 ; -2.407 ; Rise       ; i_clk           ;
+-----------+------------+--------+--------+------------+-----------------+


+-------------------------------------------------------------------------+
; Clock to Output Times                                                   ;
+-----------+------------+--------+--------+------------+-----------------+
; Data Port ; Clock Port ; Rise   ; Fall   ; Clock Edge ; Clock Reference ;
+-----------+------------+--------+--------+------------+-----------------+
; HEX0[*]   ; i_clk      ; 7.842  ; 7.842  ; Rise       ; i_clk           ;
;  HEX0[0]  ; i_clk      ; 7.842  ; 7.842  ; Rise       ; i_clk           ;
;  HEX0[1]  ; i_clk      ; 7.599  ; 7.599  ; Rise       ; i_clk           ;
;  HEX0[2]  ; i_clk      ; 7.604  ; 7.604  ; Rise       ; i_clk           ;
;  HEX0[3]  ; i_clk      ; 7.617  ; 7.617  ; Rise       ; i_clk           ;
;  HEX0[4]  ; i_clk      ; 7.607  ; 7.607  ; Rise       ; i_clk           ;
;  HEX0[5]  ; i_clk      ; 7.590  ; 7.590  ; Rise       ; i_clk           ;
;  HEX0[6]  ; i_clk      ; 7.577  ; 7.577  ; Rise       ; i_clk           ;
; HEX1[*]   ; i_clk      ; 7.962  ; 7.962  ; Rise       ; i_clk           ;
;  HEX1[0]  ; i_clk      ; 7.828  ; 7.828  ; Rise       ; i_clk           ;
;  HEX1[1]  ; i_clk      ; 7.662  ; 7.662  ; Rise       ; i_clk           ;
;  HEX1[2]  ; i_clk      ; 7.653  ; 7.653  ; Rise       ; i_clk           ;
;  HEX1[3]  ; i_clk      ; 7.699  ; 7.699  ; Rise       ; i_clk           ;
;  HEX1[4]  ; i_clk      ; 7.694  ; 7.694  ; Rise       ; i_clk           ;
;  HEX1[5]  ; i_clk      ; 7.962  ; 7.962  ; Rise       ; i_clk           ;
;  HEX1[6]  ; i_clk      ; 7.034  ; 7.034  ; Rise       ; i_clk           ;
; HEX2[*]   ; i_clk      ; 8.050  ; 8.050  ; Rise       ; i_clk           ;
;  HEX2[0]  ; i_clk      ; 7.441  ; 7.441  ; Rise       ; i_clk           ;
;  HEX2[1]  ; i_clk      ; 8.001  ; 8.001  ; Rise       ; i_clk           ;
;  HEX2[2]  ; i_clk      ; 8.021  ; 8.021  ; Rise       ; i_clk           ;
;  HEX2[3]  ; i_clk      ; 8.050  ; 8.050  ; Rise       ; i_clk           ;
;  HEX2[4]  ; i_clk      ; 7.991  ; 7.991  ; Rise       ; i_clk           ;
;  HEX2[5]  ; i_clk      ; 7.922  ; 7.922  ; Rise       ; i_clk           ;
;  HEX2[6]  ; i_clk      ; 7.979  ; 7.979  ; Rise       ; i_clk           ;
; HEX3[*]   ; i_clk      ; 7.830  ; 7.830  ; Rise       ; i_clk           ;
;  HEX3[0]  ; i_clk      ; 7.783  ; 7.783  ; Rise       ; i_clk           ;
;  HEX3[1]  ; i_clk      ; 7.830  ; 7.830  ; Rise       ; i_clk           ;
;  HEX3[2]  ; i_clk      ; 7.769  ; 7.769  ; Rise       ; i_clk           ;
;  HEX3[3]  ; i_clk      ; 7.545  ; 7.545  ; Rise       ; i_clk           ;
;  HEX3[4]  ; i_clk      ; 7.813  ; 7.813  ; Rise       ; i_clk           ;
;  HEX3[5]  ; i_clk      ; 7.811  ; 7.811  ; Rise       ; i_clk           ;
;  HEX3[6]  ; i_clk      ; 7.798  ; 7.798  ; Rise       ; i_clk           ;
; HEX4[*]   ; i_clk      ; 10.417 ; 10.417 ; Rise       ; i_clk           ;
;  HEX4[0]  ; i_clk      ; 9.820  ; 9.820  ; Rise       ; i_clk           ;
;  HEX4[1]  ; i_clk      ; 8.507  ; 8.507  ; Rise       ; i_clk           ;
;  HEX4[2]  ; i_clk      ; 7.909  ; 7.909  ; Rise       ; i_clk           ;
;  HEX4[3]  ; i_clk      ; 9.777  ; 9.777  ; Rise       ; i_clk           ;
;  HEX4[4]  ; i_clk      ; 9.295  ; 9.295  ; Rise       ; i_clk           ;
;  HEX4[5]  ; i_clk      ; 9.816  ; 9.816  ; Rise       ; i_clk           ;
;  HEX4[6]  ; i_clk      ; 10.417 ; 10.417 ; Rise       ; i_clk           ;
; HEX5[*]   ; i_clk      ; 9.781  ; 9.781  ; Rise       ; i_clk           ;
;  HEX5[0]  ; i_clk      ; 9.107  ; 9.107  ; Rise       ; i_clk           ;
;  HEX5[1]  ; i_clk      ; 8.350  ; 8.350  ; Rise       ; i_clk           ;
;  HEX5[2]  ; i_clk      ; 8.523  ; 8.523  ; Rise       ; i_clk           ;
;  HEX5[3]  ; i_clk      ; 8.270  ; 8.270  ; Rise       ; i_clk           ;
;  HEX5[4]  ; i_clk      ; 9.335  ; 9.335  ; Rise       ; i_clk           ;
;  HEX5[5]  ; i_clk      ; 9.781  ; 9.781  ; Rise       ; i_clk           ;
;  HEX5[6]  ; i_clk      ; 9.597  ; 9.597  ; Rise       ; i_clk           ;
; HEX6[*]   ; i_clk      ; 10.312 ; 10.312 ; Rise       ; i_clk           ;
;  HEX6[0]  ; i_clk      ; 10.021 ; 10.021 ; Rise       ; i_clk           ;
;  HEX6[1]  ; i_clk      ; 8.214  ; 8.214  ; Rise       ; i_clk           ;
;  HEX6[2]  ; i_clk      ; 9.923  ; 9.923  ; Rise       ; i_clk           ;
;  HEX6[3]  ; i_clk      ; 9.524  ; 9.524  ; Rise       ; i_clk           ;
;  HEX6[4]  ; i_clk      ; 8.735  ; 8.735  ; Rise       ; i_clk           ;
;  HEX6[5]  ; i_clk      ; 10.312 ; 10.312 ; Rise       ; i_clk           ;
;  HEX6[6]  ; i_clk      ; 9.746  ; 9.746  ; Rise       ; i_clk           ;
; HEX7[*]   ; i_clk      ; 10.474 ; 10.474 ; Rise       ; i_clk           ;
;  HEX7[0]  ; i_clk      ; 8.539  ; 8.539  ; Rise       ; i_clk           ;
;  HEX7[1]  ; i_clk      ; 10.360 ; 10.360 ; Rise       ; i_clk           ;
;  HEX7[2]  ; i_clk      ; 8.747  ; 8.747  ; Rise       ; i_clk           ;
;  HEX7[3]  ; i_clk      ; 9.336  ; 9.336  ; Rise       ; i_clk           ;
;  HEX7[4]  ; i_clk      ; 9.578  ; 9.578  ; Rise       ; i_clk           ;
;  HEX7[5]  ; i_clk      ; 10.271 ; 10.271 ; Rise       ; i_clk           ;
;  HEX7[6]  ; i_clk      ; 10.474 ; 10.474 ; Rise       ; i_clk           ;
; LEDG[*]   ; i_clk      ; 32.249 ; 32.249 ; Rise       ; i_clk           ;
;  LEDG[0]  ; i_clk      ; 9.514  ; 9.514  ; Rise       ; i_clk           ;
;  LEDG[1]  ; i_clk      ; 7.779  ; 7.779  ; Rise       ; i_clk           ;
;  LEDG[2]  ; i_clk      ; 21.535 ; 21.535 ; Rise       ; i_clk           ;
;  LEDG[3]  ; i_clk      ; 32.249 ; 32.249 ; Rise       ; i_clk           ;
; LEDR[*]   ; i_clk      ; 8.589  ; 8.589  ; Rise       ; i_clk           ;
;  LEDR[0]  ; i_clk      ; 7.388  ; 7.388  ; Rise       ; i_clk           ;
;  LEDR[1]  ; i_clk      ; 7.543  ; 7.543  ; Rise       ; i_clk           ;
;  LEDR[2]  ; i_clk      ; 7.850  ; 7.850  ; Rise       ; i_clk           ;
;  LEDR[3]  ; i_clk      ; 7.603  ; 7.603  ; Rise       ; i_clk           ;
;  LEDR[4]  ; i_clk      ; 7.630  ; 7.630  ; Rise       ; i_clk           ;
;  LEDR[5]  ; i_clk      ; 8.428  ; 8.428  ; Rise       ; i_clk           ;
;  LEDR[6]  ; i_clk      ; 8.380  ; 8.380  ; Rise       ; i_clk           ;
;  LEDR[7]  ; i_clk      ; 7.414  ; 7.414  ; Rise       ; i_clk           ;
;  LEDR[8]  ; i_clk      ; 7.727  ; 7.727  ; Rise       ; i_clk           ;
;  LEDR[9]  ; i_clk      ; 7.742  ; 7.742  ; Rise       ; i_clk           ;
;  LEDR[10] ; i_clk      ; 7.708  ; 7.708  ; Rise       ; i_clk           ;
;  LEDR[11] ; i_clk      ; 8.589  ; 8.589  ; Rise       ; i_clk           ;
;  LEDR[12] ; i_clk      ; 8.086  ; 8.086  ; Rise       ; i_clk           ;
;  LEDR[13] ; i_clk      ; 7.856  ; 7.856  ; Rise       ; i_clk           ;
;  LEDR[14] ; i_clk      ; 8.229  ; 8.229  ; Rise       ; i_clk           ;
;  LEDR[15] ; i_clk      ; 8.109  ; 8.109  ; Rise       ; i_clk           ;
;  LEDR[16] ; i_clk      ; 8.207  ; 8.207  ; Rise       ; i_clk           ;
+-----------+------------+--------+--------+------------+-----------------+


+-----------------------------------------------------------------------+
; Minimum Clock to Output Times                                         ;
+-----------+------------+-------+-------+------------+-----------------+
; Data Port ; Clock Port ; Rise  ; Fall  ; Clock Edge ; Clock Reference ;
+-----------+------------+-------+-------+------------+-----------------+
; HEX0[*]   ; i_clk      ; 4.139 ; 4.139 ; Rise       ; i_clk           ;
;  HEX0[0]  ; i_clk      ; 4.269 ; 4.269 ; Rise       ; i_clk           ;
;  HEX0[1]  ; i_clk      ; 4.147 ; 4.147 ; Rise       ; i_clk           ;
;  HEX0[2]  ; i_clk      ; 4.153 ; 4.153 ; Rise       ; i_clk           ;
;  HEX0[3]  ; i_clk      ; 4.164 ; 4.164 ; Rise       ; i_clk           ;
;  HEX0[4]  ; i_clk      ; 4.158 ; 4.158 ; Rise       ; i_clk           ;
;  HEX0[5]  ; i_clk      ; 4.177 ; 4.177 ; Rise       ; i_clk           ;
;  HEX0[6]  ; i_clk      ; 4.139 ; 4.139 ; Rise       ; i_clk           ;
; HEX1[*]   ; i_clk      ; 3.887 ; 3.887 ; Rise       ; i_clk           ;
;  HEX1[0]  ; i_clk      ; 4.242 ; 4.242 ; Rise       ; i_clk           ;
;  HEX1[1]  ; i_clk      ; 4.198 ; 4.198 ; Rise       ; i_clk           ;
;  HEX1[2]  ; i_clk      ; 4.106 ; 4.106 ; Rise       ; i_clk           ;
;  HEX1[3]  ; i_clk      ; 4.136 ; 4.136 ; Rise       ; i_clk           ;
;  HEX1[4]  ; i_clk      ; 4.140 ; 4.140 ; Rise       ; i_clk           ;
;  HEX1[5]  ; i_clk      ; 4.249 ; 4.249 ; Rise       ; i_clk           ;
;  HEX1[6]  ; i_clk      ; 3.887 ; 3.887 ; Rise       ; i_clk           ;
; HEX2[*]   ; i_clk      ; 4.057 ; 4.057 ; Rise       ; i_clk           ;
;  HEX2[0]  ; i_clk      ; 4.057 ; 4.057 ; Rise       ; i_clk           ;
;  HEX2[1]  ; i_clk      ; 4.277 ; 4.277 ; Rise       ; i_clk           ;
;  HEX2[2]  ; i_clk      ; 4.306 ; 4.306 ; Rise       ; i_clk           ;
;  HEX2[3]  ; i_clk      ; 4.327 ; 4.327 ; Rise       ; i_clk           ;
;  HEX2[4]  ; i_clk      ; 4.282 ; 4.282 ; Rise       ; i_clk           ;
;  HEX2[5]  ; i_clk      ; 4.276 ; 4.276 ; Rise       ; i_clk           ;
;  HEX2[6]  ; i_clk      ; 4.271 ; 4.271 ; Rise       ; i_clk           ;
; HEX3[*]   ; i_clk      ; 4.119 ; 4.119 ; Rise       ; i_clk           ;
;  HEX3[0]  ; i_clk      ; 4.185 ; 4.185 ; Rise       ; i_clk           ;
;  HEX3[1]  ; i_clk      ; 4.223 ; 4.223 ; Rise       ; i_clk           ;
;  HEX3[2]  ; i_clk      ; 4.189 ; 4.189 ; Rise       ; i_clk           ;
;  HEX3[3]  ; i_clk      ; 4.119 ; 4.119 ; Rise       ; i_clk           ;
;  HEX3[4]  ; i_clk      ; 4.208 ; 4.208 ; Rise       ; i_clk           ;
;  HEX3[5]  ; i_clk      ; 4.200 ; 4.200 ; Rise       ; i_clk           ;
;  HEX3[6]  ; i_clk      ; 4.196 ; 4.196 ; Rise       ; i_clk           ;
; HEX4[*]   ; i_clk      ; 4.322 ; 4.322 ; Rise       ; i_clk           ;
;  HEX4[0]  ; i_clk      ; 5.272 ; 5.272 ; Rise       ; i_clk           ;
;  HEX4[1]  ; i_clk      ; 4.587 ; 4.587 ; Rise       ; i_clk           ;
;  HEX4[2]  ; i_clk      ; 4.322 ; 4.322 ; Rise       ; i_clk           ;
;  HEX4[3]  ; i_clk      ; 5.235 ; 5.235 ; Rise       ; i_clk           ;
;  HEX4[4]  ; i_clk      ; 5.028 ; 5.028 ; Rise       ; i_clk           ;
;  HEX4[5]  ; i_clk      ; 5.219 ; 5.219 ; Rise       ; i_clk           ;
;  HEX4[6]  ; i_clk      ; 5.569 ; 5.569 ; Rise       ; i_clk           ;
; HEX5[*]   ; i_clk      ; 4.514 ; 4.514 ; Rise       ; i_clk           ;
;  HEX5[0]  ; i_clk      ; 4.904 ; 4.904 ; Rise       ; i_clk           ;
;  HEX5[1]  ; i_clk      ; 4.514 ; 4.514 ; Rise       ; i_clk           ;
;  HEX5[2]  ; i_clk      ; 4.585 ; 4.585 ; Rise       ; i_clk           ;
;  HEX5[3]  ; i_clk      ; 4.518 ; 4.518 ; Rise       ; i_clk           ;
;  HEX5[4]  ; i_clk      ; 4.937 ; 4.937 ; Rise       ; i_clk           ;
;  HEX5[5]  ; i_clk      ; 5.238 ; 5.238 ; Rise       ; i_clk           ;
;  HEX5[6]  ; i_clk      ; 5.031 ; 5.031 ; Rise       ; i_clk           ;
; HEX6[*]   ; i_clk      ; 4.497 ; 4.497 ; Rise       ; i_clk           ;
;  HEX6[0]  ; i_clk      ; 5.406 ; 5.406 ; Rise       ; i_clk           ;
;  HEX6[1]  ; i_clk      ; 4.497 ; 4.497 ; Rise       ; i_clk           ;
;  HEX6[2]  ; i_clk      ; 5.295 ; 5.295 ; Rise       ; i_clk           ;
;  HEX6[3]  ; i_clk      ; 5.069 ; 5.069 ; Rise       ; i_clk           ;
;  HEX6[4]  ; i_clk      ; 4.783 ; 4.783 ; Rise       ; i_clk           ;
;  HEX6[5]  ; i_clk      ; 5.373 ; 5.373 ; Rise       ; i_clk           ;
;  HEX6[6]  ; i_clk      ; 5.242 ; 5.242 ; Rise       ; i_clk           ;
; HEX7[*]   ; i_clk      ; 4.650 ; 4.650 ; Rise       ; i_clk           ;
;  HEX7[0]  ; i_clk      ; 4.650 ; 4.650 ; Rise       ; i_clk           ;
;  HEX7[1]  ; i_clk      ; 5.531 ; 5.531 ; Rise       ; i_clk           ;
;  HEX7[2]  ; i_clk      ; 4.728 ; 4.728 ; Rise       ; i_clk           ;
;  HEX7[3]  ; i_clk      ; 4.938 ; 4.938 ; Rise       ; i_clk           ;
;  HEX7[4]  ; i_clk      ; 5.040 ; 5.040 ; Rise       ; i_clk           ;
;  HEX7[5]  ; i_clk      ; 5.526 ; 5.526 ; Rise       ; i_clk           ;
;  HEX7[6]  ; i_clk      ; 5.644 ; 5.644 ; Rise       ; i_clk           ;
; LEDG[*]   ; i_clk      ; 4.262 ; 4.262 ; Rise       ; i_clk           ;
;  LEDG[0]  ; i_clk      ; 4.676 ; 4.676 ; Rise       ; i_clk           ;
;  LEDG[1]  ; i_clk      ; 4.262 ; 4.262 ; Rise       ; i_clk           ;
;  LEDG[2]  ; i_clk      ; 5.440 ; 5.440 ; Rise       ; i_clk           ;
;  LEDG[3]  ; i_clk      ; 5.305 ; 5.305 ; Rise       ; i_clk           ;
; LEDR[*]   ; i_clk      ; 4.079 ; 4.079 ; Rise       ; i_clk           ;
;  LEDR[0]  ; i_clk      ; 4.100 ; 4.100 ; Rise       ; i_clk           ;
;  LEDR[1]  ; i_clk      ; 4.159 ; 4.159 ; Rise       ; i_clk           ;
;  LEDR[2]  ; i_clk      ; 4.263 ; 4.263 ; Rise       ; i_clk           ;
;  LEDR[3]  ; i_clk      ; 4.156 ; 4.156 ; Rise       ; i_clk           ;
;  LEDR[4]  ; i_clk      ; 4.180 ; 4.180 ; Rise       ; i_clk           ;
;  LEDR[5]  ; i_clk      ; 4.538 ; 4.538 ; Rise       ; i_clk           ;
;  LEDR[6]  ; i_clk      ; 4.557 ; 4.557 ; Rise       ; i_clk           ;
;  LEDR[7]  ; i_clk      ; 4.079 ; 4.079 ; Rise       ; i_clk           ;
;  LEDR[8]  ; i_clk      ; 4.218 ; 4.218 ; Rise       ; i_clk           ;
;  LEDR[9]  ; i_clk      ; 4.224 ; 4.224 ; Rise       ; i_clk           ;
;  LEDR[10] ; i_clk      ; 4.207 ; 4.207 ; Rise       ; i_clk           ;
;  LEDR[11] ; i_clk      ; 4.638 ; 4.638 ; Rise       ; i_clk           ;
;  LEDR[12] ; i_clk      ; 4.406 ; 4.406 ; Rise       ; i_clk           ;
;  LEDR[13] ; i_clk      ; 4.261 ; 4.261 ; Rise       ; i_clk           ;
;  LEDR[14] ; i_clk      ; 4.458 ; 4.458 ; Rise       ; i_clk           ;
;  LEDR[15] ; i_clk      ; 4.427 ; 4.427 ; Rise       ; i_clk           ;
;  LEDR[16] ; i_clk      ; 4.443 ; 4.443 ; Rise       ; i_clk           ;
+-----------+------------+-------+-------+------------+-----------------+


+----------------------------------------------------+
; Progagation Delay                                  ;
+------------+-------------+-------+----+----+-------+
; Input Port ; Output Port ; RR    ; RF ; FR ; FF    ;
+------------+-------------+-------+----+----+-------+
; SW[17]     ; LEDR[17]    ; 9.640 ;    ;    ; 9.640 ;
+------------+-------------+-------+----+----+-------+


+----------------------------------------------------+
; Minimum Progagation Delay                          ;
+------------+-------------+-------+----+----+-------+
; Input Port ; Output Port ; RR    ; RF ; FR ; FF    ;
+------------+-------------+-------+----+----+-------+
; SW[17]     ; LEDR[17]    ; 5.539 ;    ;    ; 5.539 ;
+------------+-------------+-------+----+----+-------+


+-----------------------------------------------------------------------+
; Setup Transfers                                                       ;
+------------+----------+--------------+----------+----------+----------+
; From Clock ; To Clock ; RR Paths     ; FR Paths ; RF Paths ; FF Paths ;
+------------+----------+--------------+----------+----------+----------+
; CLOCK_50   ; CLOCK_50 ; 624          ; 0        ; 0        ; 0        ;
; i_clk      ; CLOCK_50 ; 1            ; 1        ; 0        ; 0        ;
; i_clk      ; i_clk    ; > 2147483647 ; 0        ; 0        ; 0        ;
+------------+----------+--------------+----------+----------+----------+
Entries labeled "false path" only account for clock-to-clock false paths and not path-based false paths. As a result, actual path counts may be lower than reported.


+-----------------------------------------------------------------------+
; Hold Transfers                                                        ;
+------------+----------+--------------+----------+----------+----------+
; From Clock ; To Clock ; RR Paths     ; FR Paths ; RF Paths ; FF Paths ;
+------------+----------+--------------+----------+----------+----------+
; CLOCK_50   ; CLOCK_50 ; 624          ; 0        ; 0        ; 0        ;
; i_clk      ; CLOCK_50 ; 1            ; 1        ; 0        ; 0        ;
; i_clk      ; i_clk    ; > 2147483647 ; 0        ; 0        ; 0        ;
+------------+----------+--------------+----------+----------+----------+
Entries labeled "false path" only account for clock-to-clock false paths and not path-based false paths. As a result, actual path counts may be lower than reported.


---------------
; Report TCCS ;
---------------
No dedicated SERDES Transmitter circuitry present in device or used in design


---------------
; Report RSKM ;
---------------
No dedicated SERDES Receiver circuitry present in device or used in design


+------------------------------------------------+
; Unconstrained Paths                            ;
+---------------------------------+-------+------+
; Property                        ; Setup ; Hold ;
+---------------------------------+-------+------+
; Illegal Clocks                  ; 0     ; 0    ;
; Unconstrained Clocks            ; 0     ; 0    ;
; Unconstrained Input Ports       ; 20    ; 20   ;
; Unconstrained Input Port Paths  ; 133   ; 133  ;
; Unconstrained Output Ports      ; 78    ; 78   ;
; Unconstrained Output Port Paths ; 113   ; 113  ;
+---------------------------------+-------+------+


+------------------------------------+
; TimeQuest Timing Analyzer Messages ;
+------------------------------------+
Info: *******************************************************************
Info: Running Quartus II 64-Bit TimeQuest Timing Analyzer
    Info: Version 13.0.1 Build 232 06/12/2013 Service Pack 1 SJ Web Edition
    Info: Processing started: Thu Nov 20 04:40:48 2025
Info: Command: quartus_sta FPU_top -c FPU_top
Info: qsta_default_script.tcl version: #1
Info (11104): Parallel Compilation has detected 8 hyper-threaded processors. However, the extra hyper-threaded processors will not be used by default. Parallel Compilation will use 4 of the 4 physical processors detected instead.
Info (21077): Low junction temperature is 0 degrees C
Info (21077): High junction temperature is 85 degrees C
Critical Warning (332012): Synopsys Design Constraints File file not found: 'FPU_top.sdc'. A Synopsys Design Constraints File is required by the TimeQuest Timing Analyzer to get proper timing constraints. Without it, the Compiler will not properly optimize the design.
Info (332142): No user constrained base clocks found in the design. Calling "derive_clocks -period 1.0"
Info (332105): Deriving Clocks
    Info (332105): create_clock -period 1.000 -name CLOCK_50 CLOCK_50
    Info (332105): create_clock -period 1.000 -name i_clk i_clk
Info: Found TIMEQUEST_REPORT_SCRIPT_INCLUDE_DEFAULT_ANALYSIS = ON
Info: Analyzing Slow Model
Critical Warning (332148): Timing requirements not met
Info (332146): Worst-case setup slack is -25.146
    Info (332119):     Slack End Point TNS Clock 
    Info (332119): ========= ============= =====================
    Info (332119):   -25.146     -1345.273 i_clk 
    Info (332119):    -2.798       -56.762 CLOCK_50 
Info (332146): Worst-case hold slack is -2.498
    Info (332119):     Slack End Point TNS Clock 
    Info (332119): ========= ============= =====================
    Info (332119):    -2.498        -2.498 CLOCK_50 
    Info (332119):     0.391         0.000 i_clk 
Info (332140): No Recovery paths to report
Info (332140): No Removal paths to report
Info (332146): Worst-case minimum pulse width slack is -1.380
    Info (332119):     Slack End Point TNS Clock 
    Info (332119): ========= ============= =====================
    Info (332119):    -1.380       -34.380 CLOCK_50 
    Info (332119):    -0.500       -81.000 i_clk 
Info (332001): The selected device family is not supported by the report_metastability command.
Info: Analyzing Fast Model
Critical Warning (332148): Timing requirements not met
Info (332146): Worst-case setup slack is -10.442
    Info (332119):     Slack End Point TNS Clock 
    Info (332119): ========= ============= =====================
    Info (332119):   -10.442      -550.392 i_clk 
    Info (332119):    -0.840       -10.946 CLOCK_50 
Info (332146): Worst-case hold slack is -1.546
    Info (332119):     Slack End Point TNS Clock 
    Info (332119): ========= ============= =====================
    Info (332119):    -1.546        -1.546 CLOCK_50 
    Info (332119):     0.215         0.000 i_clk 
Info (332140): No Recovery paths to report
Info (332140): No Removal paths to report
Info (332146): Worst-case minimum pulse width slack is -1.380
    Info (332119):     Slack End Point TNS Clock 
    Info (332119): ========= ============= =====================
    Info (332119):    -1.380       -34.380 CLOCK_50 
    Info (332119):    -0.500       -81.000 i_clk 
Info (332001): The selected device family is not supported by the report_metastability command.
Info (332102): Design is not fully constrained for setup requirements
Info (332102): Design is not fully constrained for hold requirements
Info: Quartus II 64-Bit TimeQuest Timing Analyzer was successful. 0 errors, 3 warnings
    Info: Peak virtual memory: 4645 megabytes
    Info: Processing ended: Thu Nov 20 04:40:49 2025
    Info: Elapsed time: 00:00:01
    Info: Total CPU time (on all processors): 00:00:01


