TimeQuest Timing Analyzer report for FPU_top
Sat Nov 22 11:56:29 2025
Quartus II 64-Bit Version 13.0.1 Build 232 06/12/2013 Service Pack 1 SJ Web Edition


---------------------
; Table of Contents ;
---------------------
  1. Legal Notice
  2. TimeQuest Timing Analyzer Summary
  3. Parallel Compilation
  4. Clocks
  5. Slow Model Fmax Summary
  6. Slow Model Setup Summary
  7. Slow Model Hold Summary
  8. Slow Model Recovery Summary
  9. Slow Model Removal Summary
 10. Slow Model Minimum Pulse Width Summary
 11. Slow Model Setup: 'i_clk'
 12. Slow Model Setup: 'CLOCK_50'
 13. Slow Model Hold: 'CLOCK_50'
 14. Slow Model Hold: 'i_clk'
 15. Slow Model Minimum Pulse Width: 'CLOCK_50'
 16. Slow Model Minimum Pulse Width: 'i_clk'
 17. Setup Times
 18. Hold Times
 19. Clock to Output Times
 20. Minimum Clock to Output Times
 21. Propagation Delay
 22. Minimum Propagation Delay
 23. Fast Model Setup Summary
 24. Fast Model Hold Summary
 25. Fast Model Recovery Summary
 26. Fast Model Removal Summary
 27. Fast Model Minimum Pulse Width Summary
 28. Fast Model Setup: 'i_clk'
 29. Fast Model Setup: 'CLOCK_50'
 30. Fast Model Hold: 'CLOCK_50'
 31. Fast Model Hold: 'i_clk'
 32. Fast Model Minimum Pulse Width: 'CLOCK_50'
 33. Fast Model Minimum Pulse Width: 'i_clk'
 34. Setup Times
 35. Hold Times
 36. Clock to Output Times
 37. Minimum Clock to Output Times
 38. Propagation Delay
 39. Minimum Propagation Delay
 40. Multicorner Timing Analysis Summary
 41. Setup Times
 42. Hold Times
 43. Clock to Output Times
 44. Minimum Clock to Output Times
 45. Progagation Delay
 46. Minimum Progagation Delay
 47. Setup Transfers
 48. Hold Transfers
 49. Report TCCS
 50. Report RSKM
 51. Unconstrained Paths
 52. TimeQuest Timing Analyzer Messages



----------------
; Legal Notice ;
----------------
Copyright (C) 1991-2013 Altera Corporation
Your use of Altera Corporation's design tools, logic functions 
and other software and tools, and its AMPP partner logic 
functions, and any output files from any of the foregoing 
(including device programming or simulation files), and any 
associated documentation or information are expressly subject 
to the terms and conditions of the Altera Program License 
Subscription Agreement, Altera MegaCore Function License 
Agreement, or other applicable license agreement, including, 
without limitation, that your use is for the sole purpose of 
programming logic devices manufactured by Altera and sold by 
Altera or its authorized distributors.  Please refer to the 
applicable agreement for further details.



+----------------------------------------------------------------------------------------+
; TimeQuest Timing Analyzer Summary                                                      ;
+--------------------+-------------------------------------------------------------------+
; Quartus II Version ; Version 13.0.1 Build 232 06/12/2013 Service Pack 1 SJ Web Edition ;
; Revision Name      ; FPU_top                                                           ;
; Device Family      ; Cyclone II                                                        ;
; Device Name        ; EP2C35F672C6                                                      ;
; Timing Models      ; Final                                                             ;
; Delay Model        ; Combined                                                          ;
; Rise/Fall Delays   ; Unavailable                                                       ;
+--------------------+-------------------------------------------------------------------+


+------------------------------------------+
; Parallel Compilation                     ;
+----------------------------+-------------+
; Processors                 ; Number      ;
+----------------------------+-------------+
; Number detected on machine ; 8           ;
; Maximum allowed            ; 4           ;
;                            ;             ;
; Average used               ; 1.00        ;
; Maximum used               ; 2           ;
;                            ;             ;
; Usage by Processor         ; % Time Used ;
;     Processor 1            ; 100.0%      ;
;     Processor 2            ; < 0.1%      ;
;     Processors 3-8         ;   0.0%      ;
+----------------------------+-------------+


+--------------------------------------------------------------------------------------------------------------------------------------------------------------------------------------+
; Clocks                                                                                                                                                                               ;
+------------+------+--------+------------+-------+-------+------------+-----------+-------------+-------+--------+-----------+------------+----------+--------+--------+--------------+
; Clock Name ; Type ; Period ; Frequency  ; Rise  ; Fall  ; Duty Cycle ; Divide by ; Multiply by ; Phase ; Offset ; Edge List ; Edge Shift ; Inverted ; Master ; Source ; Targets      ;
+------------+------+--------+------------+-------+-------+------------+-----------+-------------+-------+--------+-----------+------------+----------+--------+--------+--------------+
; CLOCK_50   ; Base ; 1.000  ; 1000.0 MHz ; 0.000 ; 0.500 ;            ;           ;             ;       ;        ;           ;            ;          ;        ;        ; { CLOCK_50 } ;
; i_clk      ; Base ; 1.000  ; 1000.0 MHz ; 0.000 ; 0.500 ;            ;           ;             ;       ;        ;           ;            ;          ;        ;        ; { i_clk }    ;
+------------+------+--------+------------+-------+-------+------------+-----------+-------------+-------+--------+-----------+------------+----------+--------+--------+--------------+


+--------------------------------------------------+
; Slow Model Fmax Summary                          ;
+------------+-----------------+------------+------+
; Fmax       ; Restricted Fmax ; Clock Name ; Note ;
+------------+-----------------+------------+------+
; 38.36 MHz  ; 38.36 MHz       ; i_clk      ;      ;
; 263.71 MHz ; 263.71 MHz      ; CLOCK_50   ;      ;
+------------+-----------------+------------+------+
This panel reports FMAX for every clock in the design, regardless of the user-specified clock periods.  FMAX is only computed for paths where the source and destination registers or ports are driven by the same clock.  Paths of different clocks, including generated clocks, are ignored.  For paths between a clock and its inversion, FMAX is computed as if the rising and falling edges are scaled along with FMAX, such that the duty cycle (in terms of a percentage) is maintained. Altera recommends that you always use clock constraints and other slack reports for sign-off analysis.


+------------------------------------+
; Slow Model Setup Summary           ;
+----------+---------+---------------+
; Clock    ; Slack   ; End Point TNS ;
+----------+---------+---------------+
; i_clk    ; -25.067 ; -1327.386     ;
; CLOCK_50 ; -2.792  ; -56.598       ;
+----------+---------+---------------+


+-----------------------------------+
; Slow Model Hold Summary           ;
+----------+--------+---------------+
; Clock    ; Slack  ; End Point TNS ;
+----------+--------+---------------+
; CLOCK_50 ; -2.562 ; -2.562        ;
; i_clk    ; 0.391  ; 0.000         ;
+----------+--------+---------------+


-------------------------------
; Slow Model Recovery Summary ;
-------------------------------
No paths to report.


------------------------------
; Slow Model Removal Summary ;
------------------------------
No paths to report.


+----------------------------------------+
; Slow Model Minimum Pulse Width Summary ;
+----------+--------+--------------------+
; Clock    ; Slack  ; End Point TNS      ;
+----------+--------+--------------------+
; CLOCK_50 ; -1.380 ; -34.380            ;
; i_clk    ; -0.500 ; -81.000            ;
+----------+--------+--------------------+


+------------------------------------------------------------------------------------------------------------------------------------+
; Slow Model Setup: 'i_clk'                                                                                                          ;
+---------+--------------+-------------------------------------+--------------+-------------+--------------+------------+------------+
; Slack   ; From Node    ; To Node                             ; Launch Clock ; Latch Clock ; Relationship ; Clock Skew ; Data Delay ;
+---------+--------------+-------------------------------------+--------------+-------------+--------------+------------+------------+
; -25.067 ; w_i_data[10] ; HEX_block:HEX_BLOCK_UNIT|o_hex_7[4] ; i_clk        ; i_clk       ; 1.000        ; 0.007      ; 26.110     ;
; -25.066 ; w_i_data[10] ; HEX_block:HEX_BLOCK_UNIT|o_hex_7[2] ; i_clk        ; i_clk       ; 1.000        ; 0.007      ; 26.109     ;
; -25.050 ; w_i_data[10] ; HEX_block:HEX_BLOCK_UNIT|o_hex_7[5] ; i_clk        ; i_clk       ; 1.000        ; 0.007      ; 26.093     ;
; -25.048 ; w_i_data[10] ; HEX_block:HEX_BLOCK_UNIT|o_hex_7[6] ; i_clk        ; i_clk       ; 1.000        ; 0.007      ; 26.091     ;
; -25.046 ; w_i_data[10] ; HEX_block:HEX_BLOCK_UNIT|o_hex_7[1] ; i_clk        ; i_clk       ; 1.000        ; 0.007      ; 26.089     ;
; -25.045 ; w_i_data[10] ; HEX_block:HEX_BLOCK_UNIT|o_hex_7[0] ; i_clk        ; i_clk       ; 1.000        ; 0.007      ; 26.088     ;
; -25.045 ; w_i_data[10] ; HEX_block:HEX_BLOCK_UNIT|o_hex_7[3] ; i_clk        ; i_clk       ; 1.000        ; 0.007      ; 26.088     ;
; -24.997 ; w_i_data[12] ; HEX_block:HEX_BLOCK_UNIT|o_hex_7[4] ; i_clk        ; i_clk       ; 1.000        ; 0.007      ; 26.040     ;
; -24.996 ; w_i_data[12] ; HEX_block:HEX_BLOCK_UNIT|o_hex_7[2] ; i_clk        ; i_clk       ; 1.000        ; 0.007      ; 26.039     ;
; -24.980 ; w_i_data[12] ; HEX_block:HEX_BLOCK_UNIT|o_hex_7[5] ; i_clk        ; i_clk       ; 1.000        ; 0.007      ; 26.023     ;
; -24.978 ; w_i_data[12] ; HEX_block:HEX_BLOCK_UNIT|o_hex_7[6] ; i_clk        ; i_clk       ; 1.000        ; 0.007      ; 26.021     ;
; -24.976 ; w_i_data[12] ; HEX_block:HEX_BLOCK_UNIT|o_hex_7[1] ; i_clk        ; i_clk       ; 1.000        ; 0.007      ; 26.019     ;
; -24.975 ; w_i_data[12] ; HEX_block:HEX_BLOCK_UNIT|o_hex_7[0] ; i_clk        ; i_clk       ; 1.000        ; 0.007      ; 26.018     ;
; -24.975 ; w_i_data[12] ; HEX_block:HEX_BLOCK_UNIT|o_hex_7[3] ; i_clk        ; i_clk       ; 1.000        ; 0.007      ; 26.018     ;
; -24.838 ; w_i_data[8]  ; HEX_block:HEX_BLOCK_UNIT|o_hex_7[4] ; i_clk        ; i_clk       ; 1.000        ; 0.007      ; 25.881     ;
; -24.837 ; w_i_data[8]  ; HEX_block:HEX_BLOCK_UNIT|o_hex_7[2] ; i_clk        ; i_clk       ; 1.000        ; 0.007      ; 25.880     ;
; -24.821 ; w_i_data[8]  ; HEX_block:HEX_BLOCK_UNIT|o_hex_7[5] ; i_clk        ; i_clk       ; 1.000        ; 0.007      ; 25.864     ;
; -24.819 ; w_i_data[8]  ; HEX_block:HEX_BLOCK_UNIT|o_hex_7[6] ; i_clk        ; i_clk       ; 1.000        ; 0.007      ; 25.862     ;
; -24.817 ; w_i_data[8]  ; HEX_block:HEX_BLOCK_UNIT|o_hex_7[1] ; i_clk        ; i_clk       ; 1.000        ; 0.007      ; 25.860     ;
; -24.816 ; w_i_data[8]  ; HEX_block:HEX_BLOCK_UNIT|o_hex_7[0] ; i_clk        ; i_clk       ; 1.000        ; 0.007      ; 25.859     ;
; -24.816 ; w_i_data[8]  ; HEX_block:HEX_BLOCK_UNIT|o_hex_7[3] ; i_clk        ; i_clk       ; 1.000        ; 0.007      ; 25.859     ;
; -24.756 ; w_i_data[9]  ; HEX_block:HEX_BLOCK_UNIT|o_hex_7[4] ; i_clk        ; i_clk       ; 1.000        ; 0.007      ; 25.799     ;
; -24.755 ; w_i_data[9]  ; HEX_block:HEX_BLOCK_UNIT|o_hex_7[2] ; i_clk        ; i_clk       ; 1.000        ; 0.007      ; 25.798     ;
; -24.742 ; w_i_data[10] ; HEX_block:HEX_BLOCK_UNIT|o_hex_6[3] ; i_clk        ; i_clk       ; 1.000        ; 0.008      ; 25.786     ;
; -24.741 ; w_i_data[10] ; HEX_block:HEX_BLOCK_UNIT|o_hex_6[6] ; i_clk        ; i_clk       ; 1.000        ; 0.008      ; 25.785     ;
; -24.740 ; w_i_data[10] ; HEX_block:HEX_BLOCK_UNIT|o_hex_6[1] ; i_clk        ; i_clk       ; 1.000        ; 0.008      ; 25.784     ;
; -24.739 ; w_i_data[9]  ; HEX_block:HEX_BLOCK_UNIT|o_hex_7[5] ; i_clk        ; i_clk       ; 1.000        ; 0.007      ; 25.782     ;
; -24.737 ; w_i_data[10] ; HEX_block:HEX_BLOCK_UNIT|o_hex_6[2] ; i_clk        ; i_clk       ; 1.000        ; 0.008      ; 25.781     ;
; -24.737 ; w_i_data[9]  ; HEX_block:HEX_BLOCK_UNIT|o_hex_7[6] ; i_clk        ; i_clk       ; 1.000        ; 0.007      ; 25.780     ;
; -24.735 ; w_i_data[10] ; HEX_block:HEX_BLOCK_UNIT|o_hex_6[0] ; i_clk        ; i_clk       ; 1.000        ; 0.008      ; 25.779     ;
; -24.735 ; w_i_data[10] ; HEX_block:HEX_BLOCK_UNIT|o_hex_6[4] ; i_clk        ; i_clk       ; 1.000        ; 0.008      ; 25.779     ;
; -24.735 ; w_i_data[9]  ; HEX_block:HEX_BLOCK_UNIT|o_hex_7[1] ; i_clk        ; i_clk       ; 1.000        ; 0.007      ; 25.778     ;
; -24.734 ; w_i_data[9]  ; HEX_block:HEX_BLOCK_UNIT|o_hex_7[0] ; i_clk        ; i_clk       ; 1.000        ; 0.007      ; 25.777     ;
; -24.734 ; w_i_data[9]  ; HEX_block:HEX_BLOCK_UNIT|o_hex_7[3] ; i_clk        ; i_clk       ; 1.000        ; 0.007      ; 25.777     ;
; -24.710 ; w_i_data[14] ; HEX_block:HEX_BLOCK_UNIT|o_hex_7[4] ; i_clk        ; i_clk       ; 1.000        ; 0.007      ; 25.753     ;
; -24.709 ; w_i_data[14] ; HEX_block:HEX_BLOCK_UNIT|o_hex_7[2] ; i_clk        ; i_clk       ; 1.000        ; 0.007      ; 25.752     ;
; -24.702 ; w_i_data[13] ; HEX_block:HEX_BLOCK_UNIT|o_hex_7[4] ; i_clk        ; i_clk       ; 1.000        ; 0.006      ; 25.744     ;
; -24.701 ; w_i_data[13] ; HEX_block:HEX_BLOCK_UNIT|o_hex_7[2] ; i_clk        ; i_clk       ; 1.000        ; 0.006      ; 25.743     ;
; -24.693 ; w_i_data[14] ; HEX_block:HEX_BLOCK_UNIT|o_hex_7[5] ; i_clk        ; i_clk       ; 1.000        ; 0.007      ; 25.736     ;
; -24.691 ; w_i_data[14] ; HEX_block:HEX_BLOCK_UNIT|o_hex_7[6] ; i_clk        ; i_clk       ; 1.000        ; 0.007      ; 25.734     ;
; -24.689 ; w_i_data[14] ; HEX_block:HEX_BLOCK_UNIT|o_hex_7[1] ; i_clk        ; i_clk       ; 1.000        ; 0.007      ; 25.732     ;
; -24.688 ; w_i_data[14] ; HEX_block:HEX_BLOCK_UNIT|o_hex_7[0] ; i_clk        ; i_clk       ; 1.000        ; 0.007      ; 25.731     ;
; -24.688 ; w_i_data[14] ; HEX_block:HEX_BLOCK_UNIT|o_hex_7[3] ; i_clk        ; i_clk       ; 1.000        ; 0.007      ; 25.731     ;
; -24.685 ; w_i_data[13] ; HEX_block:HEX_BLOCK_UNIT|o_hex_7[5] ; i_clk        ; i_clk       ; 1.000        ; 0.006      ; 25.727     ;
; -24.683 ; w_i_data[13] ; HEX_block:HEX_BLOCK_UNIT|o_hex_7[6] ; i_clk        ; i_clk       ; 1.000        ; 0.006      ; 25.725     ;
; -24.681 ; w_i_data[13] ; HEX_block:HEX_BLOCK_UNIT|o_hex_7[1] ; i_clk        ; i_clk       ; 1.000        ; 0.006      ; 25.723     ;
; -24.680 ; w_i_data[13] ; HEX_block:HEX_BLOCK_UNIT|o_hex_7[0] ; i_clk        ; i_clk       ; 1.000        ; 0.006      ; 25.722     ;
; -24.680 ; w_i_data[13] ; HEX_block:HEX_BLOCK_UNIT|o_hex_7[3] ; i_clk        ; i_clk       ; 1.000        ; 0.006      ; 25.722     ;
; -24.672 ; w_i_data[12] ; HEX_block:HEX_BLOCK_UNIT|o_hex_6[3] ; i_clk        ; i_clk       ; 1.000        ; 0.008      ; 25.716     ;
; -24.671 ; w_i_data[12] ; HEX_block:HEX_BLOCK_UNIT|o_hex_6[6] ; i_clk        ; i_clk       ; 1.000        ; 0.008      ; 25.715     ;
; -24.670 ; w_i_data[12] ; HEX_block:HEX_BLOCK_UNIT|o_hex_6[1] ; i_clk        ; i_clk       ; 1.000        ; 0.008      ; 25.714     ;
; -24.667 ; w_i_data[12] ; HEX_block:HEX_BLOCK_UNIT|o_hex_6[2] ; i_clk        ; i_clk       ; 1.000        ; 0.008      ; 25.711     ;
; -24.665 ; w_i_data[12] ; HEX_block:HEX_BLOCK_UNIT|o_hex_6[0] ; i_clk        ; i_clk       ; 1.000        ; 0.008      ; 25.709     ;
; -24.665 ; w_i_data[12] ; HEX_block:HEX_BLOCK_UNIT|o_hex_6[4] ; i_clk        ; i_clk       ; 1.000        ; 0.008      ; 25.709     ;
; -24.635 ; w_i_data[15] ; HEX_block:HEX_BLOCK_UNIT|o_hex_7[4] ; i_clk        ; i_clk       ; 1.000        ; 0.007      ; 25.678     ;
; -24.634 ; w_i_data[15] ; HEX_block:HEX_BLOCK_UNIT|o_hex_7[2] ; i_clk        ; i_clk       ; 1.000        ; 0.007      ; 25.677     ;
; -24.624 ; w_i_data[10] ; HEX_block:HEX_BLOCK_UNIT|o_hex_6[5] ; i_clk        ; i_clk       ; 1.000        ; 0.007      ; 25.667     ;
; -24.618 ; w_i_data[15] ; HEX_block:HEX_BLOCK_UNIT|o_hex_7[5] ; i_clk        ; i_clk       ; 1.000        ; 0.007      ; 25.661     ;
; -24.616 ; w_i_data[15] ; HEX_block:HEX_BLOCK_UNIT|o_hex_7[6] ; i_clk        ; i_clk       ; 1.000        ; 0.007      ; 25.659     ;
; -24.614 ; w_i_data[15] ; HEX_block:HEX_BLOCK_UNIT|o_hex_7[1] ; i_clk        ; i_clk       ; 1.000        ; 0.007      ; 25.657     ;
; -24.613 ; w_i_data[15] ; HEX_block:HEX_BLOCK_UNIT|o_hex_7[0] ; i_clk        ; i_clk       ; 1.000        ; 0.007      ; 25.656     ;
; -24.613 ; w_i_data[15] ; HEX_block:HEX_BLOCK_UNIT|o_hex_7[3] ; i_clk        ; i_clk       ; 1.000        ; 0.007      ; 25.656     ;
; -24.566 ; w_i_data[11] ; HEX_block:HEX_BLOCK_UNIT|o_hex_7[4] ; i_clk        ; i_clk       ; 1.000        ; 0.007      ; 25.609     ;
; -24.565 ; w_i_data[11] ; HEX_block:HEX_BLOCK_UNIT|o_hex_7[2] ; i_clk        ; i_clk       ; 1.000        ; 0.007      ; 25.608     ;
; -24.554 ; w_i_data[12] ; HEX_block:HEX_BLOCK_UNIT|o_hex_6[5] ; i_clk        ; i_clk       ; 1.000        ; 0.007      ; 25.597     ;
; -24.549 ; w_i_data[11] ; HEX_block:HEX_BLOCK_UNIT|o_hex_7[5] ; i_clk        ; i_clk       ; 1.000        ; 0.007      ; 25.592     ;
; -24.547 ; w_i_data[11] ; HEX_block:HEX_BLOCK_UNIT|o_hex_7[6] ; i_clk        ; i_clk       ; 1.000        ; 0.007      ; 25.590     ;
; -24.545 ; w_i_data[11] ; HEX_block:HEX_BLOCK_UNIT|o_hex_7[1] ; i_clk        ; i_clk       ; 1.000        ; 0.007      ; 25.588     ;
; -24.544 ; w_i_data[11] ; HEX_block:HEX_BLOCK_UNIT|o_hex_7[0] ; i_clk        ; i_clk       ; 1.000        ; 0.007      ; 25.587     ;
; -24.544 ; w_i_data[11] ; HEX_block:HEX_BLOCK_UNIT|o_hex_7[3] ; i_clk        ; i_clk       ; 1.000        ; 0.007      ; 25.587     ;
; -24.513 ; w_i_data[8]  ; HEX_block:HEX_BLOCK_UNIT|o_hex_6[3] ; i_clk        ; i_clk       ; 1.000        ; 0.008      ; 25.557     ;
; -24.512 ; w_i_data[8]  ; HEX_block:HEX_BLOCK_UNIT|o_hex_6[6] ; i_clk        ; i_clk       ; 1.000        ; 0.008      ; 25.556     ;
; -24.511 ; w_i_data[8]  ; HEX_block:HEX_BLOCK_UNIT|o_hex_6[1] ; i_clk        ; i_clk       ; 1.000        ; 0.008      ; 25.555     ;
; -24.508 ; w_i_data[8]  ; HEX_block:HEX_BLOCK_UNIT|o_hex_6[2] ; i_clk        ; i_clk       ; 1.000        ; 0.008      ; 25.552     ;
; -24.506 ; w_i_data[8]  ; HEX_block:HEX_BLOCK_UNIT|o_hex_6[0] ; i_clk        ; i_clk       ; 1.000        ; 0.008      ; 25.550     ;
; -24.506 ; w_i_data[8]  ; HEX_block:HEX_BLOCK_UNIT|o_hex_6[4] ; i_clk        ; i_clk       ; 1.000        ; 0.008      ; 25.550     ;
; -24.431 ; w_i_data[9]  ; HEX_block:HEX_BLOCK_UNIT|o_hex_6[3] ; i_clk        ; i_clk       ; 1.000        ; 0.008      ; 25.475     ;
; -24.430 ; w_i_data[9]  ; HEX_block:HEX_BLOCK_UNIT|o_hex_6[6] ; i_clk        ; i_clk       ; 1.000        ; 0.008      ; 25.474     ;
; -24.429 ; w_i_data[9]  ; HEX_block:HEX_BLOCK_UNIT|o_hex_6[1] ; i_clk        ; i_clk       ; 1.000        ; 0.008      ; 25.473     ;
; -24.426 ; w_i_data[9]  ; HEX_block:HEX_BLOCK_UNIT|o_hex_6[2] ; i_clk        ; i_clk       ; 1.000        ; 0.008      ; 25.470     ;
; -24.424 ; w_i_data[9]  ; HEX_block:HEX_BLOCK_UNIT|o_hex_6[0] ; i_clk        ; i_clk       ; 1.000        ; 0.008      ; 25.468     ;
; -24.424 ; w_i_data[9]  ; HEX_block:HEX_BLOCK_UNIT|o_hex_6[4] ; i_clk        ; i_clk       ; 1.000        ; 0.008      ; 25.468     ;
; -24.395 ; w_i_data[8]  ; HEX_block:HEX_BLOCK_UNIT|o_hex_6[5] ; i_clk        ; i_clk       ; 1.000        ; 0.007      ; 25.438     ;
; -24.385 ; w_i_data[14] ; HEX_block:HEX_BLOCK_UNIT|o_hex_6[3] ; i_clk        ; i_clk       ; 1.000        ; 0.008      ; 25.429     ;
; -24.384 ; w_i_data[14] ; HEX_block:HEX_BLOCK_UNIT|o_hex_6[6] ; i_clk        ; i_clk       ; 1.000        ; 0.008      ; 25.428     ;
; -24.383 ; w_i_data[14] ; HEX_block:HEX_BLOCK_UNIT|o_hex_6[1] ; i_clk        ; i_clk       ; 1.000        ; 0.008      ; 25.427     ;
; -24.380 ; w_i_data[14] ; HEX_block:HEX_BLOCK_UNIT|o_hex_6[2] ; i_clk        ; i_clk       ; 1.000        ; 0.008      ; 25.424     ;
; -24.378 ; w_i_data[14] ; HEX_block:HEX_BLOCK_UNIT|o_hex_6[0] ; i_clk        ; i_clk       ; 1.000        ; 0.008      ; 25.422     ;
; -24.378 ; w_i_data[14] ; HEX_block:HEX_BLOCK_UNIT|o_hex_6[4] ; i_clk        ; i_clk       ; 1.000        ; 0.008      ; 25.422     ;
; -24.377 ; w_i_data[13] ; HEX_block:HEX_BLOCK_UNIT|o_hex_6[3] ; i_clk        ; i_clk       ; 1.000        ; 0.007      ; 25.420     ;
; -24.376 ; w_i_data[13] ; HEX_block:HEX_BLOCK_UNIT|o_hex_6[6] ; i_clk        ; i_clk       ; 1.000        ; 0.007      ; 25.419     ;
; -24.375 ; w_i_data[13] ; HEX_block:HEX_BLOCK_UNIT|o_hex_6[1] ; i_clk        ; i_clk       ; 1.000        ; 0.007      ; 25.418     ;
; -24.372 ; w_i_data[13] ; HEX_block:HEX_BLOCK_UNIT|o_hex_6[2] ; i_clk        ; i_clk       ; 1.000        ; 0.007      ; 25.415     ;
; -24.370 ; w_i_data[13] ; HEX_block:HEX_BLOCK_UNIT|o_hex_6[0] ; i_clk        ; i_clk       ; 1.000        ; 0.007      ; 25.413     ;
; -24.370 ; w_i_data[13] ; HEX_block:HEX_BLOCK_UNIT|o_hex_6[4] ; i_clk        ; i_clk       ; 1.000        ; 0.007      ; 25.413     ;
; -24.315 ; w_i_data[5]  ; HEX_block:HEX_BLOCK_UNIT|o_hex_7[4] ; i_clk        ; i_clk       ; 1.000        ; 0.006      ; 25.357     ;
; -24.314 ; w_i_data[5]  ; HEX_block:HEX_BLOCK_UNIT|o_hex_7[2] ; i_clk        ; i_clk       ; 1.000        ; 0.006      ; 25.356     ;
; -24.313 ; w_i_data[9]  ; HEX_block:HEX_BLOCK_UNIT|o_hex_6[5] ; i_clk        ; i_clk       ; 1.000        ; 0.007      ; 25.356     ;
; -24.311 ; w_i_data[10] ; HEX_block:HEX_BLOCK_UNIT|o_hex_5[0] ; i_clk        ; i_clk       ; 1.000        ; 0.008      ; 25.355     ;
; -24.310 ; w_i_data[15] ; HEX_block:HEX_BLOCK_UNIT|o_hex_6[3] ; i_clk        ; i_clk       ; 1.000        ; 0.008      ; 25.354     ;
+---------+--------------+-------------------------------------+--------------+-------------+--------------+------------+------------+


+------------------------------------------------------------------------------------------------------+
; Slow Model Setup: 'CLOCK_50'                                                                         ;
+--------+-----------+-----------+--------------+-------------+--------------+------------+------------+
; Slack  ; From Node ; To Node   ; Launch Clock ; Latch Clock ; Relationship ; Clock Skew ; Data Delay ;
+--------+-----------+-----------+--------------+-------------+--------------+------------+------------+
; -2.792 ; count[0]  ; count[31] ; CLOCK_50     ; CLOCK_50    ; 1.000        ; 0.007      ; 3.835      ;
; -2.721 ; count[0]  ; count[30] ; CLOCK_50     ; CLOCK_50    ; 1.000        ; 0.007      ; 3.764      ;
; -2.711 ; count[1]  ; count[31] ; CLOCK_50     ; CLOCK_50    ; 1.000        ; 0.007      ; 3.754      ;
; -2.651 ; count[2]  ; count[31] ; CLOCK_50     ; CLOCK_50    ; 1.000        ; 0.007      ; 3.694      ;
; -2.650 ; count[0]  ; count[29] ; CLOCK_50     ; CLOCK_50    ; 1.000        ; 0.007      ; 3.693      ;
; -2.640 ; count[1]  ; count[30] ; CLOCK_50     ; CLOCK_50    ; 1.000        ; 0.007      ; 3.683      ;
; -2.615 ; count[3]  ; count[31] ; CLOCK_50     ; CLOCK_50    ; 1.000        ; 0.007      ; 3.658      ;
; -2.580 ; count[2]  ; count[30] ; CLOCK_50     ; CLOCK_50    ; 1.000        ; 0.007      ; 3.623      ;
; -2.579 ; count[0]  ; count[28] ; CLOCK_50     ; CLOCK_50    ; 1.000        ; 0.007      ; 3.622      ;
; -2.569 ; count[1]  ; count[29] ; CLOCK_50     ; CLOCK_50    ; 1.000        ; 0.007      ; 3.612      ;
; -2.544 ; count[3]  ; count[30] ; CLOCK_50     ; CLOCK_50    ; 1.000        ; 0.007      ; 3.587      ;
; -2.509 ; count[4]  ; count[31] ; CLOCK_50     ; CLOCK_50    ; 1.000        ; 0.007      ; 3.552      ;
; -2.509 ; count[2]  ; count[29] ; CLOCK_50     ; CLOCK_50    ; 1.000        ; 0.007      ; 3.552      ;
; -2.508 ; count[0]  ; count[27] ; CLOCK_50     ; CLOCK_50    ; 1.000        ; 0.007      ; 3.551      ;
; -2.498 ; count[1]  ; count[28] ; CLOCK_50     ; CLOCK_50    ; 1.000        ; 0.007      ; 3.541      ;
; -2.474 ; count[5]  ; count[31] ; CLOCK_50     ; CLOCK_50    ; 1.000        ; 0.007      ; 3.517      ;
; -2.473 ; count[3]  ; count[29] ; CLOCK_50     ; CLOCK_50    ; 1.000        ; 0.007      ; 3.516      ;
; -2.438 ; count[4]  ; count[30] ; CLOCK_50     ; CLOCK_50    ; 1.000        ; 0.007      ; 3.481      ;
; -2.438 ; count[2]  ; count[28] ; CLOCK_50     ; CLOCK_50    ; 1.000        ; 0.007      ; 3.481      ;
; -2.437 ; count[0]  ; count[26] ; CLOCK_50     ; CLOCK_50    ; 1.000        ; 0.007      ; 3.480      ;
; -2.427 ; count[1]  ; count[27] ; CLOCK_50     ; CLOCK_50    ; 1.000        ; 0.007      ; 3.470      ;
; -2.418 ; count[22] ; i_clk     ; CLOCK_50     ; CLOCK_50    ; 1.000        ; 0.010      ; 3.464      ;
; -2.403 ; count[6]  ; count[31] ; CLOCK_50     ; CLOCK_50    ; 1.000        ; 0.007      ; 3.446      ;
; -2.403 ; count[5]  ; count[30] ; CLOCK_50     ; CLOCK_50    ; 1.000        ; 0.007      ; 3.446      ;
; -2.402 ; count[3]  ; count[28] ; CLOCK_50     ; CLOCK_50    ; 1.000        ; 0.007      ; 3.445      ;
; -2.381 ; count[14] ; count[0]  ; CLOCK_50     ; CLOCK_50    ; 1.000        ; 0.000      ; 3.417      ;
; -2.369 ; count[22] ; count[0]  ; CLOCK_50     ; CLOCK_50    ; 1.000        ; -0.007     ; 3.398      ;
; -2.367 ; count[4]  ; count[29] ; CLOCK_50     ; CLOCK_50    ; 1.000        ; 0.007      ; 3.410      ;
; -2.367 ; count[2]  ; count[27] ; CLOCK_50     ; CLOCK_50    ; 1.000        ; 0.007      ; 3.410      ;
; -2.366 ; count[0]  ; count[25] ; CLOCK_50     ; CLOCK_50    ; 1.000        ; 0.007      ; 3.409      ;
; -2.356 ; count[1]  ; count[26] ; CLOCK_50     ; CLOCK_50    ; 1.000        ; 0.007      ; 3.399      ;
; -2.351 ; count[30] ; i_clk     ; CLOCK_50     ; CLOCK_50    ; 1.000        ; 0.010      ; 3.397      ;
; -2.340 ; count[14] ; count[1]  ; CLOCK_50     ; CLOCK_50    ; 1.000        ; 0.000      ; 3.376      ;
; -2.332 ; count[6]  ; count[30] ; CLOCK_50     ; CLOCK_50    ; 1.000        ; 0.007      ; 3.375      ;
; -2.332 ; count[5]  ; count[29] ; CLOCK_50     ; CLOCK_50    ; 1.000        ; 0.007      ; 3.375      ;
; -2.331 ; count[3]  ; count[27] ; CLOCK_50     ; CLOCK_50    ; 1.000        ; 0.007      ; 3.374      ;
; -2.328 ; count[22] ; count[1]  ; CLOCK_50     ; CLOCK_50    ; 1.000        ; -0.007     ; 3.357      ;
; -2.320 ; count[20] ; i_clk     ; CLOCK_50     ; CLOCK_50    ; 1.000        ; 0.010      ; 3.366      ;
; -2.319 ; count[6]  ; count[0]  ; CLOCK_50     ; CLOCK_50    ; 1.000        ; 0.000      ; 3.355      ;
; -2.302 ; count[30] ; count[0]  ; CLOCK_50     ; CLOCK_50    ; 1.000        ; -0.007     ; 3.331      ;
; -2.300 ; count[7]  ; count[31] ; CLOCK_50     ; CLOCK_50    ; 1.000        ; 0.007      ; 3.343      ;
; -2.296 ; count[4]  ; count[28] ; CLOCK_50     ; CLOCK_50    ; 1.000        ; 0.007      ; 3.339      ;
; -2.296 ; count[2]  ; count[26] ; CLOCK_50     ; CLOCK_50    ; 1.000        ; 0.007      ; 3.339      ;
; -2.295 ; count[0]  ; count[24] ; CLOCK_50     ; CLOCK_50    ; 1.000        ; 0.007      ; 3.338      ;
; -2.285 ; count[1]  ; count[25] ; CLOCK_50     ; CLOCK_50    ; 1.000        ; 0.007      ; 3.328      ;
; -2.283 ; count[1]  ; count[0]  ; CLOCK_50     ; CLOCK_50    ; 1.000        ; 0.000      ; 3.319      ;
; -2.278 ; count[6]  ; count[1]  ; CLOCK_50     ; CLOCK_50    ; 1.000        ; 0.000      ; 3.314      ;
; -2.271 ; count[20] ; count[0]  ; CLOCK_50     ; CLOCK_50    ; 1.000        ; -0.007     ; 3.300      ;
; -2.261 ; count[6]  ; count[29] ; CLOCK_50     ; CLOCK_50    ; 1.000        ; 0.007      ; 3.304      ;
; -2.261 ; count[5]  ; count[28] ; CLOCK_50     ; CLOCK_50    ; 1.000        ; 0.007      ; 3.304      ;
; -2.261 ; count[30] ; count[1]  ; CLOCK_50     ; CLOCK_50    ; 1.000        ; -0.007     ; 3.290      ;
; -2.260 ; count[3]  ; count[26] ; CLOCK_50     ; CLOCK_50    ; 1.000        ; 0.007      ; 3.303      ;
; -2.248 ; count[7]  ; count[0]  ; CLOCK_50     ; CLOCK_50    ; 1.000        ; 0.000      ; 3.284      ;
; -2.242 ; count[15] ; count[0]  ; CLOCK_50     ; CLOCK_50    ; 1.000        ; 0.000      ; 3.278      ;
; -2.242 ; count[13] ; count[0]  ; CLOCK_50     ; CLOCK_50    ; 1.000        ; 0.000      ; 3.278      ;
; -2.242 ; count[1]  ; count[1]  ; CLOCK_50     ; CLOCK_50    ; 1.000        ; 0.000      ; 3.278      ;
; -2.230 ; count[20] ; count[1]  ; CLOCK_50     ; CLOCK_50    ; 1.000        ; -0.007     ; 3.259      ;
; -2.229 ; count[7]  ; count[30] ; CLOCK_50     ; CLOCK_50    ; 1.000        ; 0.007      ; 3.272      ;
; -2.225 ; count[4]  ; count[27] ; CLOCK_50     ; CLOCK_50    ; 1.000        ; 0.007      ; 3.268      ;
; -2.225 ; count[2]  ; count[25] ; CLOCK_50     ; CLOCK_50    ; 1.000        ; 0.007      ; 3.268      ;
; -2.216 ; count[29] ; i_clk     ; CLOCK_50     ; CLOCK_50    ; 1.000        ; 0.010      ; 3.262      ;
; -2.215 ; count[31] ; i_clk     ; CLOCK_50     ; CLOCK_50    ; 1.000        ; 0.010      ; 3.261      ;
; -2.214 ; count[1]  ; count[24] ; CLOCK_50     ; CLOCK_50    ; 1.000        ; 0.007      ; 3.257      ;
; -2.208 ; count[27] ; i_clk     ; CLOCK_50     ; CLOCK_50    ; 1.000        ; 0.010      ; 3.254      ;
; -2.208 ; count[2]  ; count[0]  ; CLOCK_50     ; CLOCK_50    ; 1.000        ; 0.000      ; 3.244      ;
; -2.207 ; count[7]  ; count[1]  ; CLOCK_50     ; CLOCK_50    ; 1.000        ; 0.000      ; 3.243      ;
; -2.201 ; count[15] ; count[1]  ; CLOCK_50     ; CLOCK_50    ; 1.000        ; 0.000      ; 3.237      ;
; -2.201 ; count[13] ; count[1]  ; CLOCK_50     ; CLOCK_50    ; 1.000        ; 0.000      ; 3.237      ;
; -2.190 ; count[6]  ; count[28] ; CLOCK_50     ; CLOCK_50    ; 1.000        ; 0.007      ; 3.233      ;
; -2.190 ; count[5]  ; count[27] ; CLOCK_50     ; CLOCK_50    ; 1.000        ; 0.007      ; 3.233      ;
; -2.189 ; count[3]  ; count[25] ; CLOCK_50     ; CLOCK_50    ; 1.000        ; 0.007      ; 3.232      ;
; -2.175 ; count[23] ; i_clk     ; CLOCK_50     ; CLOCK_50    ; 1.000        ; 0.010      ; 3.221      ;
; -2.172 ; count[8]  ; count[31] ; CLOCK_50     ; CLOCK_50    ; 1.000        ; 0.007      ; 3.215      ;
; -2.167 ; count[29] ; count[0]  ; CLOCK_50     ; CLOCK_50    ; 1.000        ; -0.007     ; 3.196      ;
; -2.167 ; count[2]  ; count[1]  ; CLOCK_50     ; CLOCK_50    ; 1.000        ; 0.000      ; 3.203      ;
; -2.166 ; count[31] ; count[0]  ; CLOCK_50     ; CLOCK_50    ; 1.000        ; -0.007     ; 3.195      ;
; -2.159 ; count[27] ; count[0]  ; CLOCK_50     ; CLOCK_50    ; 1.000        ; -0.007     ; 3.188      ;
; -2.158 ; count[7]  ; count[29] ; CLOCK_50     ; CLOCK_50    ; 1.000        ; 0.007      ; 3.201      ;
; -2.154 ; count[4]  ; count[26] ; CLOCK_50     ; CLOCK_50    ; 1.000        ; 0.007      ; 3.197      ;
; -2.154 ; count[2]  ; count[24] ; CLOCK_50     ; CLOCK_50    ; 1.000        ; 0.007      ; 3.197      ;
; -2.142 ; count[5]  ; count[0]  ; CLOCK_50     ; CLOCK_50    ; 1.000        ; 0.000      ; 3.178      ;
; -2.136 ; count[0]  ; count[23] ; CLOCK_50     ; CLOCK_50    ; 1.000        ; 0.007      ; 3.179      ;
; -2.126 ; count[23] ; count[0]  ; CLOCK_50     ; CLOCK_50    ; 1.000        ; -0.007     ; 3.155      ;
; -2.126 ; count[29] ; count[1]  ; CLOCK_50     ; CLOCK_50    ; 1.000        ; -0.007     ; 3.155      ;
; -2.125 ; count[31] ; count[1]  ; CLOCK_50     ; CLOCK_50    ; 1.000        ; -0.007     ; 3.154      ;
; -2.119 ; count[6]  ; count[27] ; CLOCK_50     ; CLOCK_50    ; 1.000        ; 0.007      ; 3.162      ;
; -2.119 ; count[5]  ; count[26] ; CLOCK_50     ; CLOCK_50    ; 1.000        ; 0.007      ; 3.162      ;
; -2.119 ; count[3]  ; count[0]  ; CLOCK_50     ; CLOCK_50    ; 1.000        ; 0.000      ; 3.155      ;
; -2.118 ; count[27] ; count[1]  ; CLOCK_50     ; CLOCK_50    ; 1.000        ; -0.007     ; 3.147      ;
; -2.118 ; count[3]  ; count[24] ; CLOCK_50     ; CLOCK_50    ; 1.000        ; 0.007      ; 3.161      ;
; -2.102 ; count[26] ; i_clk     ; CLOCK_50     ; CLOCK_50    ; 1.000        ; 0.010      ; 3.148      ;
; -2.101 ; count[8]  ; count[30] ; CLOCK_50     ; CLOCK_50    ; 1.000        ; 0.007      ; 3.144      ;
; -2.101 ; count[5]  ; count[1]  ; CLOCK_50     ; CLOCK_50    ; 1.000        ; 0.000      ; 3.137      ;
; -2.096 ; count[8]  ; count[0]  ; CLOCK_50     ; CLOCK_50    ; 1.000        ; 0.000      ; 3.132      ;
; -2.087 ; count[7]  ; count[28] ; CLOCK_50     ; CLOCK_50    ; 1.000        ; 0.007      ; 3.130      ;
; -2.085 ; count[23] ; count[1]  ; CLOCK_50     ; CLOCK_50    ; 1.000        ; -0.007     ; 3.114      ;
; -2.083 ; count[4]  ; count[25] ; CLOCK_50     ; CLOCK_50    ; 1.000        ; 0.007      ; 3.126      ;
; -2.078 ; count[3]  ; count[1]  ; CLOCK_50     ; CLOCK_50    ; 1.000        ; 0.000      ; 3.114      ;
; -2.076 ; count[25] ; i_clk     ; CLOCK_50     ; CLOCK_50    ; 1.000        ; 0.010      ; 3.122      ;
; -2.066 ; count[9]  ; count[31] ; CLOCK_50     ; CLOCK_50    ; 1.000        ; 0.007      ; 3.109      ;
+--------+-----------+-----------+--------------+-------------+--------------+------------+------------+


+------------------------------------------------------------------------------------------------------+
; Slow Model Hold: 'CLOCK_50'                                                                          ;
+--------+-----------+-----------+--------------+-------------+--------------+------------+------------+
; Slack  ; From Node ; To Node   ; Launch Clock ; Latch Clock ; Relationship ; Clock Skew ; Data Delay ;
+--------+-----------+-----------+--------------+-------------+--------------+------------+------------+
; -2.562 ; i_clk     ; i_clk     ; i_clk        ; CLOCK_50    ; 0.000        ; 2.703      ; 0.657      ;
; -2.062 ; i_clk     ; i_clk     ; i_clk        ; CLOCK_50    ; -0.500       ; 2.703      ; 0.657      ;
; 0.531  ; count[31] ; count[31] ; CLOCK_50     ; CLOCK_50    ; 0.000        ; 0.000      ; 0.797      ;
; 0.795  ; count[16] ; count[16] ; CLOCK_50     ; CLOCK_50    ; 0.000        ; 0.000      ; 1.061      ;
; 0.805  ; count[17] ; count[17] ; CLOCK_50     ; CLOCK_50    ; 0.000        ; 0.000      ; 1.071      ;
; 0.806  ; count[9]  ; count[9]  ; CLOCK_50     ; CLOCK_50    ; 0.000        ; 0.000      ; 1.072      ;
; 0.806  ; count[11] ; count[11] ; CLOCK_50     ; CLOCK_50    ; 0.000        ; 0.000      ; 1.072      ;
; 0.806  ; count[4]  ; count[4]  ; CLOCK_50     ; CLOCK_50    ; 0.000        ; 0.000      ; 1.072      ;
; 0.806  ; count[7]  ; count[7]  ; CLOCK_50     ; CLOCK_50    ; 0.000        ; 0.000      ; 1.072      ;
; 0.806  ; count[2]  ; count[2]  ; CLOCK_50     ; CLOCK_50    ; 0.000        ; 0.000      ; 1.072      ;
; 0.806  ; count[14] ; count[14] ; CLOCK_50     ; CLOCK_50    ; 0.000        ; 0.000      ; 1.072      ;
; 0.806  ; count[13] ; count[13] ; CLOCK_50     ; CLOCK_50    ; 0.000        ; 0.000      ; 1.072      ;
; 0.806  ; count[15] ; count[15] ; CLOCK_50     ; CLOCK_50    ; 0.000        ; 0.000      ; 1.072      ;
; 0.806  ; count[18] ; count[18] ; CLOCK_50     ; CLOCK_50    ; 0.000        ; 0.000      ; 1.072      ;
; 0.806  ; count[20] ; count[20] ; CLOCK_50     ; CLOCK_50    ; 0.000        ; 0.000      ; 1.072      ;
; 0.806  ; count[23] ; count[23] ; CLOCK_50     ; CLOCK_50    ; 0.000        ; 0.000      ; 1.072      ;
; 0.806  ; count[25] ; count[25] ; CLOCK_50     ; CLOCK_50    ; 0.000        ; 0.000      ; 1.072      ;
; 0.806  ; count[27] ; count[27] ; CLOCK_50     ; CLOCK_50    ; 0.000        ; 0.000      ; 1.072      ;
; 0.806  ; count[29] ; count[29] ; CLOCK_50     ; CLOCK_50    ; 0.000        ; 0.000      ; 1.072      ;
; 0.806  ; count[30] ; count[30] ; CLOCK_50     ; CLOCK_50    ; 0.000        ; 0.000      ; 1.072      ;
; 0.838  ; count[8]  ; count[8]  ; CLOCK_50     ; CLOCK_50    ; 0.000        ; 0.000      ; 1.104      ;
; 0.838  ; count[10] ; count[10] ; CLOCK_50     ; CLOCK_50    ; 0.000        ; 0.000      ; 1.104      ;
; 0.838  ; count[3]  ; count[3]  ; CLOCK_50     ; CLOCK_50    ; 0.000        ; 0.000      ; 1.104      ;
; 0.838  ; count[12] ; count[12] ; CLOCK_50     ; CLOCK_50    ; 0.000        ; 0.000      ; 1.104      ;
; 0.838  ; count[19] ; count[19] ; CLOCK_50     ; CLOCK_50    ; 0.000        ; 0.000      ; 1.104      ;
; 0.838  ; count[24] ; count[24] ; CLOCK_50     ; CLOCK_50    ; 0.000        ; 0.000      ; 1.104      ;
; 0.838  ; count[26] ; count[26] ; CLOCK_50     ; CLOCK_50    ; 0.000        ; 0.000      ; 1.104      ;
; 0.838  ; count[28] ; count[28] ; CLOCK_50     ; CLOCK_50    ; 0.000        ; 0.000      ; 1.104      ;
; 0.839  ; count[6]  ; count[6]  ; CLOCK_50     ; CLOCK_50    ; 0.000        ; 0.000      ; 1.105      ;
; 0.839  ; count[5]  ; count[5]  ; CLOCK_50     ; CLOCK_50    ; 0.000        ; 0.000      ; 1.105      ;
; 0.839  ; count[21] ; count[21] ; CLOCK_50     ; CLOCK_50    ; 0.000        ; 0.000      ; 1.105      ;
; 0.839  ; count[22] ; count[22] ; CLOCK_50     ; CLOCK_50    ; 0.000        ; 0.000      ; 1.105      ;
; 1.178  ; count[16] ; count[17] ; CLOCK_50     ; CLOCK_50    ; 0.000        ; 0.000      ; 1.444      ;
; 1.178  ; count[1]  ; count[2]  ; CLOCK_50     ; CLOCK_50    ; 0.000        ; 0.000      ; 1.444      ;
; 1.188  ; count[17] ; count[18] ; CLOCK_50     ; CLOCK_50    ; 0.000        ; 0.000      ; 1.454      ;
; 1.189  ; count[30] ; count[31] ; CLOCK_50     ; CLOCK_50    ; 0.000        ; 0.000      ; 1.455      ;
; 1.189  ; count[13] ; count[14] ; CLOCK_50     ; CLOCK_50    ; 0.000        ; 0.000      ; 1.455      ;
; 1.189  ; count[14] ; count[15] ; CLOCK_50     ; CLOCK_50    ; 0.000        ; 0.000      ; 1.455      ;
; 1.189  ; count[29] ; count[30] ; CLOCK_50     ; CLOCK_50    ; 0.000        ; 0.000      ; 1.455      ;
; 1.189  ; count[9]  ; count[10] ; CLOCK_50     ; CLOCK_50    ; 0.000        ; 0.000      ; 1.455      ;
; 1.189  ; count[2]  ; count[3]  ; CLOCK_50     ; CLOCK_50    ; 0.000        ; 0.000      ; 1.455      ;
; 1.189  ; count[11] ; count[12] ; CLOCK_50     ; CLOCK_50    ; 0.000        ; 0.000      ; 1.455      ;
; 1.189  ; count[18] ; count[19] ; CLOCK_50     ; CLOCK_50    ; 0.000        ; 0.000      ; 1.455      ;
; 1.189  ; count[25] ; count[26] ; CLOCK_50     ; CLOCK_50    ; 0.000        ; 0.000      ; 1.455      ;
; 1.189  ; count[27] ; count[28] ; CLOCK_50     ; CLOCK_50    ; 0.000        ; 0.000      ; 1.455      ;
; 1.189  ; count[4]  ; count[5]  ; CLOCK_50     ; CLOCK_50    ; 0.000        ; 0.000      ; 1.455      ;
; 1.189  ; count[20] ; count[21] ; CLOCK_50     ; CLOCK_50    ; 0.000        ; 0.000      ; 1.455      ;
; 1.224  ; count[8]  ; count[9]  ; CLOCK_50     ; CLOCK_50    ; 0.000        ; 0.000      ; 1.490      ;
; 1.224  ; count[10] ; count[11] ; CLOCK_50     ; CLOCK_50    ; 0.000        ; 0.000      ; 1.490      ;
; 1.224  ; count[3]  ; count[4]  ; CLOCK_50     ; CLOCK_50    ; 0.000        ; 0.000      ; 1.490      ;
; 1.224  ; count[12] ; count[13] ; CLOCK_50     ; CLOCK_50    ; 0.000        ; 0.000      ; 1.490      ;
; 1.224  ; count[19] ; count[20] ; CLOCK_50     ; CLOCK_50    ; 0.000        ; 0.000      ; 1.490      ;
; 1.224  ; count[24] ; count[25] ; CLOCK_50     ; CLOCK_50    ; 0.000        ; 0.000      ; 1.490      ;
; 1.224  ; count[26] ; count[27] ; CLOCK_50     ; CLOCK_50    ; 0.000        ; 0.000      ; 1.490      ;
; 1.224  ; count[28] ; count[29] ; CLOCK_50     ; CLOCK_50    ; 0.000        ; 0.000      ; 1.490      ;
; 1.225  ; count[6]  ; count[7]  ; CLOCK_50     ; CLOCK_50    ; 0.000        ; 0.000      ; 1.491      ;
; 1.225  ; count[22] ; count[23] ; CLOCK_50     ; CLOCK_50    ; 0.000        ; 0.000      ; 1.491      ;
; 1.225  ; count[5]  ; count[6]  ; CLOCK_50     ; CLOCK_50    ; 0.000        ; 0.000      ; 1.491      ;
; 1.225  ; count[21] ; count[22] ; CLOCK_50     ; CLOCK_50    ; 0.000        ; 0.000      ; 1.491      ;
; 1.249  ; count[16] ; count[18] ; CLOCK_50     ; CLOCK_50    ; 0.000        ; 0.000      ; 1.515      ;
; 1.249  ; count[1]  ; count[3]  ; CLOCK_50     ; CLOCK_50    ; 0.000        ; 0.000      ; 1.515      ;
; 1.259  ; count[0]  ; count[2]  ; CLOCK_50     ; CLOCK_50    ; 0.000        ; 0.000      ; 1.525      ;
; 1.259  ; count[17] ; count[19] ; CLOCK_50     ; CLOCK_50    ; 0.000        ; 0.000      ; 1.525      ;
; 1.260  ; count[29] ; count[31] ; CLOCK_50     ; CLOCK_50    ; 0.000        ; 0.000      ; 1.526      ;
; 1.260  ; count[13] ; count[15] ; CLOCK_50     ; CLOCK_50    ; 0.000        ; 0.000      ; 1.526      ;
; 1.260  ; count[9]  ; count[11] ; CLOCK_50     ; CLOCK_50    ; 0.000        ; 0.000      ; 1.526      ;
; 1.260  ; count[2]  ; count[4]  ; CLOCK_50     ; CLOCK_50    ; 0.000        ; 0.000      ; 1.526      ;
; 1.260  ; count[11] ; count[13] ; CLOCK_50     ; CLOCK_50    ; 0.000        ; 0.000      ; 1.526      ;
; 1.260  ; count[18] ; count[20] ; CLOCK_50     ; CLOCK_50    ; 0.000        ; 0.000      ; 1.526      ;
; 1.260  ; count[25] ; count[27] ; CLOCK_50     ; CLOCK_50    ; 0.000        ; 0.000      ; 1.526      ;
; 1.260  ; count[27] ; count[29] ; CLOCK_50     ; CLOCK_50    ; 0.000        ; 0.000      ; 1.526      ;
; 1.260  ; count[4]  ; count[6]  ; CLOCK_50     ; CLOCK_50    ; 0.000        ; 0.000      ; 1.526      ;
; 1.260  ; count[20] ; count[22] ; CLOCK_50     ; CLOCK_50    ; 0.000        ; 0.000      ; 1.526      ;
; 1.274  ; count[15] ; count[16] ; CLOCK_50     ; CLOCK_50    ; 0.000        ; 0.007      ; 1.547      ;
; 1.281  ; count[7]  ; count[8]  ; CLOCK_50     ; CLOCK_50    ; 0.000        ; 0.000      ; 1.547      ;
; 1.281  ; count[23] ; count[24] ; CLOCK_50     ; CLOCK_50    ; 0.000        ; 0.000      ; 1.547      ;
; 1.295  ; count[12] ; count[14] ; CLOCK_50     ; CLOCK_50    ; 0.000        ; 0.000      ; 1.561      ;
; 1.295  ; count[28] ; count[30] ; CLOCK_50     ; CLOCK_50    ; 0.000        ; 0.000      ; 1.561      ;
; 1.295  ; count[8]  ; count[10] ; CLOCK_50     ; CLOCK_50    ; 0.000        ; 0.000      ; 1.561      ;
; 1.295  ; count[10] ; count[12] ; CLOCK_50     ; CLOCK_50    ; 0.000        ; 0.000      ; 1.561      ;
; 1.295  ; count[24] ; count[26] ; CLOCK_50     ; CLOCK_50    ; 0.000        ; 0.000      ; 1.561      ;
; 1.295  ; count[26] ; count[28] ; CLOCK_50     ; CLOCK_50    ; 0.000        ; 0.000      ; 1.561      ;
; 1.295  ; count[3]  ; count[5]  ; CLOCK_50     ; CLOCK_50    ; 0.000        ; 0.000      ; 1.561      ;
; 1.295  ; count[19] ; count[21] ; CLOCK_50     ; CLOCK_50    ; 0.000        ; 0.000      ; 1.561      ;
; 1.296  ; count[5]  ; count[7]  ; CLOCK_50     ; CLOCK_50    ; 0.000        ; 0.000      ; 1.562      ;
; 1.296  ; count[21] ; count[23] ; CLOCK_50     ; CLOCK_50    ; 0.000        ; 0.000      ; 1.562      ;
; 1.320  ; count[16] ; count[19] ; CLOCK_50     ; CLOCK_50    ; 0.000        ; 0.000      ; 1.586      ;
; 1.320  ; count[1]  ; count[4]  ; CLOCK_50     ; CLOCK_50    ; 0.000        ; 0.000      ; 1.586      ;
; 1.328  ; count[14] ; count[16] ; CLOCK_50     ; CLOCK_50    ; 0.000        ; 0.007      ; 1.601      ;
; 1.330  ; count[0]  ; count[3]  ; CLOCK_50     ; CLOCK_50    ; 0.000        ; 0.000      ; 1.596      ;
; 1.330  ; count[17] ; count[20] ; CLOCK_50     ; CLOCK_50    ; 0.000        ; 0.000      ; 1.596      ;
; 1.331  ; count[11] ; count[14] ; CLOCK_50     ; CLOCK_50    ; 0.000        ; 0.000      ; 1.597      ;
; 1.331  ; count[27] ; count[30] ; CLOCK_50     ; CLOCK_50    ; 0.000        ; 0.000      ; 1.597      ;
; 1.331  ; count[9]  ; count[12] ; CLOCK_50     ; CLOCK_50    ; 0.000        ; 0.000      ; 1.597      ;
; 1.331  ; count[25] ; count[28] ; CLOCK_50     ; CLOCK_50    ; 0.000        ; 0.000      ; 1.597      ;
; 1.331  ; count[2]  ; count[5]  ; CLOCK_50     ; CLOCK_50    ; 0.000        ; 0.000      ; 1.597      ;
; 1.331  ; count[18] ; count[21] ; CLOCK_50     ; CLOCK_50    ; 0.000        ; 0.000      ; 1.597      ;
; 1.331  ; count[4]  ; count[7]  ; CLOCK_50     ; CLOCK_50    ; 0.000        ; 0.000      ; 1.597      ;
; 1.331  ; count[20] ; count[23] ; CLOCK_50     ; CLOCK_50    ; 0.000        ; 0.000      ; 1.597      ;
; 1.345  ; count[15] ; count[17] ; CLOCK_50     ; CLOCK_50    ; 0.000        ; 0.007      ; 1.618      ;
+--------+-----------+-----------+--------------+-------------+--------------+------------+------------+


+-----------------------------------------------------------------------------------------------------------------------------------------------------------------------------------+
; Slow Model Hold: 'i_clk'                                                                                                                                                          ;
+-------+--------------------------------------------------+--------------------------------------------------+--------------+-------------+--------------+------------+------------+
; Slack ; From Node                                        ; To Node                                          ; Launch Clock ; Latch Clock ; Relationship ; Clock Skew ; Data Delay ;
+-------+--------------------------------------------------+--------------------------------------------------+--------------+-------------+--------------+------------+------------+
; 0.391 ; T_FF_UNIT                                        ; T_FF_UNIT                                        ; i_clk        ; i_clk       ; 0.000        ; 0.000      ; 0.657      ;
; 0.516 ; w_i_hex_en                                       ; HEX_block:HEX_BLOCK_UNIT|w_hex_en_0              ; i_clk        ; i_clk       ; 0.000        ; 0.000      ; 0.782      ;
; 0.532 ; UART_SS_detect_edge:SSDE_ADD_SUB_UNIT|w_n_signal ; T_FF_UNIT                                        ; i_clk        ; i_clk       ; 0.000        ; 0.000      ; 0.798      ;
; 0.534 ; UART_SS_detect_edge:SSDE_ADD_SUB_UNIT|w_p_signal ; UART_SS_detect_edge:SSDE_ADD_SUB_UNIT|w_n_signal ; i_clk        ; i_clk       ; 0.000        ; 0.000      ; 0.800      ;
; 0.844 ; UART_SS_detect_edge:SSDE_ADD_SUB_UNIT|w_p_signal ; T_FF_UNIT                                        ; i_clk        ; i_clk       ; 0.000        ; 0.000      ; 1.110      ;
; 0.857 ; HEX_block:HEX_BLOCK_UNIT|w_hex_en_0              ; HEX_block:HEX_BLOCK_UNIT|w_hex_en_1              ; i_clk        ; i_clk       ; 0.000        ; 0.000      ; 1.123      ;
; 0.867 ; UART_SS_detect_edge:SSDE_I_VALID_UNIT|w_p_signal ; UART_SS_detect_edge:SSDE_I_VALID_UNIT|w_n_signal ; i_clk        ; i_clk       ; 0.000        ; 0.000      ; 1.133      ;
; 0.936 ; UART_SS_detect_edge:SSDE_I_VALID_UNIT|w_n_signal ; w_i_hex_en                                       ; i_clk        ; i_clk       ; 0.000        ; 0.000      ; 1.202      ;
; 1.127 ; HEX_block:HEX_BLOCK_UNIT|w_hex_en_1              ; HEX_block:HEX_BLOCK_UNIT|o_hex_1[0]              ; i_clk        ; i_clk       ; 0.000        ; 0.000      ; 1.393      ;
; 1.127 ; HEX_block:HEX_BLOCK_UNIT|w_hex_en_1              ; HEX_block:HEX_BLOCK_UNIT|o_hex_1[1]              ; i_clk        ; i_clk       ; 0.000        ; 0.000      ; 1.393      ;
; 1.127 ; HEX_block:HEX_BLOCK_UNIT|w_hex_en_1              ; HEX_block:HEX_BLOCK_UNIT|o_hex_1[2]              ; i_clk        ; i_clk       ; 0.000        ; 0.000      ; 1.393      ;
; 1.127 ; HEX_block:HEX_BLOCK_UNIT|w_hex_en_1              ; HEX_block:HEX_BLOCK_UNIT|o_hex_1[3]              ; i_clk        ; i_clk       ; 0.000        ; 0.000      ; 1.393      ;
; 1.127 ; HEX_block:HEX_BLOCK_UNIT|w_hex_en_1              ; HEX_block:HEX_BLOCK_UNIT|o_hex_1[4]              ; i_clk        ; i_clk       ; 0.000        ; 0.000      ; 1.393      ;
; 1.127 ; HEX_block:HEX_BLOCK_UNIT|w_hex_en_1              ; HEX_block:HEX_BLOCK_UNIT|o_hex_1[5]              ; i_clk        ; i_clk       ; 0.000        ; 0.000      ; 1.393      ;
; 1.127 ; HEX_block:HEX_BLOCK_UNIT|w_hex_en_1              ; HEX_block:HEX_BLOCK_UNIT|o_hex_1[6]              ; i_clk        ; i_clk       ; 0.000        ; 0.000      ; 1.393      ;
; 1.140 ; HEX_block:HEX_BLOCK_UNIT|w_hex_en_1              ; HEX_block:HEX_BLOCK_UNIT|o_hex_2[0]              ; i_clk        ; i_clk       ; 0.000        ; 0.000      ; 1.406      ;
; 1.140 ; HEX_block:HEX_BLOCK_UNIT|w_hex_en_1              ; HEX_block:HEX_BLOCK_UNIT|o_hex_2[1]              ; i_clk        ; i_clk       ; 0.000        ; 0.000      ; 1.406      ;
; 1.140 ; HEX_block:HEX_BLOCK_UNIT|w_hex_en_1              ; HEX_block:HEX_BLOCK_UNIT|o_hex_2[2]              ; i_clk        ; i_clk       ; 0.000        ; 0.000      ; 1.406      ;
; 1.140 ; HEX_block:HEX_BLOCK_UNIT|w_hex_en_1              ; HEX_block:HEX_BLOCK_UNIT|o_hex_2[3]              ; i_clk        ; i_clk       ; 0.000        ; 0.000      ; 1.406      ;
; 1.140 ; HEX_block:HEX_BLOCK_UNIT|w_hex_en_1              ; HEX_block:HEX_BLOCK_UNIT|o_hex_2[4]              ; i_clk        ; i_clk       ; 0.000        ; 0.000      ; 1.406      ;
; 1.140 ; HEX_block:HEX_BLOCK_UNIT|w_hex_en_1              ; HEX_block:HEX_BLOCK_UNIT|o_hex_2[5]              ; i_clk        ; i_clk       ; 0.000        ; 0.000      ; 1.406      ;
; 1.140 ; HEX_block:HEX_BLOCK_UNIT|w_hex_en_1              ; HEX_block:HEX_BLOCK_UNIT|o_hex_2[6]              ; i_clk        ; i_clk       ; 0.000        ; 0.000      ; 1.406      ;
; 1.140 ; HEX_block:HEX_BLOCK_UNIT|w_hex_en_1              ; HEX_block:HEX_BLOCK_UNIT|o_hex_3[3]              ; i_clk        ; i_clk       ; 0.000        ; 0.000      ; 1.406      ;
; 1.140 ; HEX_block:HEX_BLOCK_UNIT|w_hex_en_1              ; HEX_block:HEX_BLOCK_UNIT|o_hex_3[6]              ; i_clk        ; i_clk       ; 0.000        ; 0.000      ; 1.406      ;
; 1.505 ; UART_SS_detect_edge:SSDE_I_VALID_UNIT|w_p_signal ; w_i_hex_en                                       ; i_clk        ; i_clk       ; 0.000        ; 0.000      ; 1.771      ;
; 1.637 ; HEX_block:HEX_BLOCK_UNIT|w_hex_en_1              ; HEX_block:HEX_BLOCK_UNIT|o_hex_4[0]              ; i_clk        ; i_clk       ; 0.000        ; 0.002      ; 1.905      ;
; 1.637 ; HEX_block:HEX_BLOCK_UNIT|w_hex_en_1              ; HEX_block:HEX_BLOCK_UNIT|o_hex_4[1]              ; i_clk        ; i_clk       ; 0.000        ; 0.002      ; 1.905      ;
; 1.637 ; HEX_block:HEX_BLOCK_UNIT|w_hex_en_1              ; HEX_block:HEX_BLOCK_UNIT|o_hex_4[2]              ; i_clk        ; i_clk       ; 0.000        ; 0.002      ; 1.905      ;
; 1.637 ; HEX_block:HEX_BLOCK_UNIT|w_hex_en_1              ; HEX_block:HEX_BLOCK_UNIT|o_hex_4[3]              ; i_clk        ; i_clk       ; 0.000        ; 0.002      ; 1.905      ;
; 1.637 ; HEX_block:HEX_BLOCK_UNIT|w_hex_en_1              ; HEX_block:HEX_BLOCK_UNIT|o_hex_4[4]              ; i_clk        ; i_clk       ; 0.000        ; 0.002      ; 1.905      ;
; 1.637 ; HEX_block:HEX_BLOCK_UNIT|w_hex_en_1              ; HEX_block:HEX_BLOCK_UNIT|o_hex_4[5]              ; i_clk        ; i_clk       ; 0.000        ; 0.002      ; 1.905      ;
; 1.637 ; HEX_block:HEX_BLOCK_UNIT|w_hex_en_1              ; HEX_block:HEX_BLOCK_UNIT|o_hex_4[6]              ; i_clk        ; i_clk       ; 0.000        ; 0.002      ; 1.905      ;
; 1.646 ; HEX_block:HEX_BLOCK_UNIT|w_hex_en_1              ; HEX_block:HEX_BLOCK_UNIT|o_hex_6[5]              ; i_clk        ; i_clk       ; 0.000        ; 0.004      ; 1.916      ;
; 1.646 ; HEX_block:HEX_BLOCK_UNIT|w_hex_en_1              ; HEX_block:HEX_BLOCK_UNIT|o_hex_7[0]              ; i_clk        ; i_clk       ; 0.000        ; 0.004      ; 1.916      ;
; 1.646 ; HEX_block:HEX_BLOCK_UNIT|w_hex_en_1              ; HEX_block:HEX_BLOCK_UNIT|o_hex_7[1]              ; i_clk        ; i_clk       ; 0.000        ; 0.004      ; 1.916      ;
; 1.646 ; HEX_block:HEX_BLOCK_UNIT|w_hex_en_1              ; HEX_block:HEX_BLOCK_UNIT|o_hex_7[2]              ; i_clk        ; i_clk       ; 0.000        ; 0.004      ; 1.916      ;
; 1.646 ; HEX_block:HEX_BLOCK_UNIT|w_hex_en_1              ; HEX_block:HEX_BLOCK_UNIT|o_hex_7[3]              ; i_clk        ; i_clk       ; 0.000        ; 0.004      ; 1.916      ;
; 1.646 ; HEX_block:HEX_BLOCK_UNIT|w_hex_en_1              ; HEX_block:HEX_BLOCK_UNIT|o_hex_7[4]              ; i_clk        ; i_clk       ; 0.000        ; 0.004      ; 1.916      ;
; 1.646 ; HEX_block:HEX_BLOCK_UNIT|w_hex_en_1              ; HEX_block:HEX_BLOCK_UNIT|o_hex_7[5]              ; i_clk        ; i_clk       ; 0.000        ; 0.004      ; 1.916      ;
; 1.646 ; HEX_block:HEX_BLOCK_UNIT|w_hex_en_1              ; HEX_block:HEX_BLOCK_UNIT|o_hex_7[6]              ; i_clk        ; i_clk       ; 0.000        ; 0.004      ; 1.916      ;
; 1.870 ; UART_SS_detect_edge:SSDE_I_VALID_UNIT|w_n_signal ; w_i_data[16]                                     ; i_clk        ; i_clk       ; 0.000        ; -0.002     ; 2.134      ;
; 2.211 ; HEX_block:HEX_BLOCK_UNIT|w_hex_en_1              ; HEX_block:HEX_BLOCK_UNIT|o_hex_3[0]              ; i_clk        ; i_clk       ; 0.000        ; 0.000      ; 2.477      ;
; 2.211 ; HEX_block:HEX_BLOCK_UNIT|w_hex_en_1              ; HEX_block:HEX_BLOCK_UNIT|o_hex_3[1]              ; i_clk        ; i_clk       ; 0.000        ; 0.000      ; 2.477      ;
; 2.211 ; HEX_block:HEX_BLOCK_UNIT|w_hex_en_1              ; HEX_block:HEX_BLOCK_UNIT|o_hex_3[2]              ; i_clk        ; i_clk       ; 0.000        ; 0.000      ; 2.477      ;
; 2.211 ; HEX_block:HEX_BLOCK_UNIT|w_hex_en_1              ; HEX_block:HEX_BLOCK_UNIT|o_hex_3[4]              ; i_clk        ; i_clk       ; 0.000        ; 0.000      ; 2.477      ;
; 2.211 ; HEX_block:HEX_BLOCK_UNIT|w_hex_en_1              ; HEX_block:HEX_BLOCK_UNIT|o_hex_3[5]              ; i_clk        ; i_clk       ; 0.000        ; 0.000      ; 2.477      ;
; 2.399 ; UART_SS_detect_edge:SSDE_I_VALID_UNIT|w_n_signal ; w_i_data[0]                                      ; i_clk        ; i_clk       ; 0.000        ; -0.002     ; 2.663      ;
; 2.399 ; UART_SS_detect_edge:SSDE_I_VALID_UNIT|w_n_signal ; w_i_data[1]                                      ; i_clk        ; i_clk       ; 0.000        ; -0.002     ; 2.663      ;
; 2.399 ; UART_SS_detect_edge:SSDE_I_VALID_UNIT|w_n_signal ; w_i_data[2]                                      ; i_clk        ; i_clk       ; 0.000        ; -0.002     ; 2.663      ;
; 2.399 ; UART_SS_detect_edge:SSDE_I_VALID_UNIT|w_n_signal ; w_i_data[3]                                      ; i_clk        ; i_clk       ; 0.000        ; -0.002     ; 2.663      ;
; 2.399 ; UART_SS_detect_edge:SSDE_I_VALID_UNIT|w_n_signal ; w_i_data[4]                                      ; i_clk        ; i_clk       ; 0.000        ; -0.002     ; 2.663      ;
; 2.399 ; UART_SS_detect_edge:SSDE_I_VALID_UNIT|w_n_signal ; w_i_data[13]                                     ; i_clk        ; i_clk       ; 0.000        ; -0.002     ; 2.663      ;
; 2.419 ; UART_SS_detect_edge:SSDE_I_VALID_UNIT|w_n_signal ; w_i_data[6]                                      ; i_clk        ; i_clk       ; 0.000        ; -0.006     ; 2.679      ;
; 2.419 ; UART_SS_detect_edge:SSDE_I_VALID_UNIT|w_n_signal ; w_i_data[7]                                      ; i_clk        ; i_clk       ; 0.000        ; -0.006     ; 2.679      ;
; 2.439 ; UART_SS_detect_edge:SSDE_I_VALID_UNIT|w_p_signal ; w_i_data[16]                                     ; i_clk        ; i_clk       ; 0.000        ; -0.002     ; 2.703      ;
; 2.450 ; HEX_block:HEX_BLOCK_UNIT|w_hex_en_1              ; HEX_block:HEX_BLOCK_UNIT|o_hex_0[0]              ; i_clk        ; i_clk       ; 0.000        ; 0.005      ; 2.721      ;
; 2.450 ; HEX_block:HEX_BLOCK_UNIT|w_hex_en_1              ; HEX_block:HEX_BLOCK_UNIT|o_hex_0[1]              ; i_clk        ; i_clk       ; 0.000        ; 0.005      ; 2.721      ;
; 2.450 ; HEX_block:HEX_BLOCK_UNIT|w_hex_en_1              ; HEX_block:HEX_BLOCK_UNIT|o_hex_0[2]              ; i_clk        ; i_clk       ; 0.000        ; 0.005      ; 2.721      ;
; 2.450 ; HEX_block:HEX_BLOCK_UNIT|w_hex_en_1              ; HEX_block:HEX_BLOCK_UNIT|o_hex_0[3]              ; i_clk        ; i_clk       ; 0.000        ; 0.005      ; 2.721      ;
; 2.450 ; HEX_block:HEX_BLOCK_UNIT|w_hex_en_1              ; HEX_block:HEX_BLOCK_UNIT|o_hex_0[4]              ; i_clk        ; i_clk       ; 0.000        ; 0.005      ; 2.721      ;
; 2.450 ; HEX_block:HEX_BLOCK_UNIT|w_hex_en_1              ; HEX_block:HEX_BLOCK_UNIT|o_hex_0[5]              ; i_clk        ; i_clk       ; 0.000        ; 0.005      ; 2.721      ;
; 2.450 ; HEX_block:HEX_BLOCK_UNIT|w_hex_en_1              ; HEX_block:HEX_BLOCK_UNIT|o_hex_0[6]              ; i_clk        ; i_clk       ; 0.000        ; 0.005      ; 2.721      ;
; 2.450 ; HEX_block:HEX_BLOCK_UNIT|w_hex_en_1              ; HEX_block:HEX_BLOCK_UNIT|o_hex_5[0]              ; i_clk        ; i_clk       ; 0.000        ; 0.005      ; 2.721      ;
; 2.450 ; HEX_block:HEX_BLOCK_UNIT|w_hex_en_1              ; HEX_block:HEX_BLOCK_UNIT|o_hex_5[3]              ; i_clk        ; i_clk       ; 0.000        ; 0.005      ; 2.721      ;
; 2.450 ; HEX_block:HEX_BLOCK_UNIT|w_hex_en_1              ; HEX_block:HEX_BLOCK_UNIT|o_hex_5[6]              ; i_clk        ; i_clk       ; 0.000        ; 0.005      ; 2.721      ;
; 2.457 ; HEX_block:HEX_BLOCK_UNIT|w_hex_en_1              ; HEX_block:HEX_BLOCK_UNIT|o_hex_5[1]              ; i_clk        ; i_clk       ; 0.000        ; 0.005      ; 2.728      ;
; 2.457 ; HEX_block:HEX_BLOCK_UNIT|w_hex_en_1              ; HEX_block:HEX_BLOCK_UNIT|o_hex_5[2]              ; i_clk        ; i_clk       ; 0.000        ; 0.005      ; 2.728      ;
; 2.457 ; HEX_block:HEX_BLOCK_UNIT|w_hex_en_1              ; HEX_block:HEX_BLOCK_UNIT|o_hex_5[4]              ; i_clk        ; i_clk       ; 0.000        ; 0.005      ; 2.728      ;
; 2.457 ; HEX_block:HEX_BLOCK_UNIT|w_hex_en_1              ; HEX_block:HEX_BLOCK_UNIT|o_hex_5[5]              ; i_clk        ; i_clk       ; 0.000        ; 0.005      ; 2.728      ;
; 2.457 ; HEX_block:HEX_BLOCK_UNIT|w_hex_en_1              ; HEX_block:HEX_BLOCK_UNIT|o_hex_6[0]              ; i_clk        ; i_clk       ; 0.000        ; 0.005      ; 2.728      ;
; 2.457 ; HEX_block:HEX_BLOCK_UNIT|w_hex_en_1              ; HEX_block:HEX_BLOCK_UNIT|o_hex_6[1]              ; i_clk        ; i_clk       ; 0.000        ; 0.005      ; 2.728      ;
; 2.457 ; HEX_block:HEX_BLOCK_UNIT|w_hex_en_1              ; HEX_block:HEX_BLOCK_UNIT|o_hex_6[2]              ; i_clk        ; i_clk       ; 0.000        ; 0.005      ; 2.728      ;
; 2.457 ; HEX_block:HEX_BLOCK_UNIT|w_hex_en_1              ; HEX_block:HEX_BLOCK_UNIT|o_hex_6[3]              ; i_clk        ; i_clk       ; 0.000        ; 0.005      ; 2.728      ;
; 2.457 ; HEX_block:HEX_BLOCK_UNIT|w_hex_en_1              ; HEX_block:HEX_BLOCK_UNIT|o_hex_6[4]              ; i_clk        ; i_clk       ; 0.000        ; 0.005      ; 2.728      ;
; 2.457 ; HEX_block:HEX_BLOCK_UNIT|w_hex_en_1              ; HEX_block:HEX_BLOCK_UNIT|o_hex_6[6]              ; i_clk        ; i_clk       ; 0.000        ; 0.005      ; 2.728      ;
; 2.641 ; UART_SS_detect_edge:SSDE_I_VALID_UNIT|w_n_signal ; w_i_data[8]                                      ; i_clk        ; i_clk       ; 0.000        ; -0.003     ; 2.904      ;
; 2.641 ; UART_SS_detect_edge:SSDE_I_VALID_UNIT|w_n_signal ; w_i_data[9]                                      ; i_clk        ; i_clk       ; 0.000        ; -0.003     ; 2.904      ;
; 2.641 ; UART_SS_detect_edge:SSDE_I_VALID_UNIT|w_n_signal ; w_i_data[10]                                     ; i_clk        ; i_clk       ; 0.000        ; -0.003     ; 2.904      ;
; 2.641 ; UART_SS_detect_edge:SSDE_I_VALID_UNIT|w_n_signal ; w_i_data[11]                                     ; i_clk        ; i_clk       ; 0.000        ; -0.003     ; 2.904      ;
; 2.641 ; UART_SS_detect_edge:SSDE_I_VALID_UNIT|w_n_signal ; w_i_data[12]                                     ; i_clk        ; i_clk       ; 0.000        ; -0.003     ; 2.904      ;
; 2.641 ; UART_SS_detect_edge:SSDE_I_VALID_UNIT|w_n_signal ; w_i_data[14]                                     ; i_clk        ; i_clk       ; 0.000        ; -0.003     ; 2.904      ;
; 2.641 ; UART_SS_detect_edge:SSDE_I_VALID_UNIT|w_n_signal ; w_i_data[15]                                     ; i_clk        ; i_clk       ; 0.000        ; -0.003     ; 2.904      ;
; 2.731 ; w_i_data[16]                                     ; HEX_block:HEX_BLOCK_UNIT|o_hex_6[5]              ; i_clk        ; i_clk       ; 0.000        ; 0.006      ; 3.003      ;
; 2.765 ; w_i_data[16]                                     ; HEX_block:HEX_BLOCK_UNIT|o_hex_7[2]              ; i_clk        ; i_clk       ; 0.000        ; 0.006      ; 3.037      ;
; 2.768 ; w_i_data[16]                                     ; HEX_block:HEX_BLOCK_UNIT|o_hex_7[4]              ; i_clk        ; i_clk       ; 0.000        ; 0.006      ; 3.040      ;
; 2.781 ; w_i_data[16]                                     ; HEX_block:HEX_BLOCK_UNIT|o_hex_7[6]              ; i_clk        ; i_clk       ; 0.000        ; 0.006      ; 3.053      ;
; 2.783 ; w_i_data[16]                                     ; HEX_block:HEX_BLOCK_UNIT|o_hex_7[5]              ; i_clk        ; i_clk       ; 0.000        ; 0.006      ; 3.055      ;
; 2.787 ; w_i_data[16]                                     ; HEX_block:HEX_BLOCK_UNIT|o_hex_7[0]              ; i_clk        ; i_clk       ; 0.000        ; 0.006      ; 3.059      ;
; 2.787 ; w_i_data[16]                                     ; HEX_block:HEX_BLOCK_UNIT|o_hex_7[3]              ; i_clk        ; i_clk       ; 0.000        ; 0.006      ; 3.059      ;
; 2.788 ; w_i_data[16]                                     ; HEX_block:HEX_BLOCK_UNIT|o_hex_7[1]              ; i_clk        ; i_clk       ; 0.000        ; 0.006      ; 3.060      ;
; 2.868 ; w_i_data[16]                                     ; HEX_block:HEX_BLOCK_UNIT|o_hex_5[4]              ; i_clk        ; i_clk       ; 0.000        ; 0.007      ; 3.141      ;
; 2.870 ; w_i_data[16]                                     ; HEX_block:HEX_BLOCK_UNIT|o_hex_5[2]              ; i_clk        ; i_clk       ; 0.000        ; 0.007      ; 3.143      ;
; 2.871 ; w_i_data[16]                                     ; HEX_block:HEX_BLOCK_UNIT|o_hex_5[1]              ; i_clk        ; i_clk       ; 0.000        ; 0.007      ; 3.144      ;
; 2.875 ; w_i_data[16]                                     ; HEX_block:HEX_BLOCK_UNIT|o_hex_5[5]              ; i_clk        ; i_clk       ; 0.000        ; 0.007      ; 3.148      ;
; 2.885 ; w_i_data[16]                                     ; HEX_block:HEX_BLOCK_UNIT|o_hex_6[0]              ; i_clk        ; i_clk       ; 0.000        ; 0.007      ; 3.158      ;
; 2.885 ; w_i_data[16]                                     ; HEX_block:HEX_BLOCK_UNIT|o_hex_6[4]              ; i_clk        ; i_clk       ; 0.000        ; 0.007      ; 3.158      ;
; 2.887 ; w_i_data[16]                                     ; HEX_block:HEX_BLOCK_UNIT|o_hex_6[2]              ; i_clk        ; i_clk       ; 0.000        ; 0.007      ; 3.160      ;
; 2.890 ; w_i_data[16]                                     ; HEX_block:HEX_BLOCK_UNIT|o_hex_6[1]              ; i_clk        ; i_clk       ; 0.000        ; 0.007      ; 3.163      ;
; 2.891 ; w_i_data[16]                                     ; HEX_block:HEX_BLOCK_UNIT|o_hex_6[6]              ; i_clk        ; i_clk       ; 0.000        ; 0.007      ; 3.164      ;
; 2.892 ; w_i_data[16]                                     ; HEX_block:HEX_BLOCK_UNIT|o_hex_6[3]              ; i_clk        ; i_clk       ; 0.000        ; 0.007      ; 3.165      ;
+-------+--------------------------------------------------+--------------------------------------------------+--------------+-------------+--------------+------------+------------+


+---------------------------------------------------------------------------------------------------------------+
; Slow Model Minimum Pulse Width: 'CLOCK_50'                                                                    ;
+--------+--------------+----------------+------------------+----------+------------+---------------------------+
; Slack  ; Actual Width ; Required Width ; Type             ; Clock    ; Clock Edge ; Target                    ;
+--------+--------------+----------------+------------------+----------+------------+---------------------------+
; -1.380 ; 1.000        ; 2.380          ; Port Rate        ; CLOCK_50 ; Rise       ; CLOCK_50                  ;
; -0.500 ; 0.500        ; 1.000          ; High Pulse Width ; CLOCK_50 ; Rise       ; count[0]                  ;
; -0.500 ; 0.500        ; 1.000          ; Low Pulse Width  ; CLOCK_50 ; Rise       ; count[0]                  ;
; -0.500 ; 0.500        ; 1.000          ; High Pulse Width ; CLOCK_50 ; Rise       ; count[10]                 ;
; -0.500 ; 0.500        ; 1.000          ; Low Pulse Width  ; CLOCK_50 ; Rise       ; count[10]                 ;
; -0.500 ; 0.500        ; 1.000          ; High Pulse Width ; CLOCK_50 ; Rise       ; count[11]                 ;
; -0.500 ; 0.500        ; 1.000          ; Low Pulse Width  ; CLOCK_50 ; Rise       ; count[11]                 ;
; -0.500 ; 0.500        ; 1.000          ; High Pulse Width ; CLOCK_50 ; Rise       ; count[12]                 ;
; -0.500 ; 0.500        ; 1.000          ; Low Pulse Width  ; CLOCK_50 ; Rise       ; count[12]                 ;
; -0.500 ; 0.500        ; 1.000          ; High Pulse Width ; CLOCK_50 ; Rise       ; count[13]                 ;
; -0.500 ; 0.500        ; 1.000          ; Low Pulse Width  ; CLOCK_50 ; Rise       ; count[13]                 ;
; -0.500 ; 0.500        ; 1.000          ; High Pulse Width ; CLOCK_50 ; Rise       ; count[14]                 ;
; -0.500 ; 0.500        ; 1.000          ; Low Pulse Width  ; CLOCK_50 ; Rise       ; count[14]                 ;
; -0.500 ; 0.500        ; 1.000          ; High Pulse Width ; CLOCK_50 ; Rise       ; count[15]                 ;
; -0.500 ; 0.500        ; 1.000          ; Low Pulse Width  ; CLOCK_50 ; Rise       ; count[15]                 ;
; -0.500 ; 0.500        ; 1.000          ; High Pulse Width ; CLOCK_50 ; Rise       ; count[16]                 ;
; -0.500 ; 0.500        ; 1.000          ; Low Pulse Width  ; CLOCK_50 ; Rise       ; count[16]                 ;
; -0.500 ; 0.500        ; 1.000          ; High Pulse Width ; CLOCK_50 ; Rise       ; count[17]                 ;
; -0.500 ; 0.500        ; 1.000          ; Low Pulse Width  ; CLOCK_50 ; Rise       ; count[17]                 ;
; -0.500 ; 0.500        ; 1.000          ; High Pulse Width ; CLOCK_50 ; Rise       ; count[18]                 ;
; -0.500 ; 0.500        ; 1.000          ; Low Pulse Width  ; CLOCK_50 ; Rise       ; count[18]                 ;
; -0.500 ; 0.500        ; 1.000          ; High Pulse Width ; CLOCK_50 ; Rise       ; count[19]                 ;
; -0.500 ; 0.500        ; 1.000          ; Low Pulse Width  ; CLOCK_50 ; Rise       ; count[19]                 ;
; -0.500 ; 0.500        ; 1.000          ; High Pulse Width ; CLOCK_50 ; Rise       ; count[1]                  ;
; -0.500 ; 0.500        ; 1.000          ; Low Pulse Width  ; CLOCK_50 ; Rise       ; count[1]                  ;
; -0.500 ; 0.500        ; 1.000          ; High Pulse Width ; CLOCK_50 ; Rise       ; count[20]                 ;
; -0.500 ; 0.500        ; 1.000          ; Low Pulse Width  ; CLOCK_50 ; Rise       ; count[20]                 ;
; -0.500 ; 0.500        ; 1.000          ; High Pulse Width ; CLOCK_50 ; Rise       ; count[21]                 ;
; -0.500 ; 0.500        ; 1.000          ; Low Pulse Width  ; CLOCK_50 ; Rise       ; count[21]                 ;
; -0.500 ; 0.500        ; 1.000          ; High Pulse Width ; CLOCK_50 ; Rise       ; count[22]                 ;
; -0.500 ; 0.500        ; 1.000          ; Low Pulse Width  ; CLOCK_50 ; Rise       ; count[22]                 ;
; -0.500 ; 0.500        ; 1.000          ; High Pulse Width ; CLOCK_50 ; Rise       ; count[23]                 ;
; -0.500 ; 0.500        ; 1.000          ; Low Pulse Width  ; CLOCK_50 ; Rise       ; count[23]                 ;
; -0.500 ; 0.500        ; 1.000          ; High Pulse Width ; CLOCK_50 ; Rise       ; count[24]                 ;
; -0.500 ; 0.500        ; 1.000          ; Low Pulse Width  ; CLOCK_50 ; Rise       ; count[24]                 ;
; -0.500 ; 0.500        ; 1.000          ; High Pulse Width ; CLOCK_50 ; Rise       ; count[25]                 ;
; -0.500 ; 0.500        ; 1.000          ; Low Pulse Width  ; CLOCK_50 ; Rise       ; count[25]                 ;
; -0.500 ; 0.500        ; 1.000          ; High Pulse Width ; CLOCK_50 ; Rise       ; count[26]                 ;
; -0.500 ; 0.500        ; 1.000          ; Low Pulse Width  ; CLOCK_50 ; Rise       ; count[26]                 ;
; -0.500 ; 0.500        ; 1.000          ; High Pulse Width ; CLOCK_50 ; Rise       ; count[27]                 ;
; -0.500 ; 0.500        ; 1.000          ; Low Pulse Width  ; CLOCK_50 ; Rise       ; count[27]                 ;
; -0.500 ; 0.500        ; 1.000          ; High Pulse Width ; CLOCK_50 ; Rise       ; count[28]                 ;
; -0.500 ; 0.500        ; 1.000          ; Low Pulse Width  ; CLOCK_50 ; Rise       ; count[28]                 ;
; -0.500 ; 0.500        ; 1.000          ; High Pulse Width ; CLOCK_50 ; Rise       ; count[29]                 ;
; -0.500 ; 0.500        ; 1.000          ; Low Pulse Width  ; CLOCK_50 ; Rise       ; count[29]                 ;
; -0.500 ; 0.500        ; 1.000          ; High Pulse Width ; CLOCK_50 ; Rise       ; count[2]                  ;
; -0.500 ; 0.500        ; 1.000          ; Low Pulse Width  ; CLOCK_50 ; Rise       ; count[2]                  ;
; -0.500 ; 0.500        ; 1.000          ; High Pulse Width ; CLOCK_50 ; Rise       ; count[30]                 ;
; -0.500 ; 0.500        ; 1.000          ; Low Pulse Width  ; CLOCK_50 ; Rise       ; count[30]                 ;
; -0.500 ; 0.500        ; 1.000          ; High Pulse Width ; CLOCK_50 ; Rise       ; count[31]                 ;
; -0.500 ; 0.500        ; 1.000          ; Low Pulse Width  ; CLOCK_50 ; Rise       ; count[31]                 ;
; -0.500 ; 0.500        ; 1.000          ; High Pulse Width ; CLOCK_50 ; Rise       ; count[3]                  ;
; -0.500 ; 0.500        ; 1.000          ; Low Pulse Width  ; CLOCK_50 ; Rise       ; count[3]                  ;
; -0.500 ; 0.500        ; 1.000          ; High Pulse Width ; CLOCK_50 ; Rise       ; count[4]                  ;
; -0.500 ; 0.500        ; 1.000          ; Low Pulse Width  ; CLOCK_50 ; Rise       ; count[4]                  ;
; -0.500 ; 0.500        ; 1.000          ; High Pulse Width ; CLOCK_50 ; Rise       ; count[5]                  ;
; -0.500 ; 0.500        ; 1.000          ; Low Pulse Width  ; CLOCK_50 ; Rise       ; count[5]                  ;
; -0.500 ; 0.500        ; 1.000          ; High Pulse Width ; CLOCK_50 ; Rise       ; count[6]                  ;
; -0.500 ; 0.500        ; 1.000          ; Low Pulse Width  ; CLOCK_50 ; Rise       ; count[6]                  ;
; -0.500 ; 0.500        ; 1.000          ; High Pulse Width ; CLOCK_50 ; Rise       ; count[7]                  ;
; -0.500 ; 0.500        ; 1.000          ; Low Pulse Width  ; CLOCK_50 ; Rise       ; count[7]                  ;
; -0.500 ; 0.500        ; 1.000          ; High Pulse Width ; CLOCK_50 ; Rise       ; count[8]                  ;
; -0.500 ; 0.500        ; 1.000          ; Low Pulse Width  ; CLOCK_50 ; Rise       ; count[8]                  ;
; -0.500 ; 0.500        ; 1.000          ; High Pulse Width ; CLOCK_50 ; Rise       ; count[9]                  ;
; -0.500 ; 0.500        ; 1.000          ; Low Pulse Width  ; CLOCK_50 ; Rise       ; count[9]                  ;
; -0.500 ; 0.500        ; 1.000          ; High Pulse Width ; CLOCK_50 ; Rise       ; i_clk                     ;
; -0.500 ; 0.500        ; 1.000          ; Low Pulse Width  ; CLOCK_50 ; Rise       ; i_clk                     ;
; 0.500  ; 0.500        ; 0.000          ; High Pulse Width ; CLOCK_50 ; Rise       ; CLOCK_50|combout          ;
; 0.500  ; 0.500        ; 0.000          ; Low Pulse Width  ; CLOCK_50 ; Rise       ; CLOCK_50|combout          ;
; 0.500  ; 0.500        ; 0.000          ; High Pulse Width ; CLOCK_50 ; Rise       ; CLOCK_50~clkctrl|inclk[0] ;
; 0.500  ; 0.500        ; 0.000          ; Low Pulse Width  ; CLOCK_50 ; Rise       ; CLOCK_50~clkctrl|inclk[0] ;
; 0.500  ; 0.500        ; 0.000          ; High Pulse Width ; CLOCK_50 ; Rise       ; CLOCK_50~clkctrl|outclk   ;
; 0.500  ; 0.500        ; 0.000          ; Low Pulse Width  ; CLOCK_50 ; Rise       ; CLOCK_50~clkctrl|outclk   ;
; 0.500  ; 0.500        ; 0.000          ; High Pulse Width ; CLOCK_50 ; Rise       ; count[0]|clk              ;
; 0.500  ; 0.500        ; 0.000          ; Low Pulse Width  ; CLOCK_50 ; Rise       ; count[0]|clk              ;
; 0.500  ; 0.500        ; 0.000          ; High Pulse Width ; CLOCK_50 ; Rise       ; count[10]|clk             ;
; 0.500  ; 0.500        ; 0.000          ; Low Pulse Width  ; CLOCK_50 ; Rise       ; count[10]|clk             ;
; 0.500  ; 0.500        ; 0.000          ; High Pulse Width ; CLOCK_50 ; Rise       ; count[11]|clk             ;
; 0.500  ; 0.500        ; 0.000          ; Low Pulse Width  ; CLOCK_50 ; Rise       ; count[11]|clk             ;
; 0.500  ; 0.500        ; 0.000          ; High Pulse Width ; CLOCK_50 ; Rise       ; count[12]|clk             ;
; 0.500  ; 0.500        ; 0.000          ; Low Pulse Width  ; CLOCK_50 ; Rise       ; count[12]|clk             ;
; 0.500  ; 0.500        ; 0.000          ; High Pulse Width ; CLOCK_50 ; Rise       ; count[13]|clk             ;
; 0.500  ; 0.500        ; 0.000          ; Low Pulse Width  ; CLOCK_50 ; Rise       ; count[13]|clk             ;
; 0.500  ; 0.500        ; 0.000          ; High Pulse Width ; CLOCK_50 ; Rise       ; count[14]|clk             ;
; 0.500  ; 0.500        ; 0.000          ; Low Pulse Width  ; CLOCK_50 ; Rise       ; count[14]|clk             ;
; 0.500  ; 0.500        ; 0.000          ; High Pulse Width ; CLOCK_50 ; Rise       ; count[15]|clk             ;
; 0.500  ; 0.500        ; 0.000          ; Low Pulse Width  ; CLOCK_50 ; Rise       ; count[15]|clk             ;
; 0.500  ; 0.500        ; 0.000          ; High Pulse Width ; CLOCK_50 ; Rise       ; count[16]|clk             ;
; 0.500  ; 0.500        ; 0.000          ; Low Pulse Width  ; CLOCK_50 ; Rise       ; count[16]|clk             ;
; 0.500  ; 0.500        ; 0.000          ; High Pulse Width ; CLOCK_50 ; Rise       ; count[17]|clk             ;
; 0.500  ; 0.500        ; 0.000          ; Low Pulse Width  ; CLOCK_50 ; Rise       ; count[17]|clk             ;
; 0.500  ; 0.500        ; 0.000          ; High Pulse Width ; CLOCK_50 ; Rise       ; count[18]|clk             ;
; 0.500  ; 0.500        ; 0.000          ; Low Pulse Width  ; CLOCK_50 ; Rise       ; count[18]|clk             ;
; 0.500  ; 0.500        ; 0.000          ; High Pulse Width ; CLOCK_50 ; Rise       ; count[19]|clk             ;
; 0.500  ; 0.500        ; 0.000          ; Low Pulse Width  ; CLOCK_50 ; Rise       ; count[19]|clk             ;
; 0.500  ; 0.500        ; 0.000          ; High Pulse Width ; CLOCK_50 ; Rise       ; count[1]|clk              ;
; 0.500  ; 0.500        ; 0.000          ; Low Pulse Width  ; CLOCK_50 ; Rise       ; count[1]|clk              ;
; 0.500  ; 0.500        ; 0.000          ; High Pulse Width ; CLOCK_50 ; Rise       ; count[20]|clk             ;
; 0.500  ; 0.500        ; 0.000          ; Low Pulse Width  ; CLOCK_50 ; Rise       ; count[20]|clk             ;
; 0.500  ; 0.500        ; 0.000          ; High Pulse Width ; CLOCK_50 ; Rise       ; count[21]|clk             ;
+--------+--------------+----------------+------------------+----------+------------+---------------------------+


+----------------------------------------------------------------------------------------------------------------------+
; Slow Model Minimum Pulse Width: 'i_clk'                                                                              ;
+--------+--------------+----------------+------------------+-------+------------+-------------------------------------+
; Slack  ; Actual Width ; Required Width ; Type             ; Clock ; Clock Edge ; Target                              ;
+--------+--------------+----------------+------------------+-------+------------+-------------------------------------+
; -0.500 ; 0.500        ; 1.000          ; High Pulse Width ; i_clk ; Rise       ; HEX_block:HEX_BLOCK_UNIT|o_hex_0[0] ;
; -0.500 ; 0.500        ; 1.000          ; Low Pulse Width  ; i_clk ; Rise       ; HEX_block:HEX_BLOCK_UNIT|o_hex_0[0] ;
; -0.500 ; 0.500        ; 1.000          ; High Pulse Width ; i_clk ; Rise       ; HEX_block:HEX_BLOCK_UNIT|o_hex_0[1] ;
; -0.500 ; 0.500        ; 1.000          ; Low Pulse Width  ; i_clk ; Rise       ; HEX_block:HEX_BLOCK_UNIT|o_hex_0[1] ;
; -0.500 ; 0.500        ; 1.000          ; High Pulse Width ; i_clk ; Rise       ; HEX_block:HEX_BLOCK_UNIT|o_hex_0[2] ;
; -0.500 ; 0.500        ; 1.000          ; Low Pulse Width  ; i_clk ; Rise       ; HEX_block:HEX_BLOCK_UNIT|o_hex_0[2] ;
; -0.500 ; 0.500        ; 1.000          ; High Pulse Width ; i_clk ; Rise       ; HEX_block:HEX_BLOCK_UNIT|o_hex_0[3] ;
; -0.500 ; 0.500        ; 1.000          ; Low Pulse Width  ; i_clk ; Rise       ; HEX_block:HEX_BLOCK_UNIT|o_hex_0[3] ;
; -0.500 ; 0.500        ; 1.000          ; High Pulse Width ; i_clk ; Rise       ; HEX_block:HEX_BLOCK_UNIT|o_hex_0[4] ;
; -0.500 ; 0.500        ; 1.000          ; Low Pulse Width  ; i_clk ; Rise       ; HEX_block:HEX_BLOCK_UNIT|o_hex_0[4] ;
; -0.500 ; 0.500        ; 1.000          ; High Pulse Width ; i_clk ; Rise       ; HEX_block:HEX_BLOCK_UNIT|o_hex_0[5] ;
; -0.500 ; 0.500        ; 1.000          ; Low Pulse Width  ; i_clk ; Rise       ; HEX_block:HEX_BLOCK_UNIT|o_hex_0[5] ;
; -0.500 ; 0.500        ; 1.000          ; High Pulse Width ; i_clk ; Rise       ; HEX_block:HEX_BLOCK_UNIT|o_hex_0[6] ;
; -0.500 ; 0.500        ; 1.000          ; Low Pulse Width  ; i_clk ; Rise       ; HEX_block:HEX_BLOCK_UNIT|o_hex_0[6] ;
; -0.500 ; 0.500        ; 1.000          ; High Pulse Width ; i_clk ; Rise       ; HEX_block:HEX_BLOCK_UNIT|o_hex_1[0] ;
; -0.500 ; 0.500        ; 1.000          ; Low Pulse Width  ; i_clk ; Rise       ; HEX_block:HEX_BLOCK_UNIT|o_hex_1[0] ;
; -0.500 ; 0.500        ; 1.000          ; High Pulse Width ; i_clk ; Rise       ; HEX_block:HEX_BLOCK_UNIT|o_hex_1[1] ;
; -0.500 ; 0.500        ; 1.000          ; Low Pulse Width  ; i_clk ; Rise       ; HEX_block:HEX_BLOCK_UNIT|o_hex_1[1] ;
; -0.500 ; 0.500        ; 1.000          ; High Pulse Width ; i_clk ; Rise       ; HEX_block:HEX_BLOCK_UNIT|o_hex_1[2] ;
; -0.500 ; 0.500        ; 1.000          ; Low Pulse Width  ; i_clk ; Rise       ; HEX_block:HEX_BLOCK_UNIT|o_hex_1[2] ;
; -0.500 ; 0.500        ; 1.000          ; High Pulse Width ; i_clk ; Rise       ; HEX_block:HEX_BLOCK_UNIT|o_hex_1[3] ;
; -0.500 ; 0.500        ; 1.000          ; Low Pulse Width  ; i_clk ; Rise       ; HEX_block:HEX_BLOCK_UNIT|o_hex_1[3] ;
; -0.500 ; 0.500        ; 1.000          ; High Pulse Width ; i_clk ; Rise       ; HEX_block:HEX_BLOCK_UNIT|o_hex_1[4] ;
; -0.500 ; 0.500        ; 1.000          ; Low Pulse Width  ; i_clk ; Rise       ; HEX_block:HEX_BLOCK_UNIT|o_hex_1[4] ;
; -0.500 ; 0.500        ; 1.000          ; High Pulse Width ; i_clk ; Rise       ; HEX_block:HEX_BLOCK_UNIT|o_hex_1[5] ;
; -0.500 ; 0.500        ; 1.000          ; Low Pulse Width  ; i_clk ; Rise       ; HEX_block:HEX_BLOCK_UNIT|o_hex_1[5] ;
; -0.500 ; 0.500        ; 1.000          ; High Pulse Width ; i_clk ; Rise       ; HEX_block:HEX_BLOCK_UNIT|o_hex_1[6] ;
; -0.500 ; 0.500        ; 1.000          ; Low Pulse Width  ; i_clk ; Rise       ; HEX_block:HEX_BLOCK_UNIT|o_hex_1[6] ;
; -0.500 ; 0.500        ; 1.000          ; High Pulse Width ; i_clk ; Rise       ; HEX_block:HEX_BLOCK_UNIT|o_hex_2[0] ;
; -0.500 ; 0.500        ; 1.000          ; Low Pulse Width  ; i_clk ; Rise       ; HEX_block:HEX_BLOCK_UNIT|o_hex_2[0] ;
; -0.500 ; 0.500        ; 1.000          ; High Pulse Width ; i_clk ; Rise       ; HEX_block:HEX_BLOCK_UNIT|o_hex_2[1] ;
; -0.500 ; 0.500        ; 1.000          ; Low Pulse Width  ; i_clk ; Rise       ; HEX_block:HEX_BLOCK_UNIT|o_hex_2[1] ;
; -0.500 ; 0.500        ; 1.000          ; High Pulse Width ; i_clk ; Rise       ; HEX_block:HEX_BLOCK_UNIT|o_hex_2[2] ;
; -0.500 ; 0.500        ; 1.000          ; Low Pulse Width  ; i_clk ; Rise       ; HEX_block:HEX_BLOCK_UNIT|o_hex_2[2] ;
; -0.500 ; 0.500        ; 1.000          ; High Pulse Width ; i_clk ; Rise       ; HEX_block:HEX_BLOCK_UNIT|o_hex_2[3] ;
; -0.500 ; 0.500        ; 1.000          ; Low Pulse Width  ; i_clk ; Rise       ; HEX_block:HEX_BLOCK_UNIT|o_hex_2[3] ;
; -0.500 ; 0.500        ; 1.000          ; High Pulse Width ; i_clk ; Rise       ; HEX_block:HEX_BLOCK_UNIT|o_hex_2[4] ;
; -0.500 ; 0.500        ; 1.000          ; Low Pulse Width  ; i_clk ; Rise       ; HEX_block:HEX_BLOCK_UNIT|o_hex_2[4] ;
; -0.500 ; 0.500        ; 1.000          ; High Pulse Width ; i_clk ; Rise       ; HEX_block:HEX_BLOCK_UNIT|o_hex_2[5] ;
; -0.500 ; 0.500        ; 1.000          ; Low Pulse Width  ; i_clk ; Rise       ; HEX_block:HEX_BLOCK_UNIT|o_hex_2[5] ;
; -0.500 ; 0.500        ; 1.000          ; High Pulse Width ; i_clk ; Rise       ; HEX_block:HEX_BLOCK_UNIT|o_hex_2[6] ;
; -0.500 ; 0.500        ; 1.000          ; Low Pulse Width  ; i_clk ; Rise       ; HEX_block:HEX_BLOCK_UNIT|o_hex_2[6] ;
; -0.500 ; 0.500        ; 1.000          ; High Pulse Width ; i_clk ; Rise       ; HEX_block:HEX_BLOCK_UNIT|o_hex_3[0] ;
; -0.500 ; 0.500        ; 1.000          ; Low Pulse Width  ; i_clk ; Rise       ; HEX_block:HEX_BLOCK_UNIT|o_hex_3[0] ;
; -0.500 ; 0.500        ; 1.000          ; High Pulse Width ; i_clk ; Rise       ; HEX_block:HEX_BLOCK_UNIT|o_hex_3[1] ;
; -0.500 ; 0.500        ; 1.000          ; Low Pulse Width  ; i_clk ; Rise       ; HEX_block:HEX_BLOCK_UNIT|o_hex_3[1] ;
; -0.500 ; 0.500        ; 1.000          ; High Pulse Width ; i_clk ; Rise       ; HEX_block:HEX_BLOCK_UNIT|o_hex_3[2] ;
; -0.500 ; 0.500        ; 1.000          ; Low Pulse Width  ; i_clk ; Rise       ; HEX_block:HEX_BLOCK_UNIT|o_hex_3[2] ;
; -0.500 ; 0.500        ; 1.000          ; High Pulse Width ; i_clk ; Rise       ; HEX_block:HEX_BLOCK_UNIT|o_hex_3[3] ;
; -0.500 ; 0.500        ; 1.000          ; Low Pulse Width  ; i_clk ; Rise       ; HEX_block:HEX_BLOCK_UNIT|o_hex_3[3] ;
; -0.500 ; 0.500        ; 1.000          ; High Pulse Width ; i_clk ; Rise       ; HEX_block:HEX_BLOCK_UNIT|o_hex_3[4] ;
; -0.500 ; 0.500        ; 1.000          ; Low Pulse Width  ; i_clk ; Rise       ; HEX_block:HEX_BLOCK_UNIT|o_hex_3[4] ;
; -0.500 ; 0.500        ; 1.000          ; High Pulse Width ; i_clk ; Rise       ; HEX_block:HEX_BLOCK_UNIT|o_hex_3[5] ;
; -0.500 ; 0.500        ; 1.000          ; Low Pulse Width  ; i_clk ; Rise       ; HEX_block:HEX_BLOCK_UNIT|o_hex_3[5] ;
; -0.500 ; 0.500        ; 1.000          ; High Pulse Width ; i_clk ; Rise       ; HEX_block:HEX_BLOCK_UNIT|o_hex_3[6] ;
; -0.500 ; 0.500        ; 1.000          ; Low Pulse Width  ; i_clk ; Rise       ; HEX_block:HEX_BLOCK_UNIT|o_hex_3[6] ;
; -0.500 ; 0.500        ; 1.000          ; High Pulse Width ; i_clk ; Rise       ; HEX_block:HEX_BLOCK_UNIT|o_hex_4[0] ;
; -0.500 ; 0.500        ; 1.000          ; Low Pulse Width  ; i_clk ; Rise       ; HEX_block:HEX_BLOCK_UNIT|o_hex_4[0] ;
; -0.500 ; 0.500        ; 1.000          ; High Pulse Width ; i_clk ; Rise       ; HEX_block:HEX_BLOCK_UNIT|o_hex_4[1] ;
; -0.500 ; 0.500        ; 1.000          ; Low Pulse Width  ; i_clk ; Rise       ; HEX_block:HEX_BLOCK_UNIT|o_hex_4[1] ;
; -0.500 ; 0.500        ; 1.000          ; High Pulse Width ; i_clk ; Rise       ; HEX_block:HEX_BLOCK_UNIT|o_hex_4[2] ;
; -0.500 ; 0.500        ; 1.000          ; Low Pulse Width  ; i_clk ; Rise       ; HEX_block:HEX_BLOCK_UNIT|o_hex_4[2] ;
; -0.500 ; 0.500        ; 1.000          ; High Pulse Width ; i_clk ; Rise       ; HEX_block:HEX_BLOCK_UNIT|o_hex_4[3] ;
; -0.500 ; 0.500        ; 1.000          ; Low Pulse Width  ; i_clk ; Rise       ; HEX_block:HEX_BLOCK_UNIT|o_hex_4[3] ;
; -0.500 ; 0.500        ; 1.000          ; High Pulse Width ; i_clk ; Rise       ; HEX_block:HEX_BLOCK_UNIT|o_hex_4[4] ;
; -0.500 ; 0.500        ; 1.000          ; Low Pulse Width  ; i_clk ; Rise       ; HEX_block:HEX_BLOCK_UNIT|o_hex_4[4] ;
; -0.500 ; 0.500        ; 1.000          ; High Pulse Width ; i_clk ; Rise       ; HEX_block:HEX_BLOCK_UNIT|o_hex_4[5] ;
; -0.500 ; 0.500        ; 1.000          ; Low Pulse Width  ; i_clk ; Rise       ; HEX_block:HEX_BLOCK_UNIT|o_hex_4[5] ;
; -0.500 ; 0.500        ; 1.000          ; High Pulse Width ; i_clk ; Rise       ; HEX_block:HEX_BLOCK_UNIT|o_hex_4[6] ;
; -0.500 ; 0.500        ; 1.000          ; Low Pulse Width  ; i_clk ; Rise       ; HEX_block:HEX_BLOCK_UNIT|o_hex_4[6] ;
; -0.500 ; 0.500        ; 1.000          ; High Pulse Width ; i_clk ; Rise       ; HEX_block:HEX_BLOCK_UNIT|o_hex_5[0] ;
; -0.500 ; 0.500        ; 1.000          ; Low Pulse Width  ; i_clk ; Rise       ; HEX_block:HEX_BLOCK_UNIT|o_hex_5[0] ;
; -0.500 ; 0.500        ; 1.000          ; High Pulse Width ; i_clk ; Rise       ; HEX_block:HEX_BLOCK_UNIT|o_hex_5[1] ;
; -0.500 ; 0.500        ; 1.000          ; Low Pulse Width  ; i_clk ; Rise       ; HEX_block:HEX_BLOCK_UNIT|o_hex_5[1] ;
; -0.500 ; 0.500        ; 1.000          ; High Pulse Width ; i_clk ; Rise       ; HEX_block:HEX_BLOCK_UNIT|o_hex_5[2] ;
; -0.500 ; 0.500        ; 1.000          ; Low Pulse Width  ; i_clk ; Rise       ; HEX_block:HEX_BLOCK_UNIT|o_hex_5[2] ;
; -0.500 ; 0.500        ; 1.000          ; High Pulse Width ; i_clk ; Rise       ; HEX_block:HEX_BLOCK_UNIT|o_hex_5[3] ;
; -0.500 ; 0.500        ; 1.000          ; Low Pulse Width  ; i_clk ; Rise       ; HEX_block:HEX_BLOCK_UNIT|o_hex_5[3] ;
; -0.500 ; 0.500        ; 1.000          ; High Pulse Width ; i_clk ; Rise       ; HEX_block:HEX_BLOCK_UNIT|o_hex_5[4] ;
; -0.500 ; 0.500        ; 1.000          ; Low Pulse Width  ; i_clk ; Rise       ; HEX_block:HEX_BLOCK_UNIT|o_hex_5[4] ;
; -0.500 ; 0.500        ; 1.000          ; High Pulse Width ; i_clk ; Rise       ; HEX_block:HEX_BLOCK_UNIT|o_hex_5[5] ;
; -0.500 ; 0.500        ; 1.000          ; Low Pulse Width  ; i_clk ; Rise       ; HEX_block:HEX_BLOCK_UNIT|o_hex_5[5] ;
; -0.500 ; 0.500        ; 1.000          ; High Pulse Width ; i_clk ; Rise       ; HEX_block:HEX_BLOCK_UNIT|o_hex_5[6] ;
; -0.500 ; 0.500        ; 1.000          ; Low Pulse Width  ; i_clk ; Rise       ; HEX_block:HEX_BLOCK_UNIT|o_hex_5[6] ;
; -0.500 ; 0.500        ; 1.000          ; High Pulse Width ; i_clk ; Rise       ; HEX_block:HEX_BLOCK_UNIT|o_hex_6[0] ;
; -0.500 ; 0.500        ; 1.000          ; Low Pulse Width  ; i_clk ; Rise       ; HEX_block:HEX_BLOCK_UNIT|o_hex_6[0] ;
; -0.500 ; 0.500        ; 1.000          ; High Pulse Width ; i_clk ; Rise       ; HEX_block:HEX_BLOCK_UNIT|o_hex_6[1] ;
; -0.500 ; 0.500        ; 1.000          ; Low Pulse Width  ; i_clk ; Rise       ; HEX_block:HEX_BLOCK_UNIT|o_hex_6[1] ;
; -0.500 ; 0.500        ; 1.000          ; High Pulse Width ; i_clk ; Rise       ; HEX_block:HEX_BLOCK_UNIT|o_hex_6[2] ;
; -0.500 ; 0.500        ; 1.000          ; Low Pulse Width  ; i_clk ; Rise       ; HEX_block:HEX_BLOCK_UNIT|o_hex_6[2] ;
; -0.500 ; 0.500        ; 1.000          ; High Pulse Width ; i_clk ; Rise       ; HEX_block:HEX_BLOCK_UNIT|o_hex_6[3] ;
; -0.500 ; 0.500        ; 1.000          ; Low Pulse Width  ; i_clk ; Rise       ; HEX_block:HEX_BLOCK_UNIT|o_hex_6[3] ;
; -0.500 ; 0.500        ; 1.000          ; High Pulse Width ; i_clk ; Rise       ; HEX_block:HEX_BLOCK_UNIT|o_hex_6[4] ;
; -0.500 ; 0.500        ; 1.000          ; Low Pulse Width  ; i_clk ; Rise       ; HEX_block:HEX_BLOCK_UNIT|o_hex_6[4] ;
; -0.500 ; 0.500        ; 1.000          ; High Pulse Width ; i_clk ; Rise       ; HEX_block:HEX_BLOCK_UNIT|o_hex_6[5] ;
; -0.500 ; 0.500        ; 1.000          ; Low Pulse Width  ; i_clk ; Rise       ; HEX_block:HEX_BLOCK_UNIT|o_hex_6[5] ;
; -0.500 ; 0.500        ; 1.000          ; High Pulse Width ; i_clk ; Rise       ; HEX_block:HEX_BLOCK_UNIT|o_hex_6[6] ;
; -0.500 ; 0.500        ; 1.000          ; Low Pulse Width  ; i_clk ; Rise       ; HEX_block:HEX_BLOCK_UNIT|o_hex_6[6] ;
; -0.500 ; 0.500        ; 1.000          ; High Pulse Width ; i_clk ; Rise       ; HEX_block:HEX_BLOCK_UNIT|o_hex_7[0] ;
; -0.500 ; 0.500        ; 1.000          ; Low Pulse Width  ; i_clk ; Rise       ; HEX_block:HEX_BLOCK_UNIT|o_hex_7[0] ;
+--------+--------------+----------------+------------------+-------+------------+-------------------------------------+


+-------------------------------------------------------------------------+
; Setup Times                                                             ;
+-----------+------------+--------+--------+------------+-----------------+
; Data Port ; Clock Port ; Rise   ; Fall   ; Clock Edge ; Clock Reference ;
+-----------+------------+--------+--------+------------+-----------------+
; KEY[*]    ; i_clk      ; 4.742  ; 4.742  ; Rise       ; i_clk           ;
;  KEY[0]   ; i_clk      ; 4.742  ; 4.742  ; Rise       ; i_clk           ;
;  KEY[1]   ; i_clk      ; 4.684  ; 4.684  ; Rise       ; i_clk           ;
; SW[*]     ; i_clk      ; 4.988  ; 4.988  ; Rise       ; i_clk           ;
;  SW[0]    ; i_clk      ; 1.043  ; 1.043  ; Rise       ; i_clk           ;
;  SW[1]    ; i_clk      ; 1.326  ; 1.326  ; Rise       ; i_clk           ;
;  SW[2]    ; i_clk      ; 1.009  ; 1.009  ; Rise       ; i_clk           ;
;  SW[3]    ; i_clk      ; -0.110 ; -0.110 ; Rise       ; i_clk           ;
;  SW[4]    ; i_clk      ; -0.327 ; -0.327 ; Rise       ; i_clk           ;
;  SW[5]    ; i_clk      ; -0.381 ; -0.381 ; Rise       ; i_clk           ;
;  SW[6]    ; i_clk      ; -0.373 ; -0.373 ; Rise       ; i_clk           ;
;  SW[7]    ; i_clk      ; 1.025  ; 1.025  ; Rise       ; i_clk           ;
;  SW[8]    ; i_clk      ; 1.317  ; 1.317  ; Rise       ; i_clk           ;
;  SW[9]    ; i_clk      ; 1.152  ; 1.152  ; Rise       ; i_clk           ;
;  SW[10]   ; i_clk      ; 0.740  ; 0.740  ; Rise       ; i_clk           ;
;  SW[11]   ; i_clk      ; 0.694  ; 0.694  ; Rise       ; i_clk           ;
;  SW[12]   ; i_clk      ; 0.739  ; 0.739  ; Rise       ; i_clk           ;
;  SW[13]   ; i_clk      ; 4.988  ; 4.988  ; Rise       ; i_clk           ;
;  SW[14]   ; i_clk      ; 4.721  ; 4.721  ; Rise       ; i_clk           ;
;  SW[15]   ; i_clk      ; 4.689  ; 4.689  ; Rise       ; i_clk           ;
;  SW[16]   ; i_clk      ; 4.686  ; 4.686  ; Rise       ; i_clk           ;
+-----------+------------+--------+--------+------------+-----------------+


+-------------------------------------------------------------------------+
; Hold Times                                                              ;
+-----------+------------+--------+--------+------------+-----------------+
; Data Port ; Clock Port ; Rise   ; Fall   ; Clock Edge ; Clock Reference ;
+-----------+------------+--------+--------+------------+-----------------+
; KEY[*]    ; i_clk      ; -4.454 ; -4.454 ; Rise       ; i_clk           ;
;  KEY[0]   ; i_clk      ; -4.512 ; -4.512 ; Rise       ; i_clk           ;
;  KEY[1]   ; i_clk      ; -4.454 ; -4.454 ; Rise       ; i_clk           ;
; SW[*]     ; i_clk      ; 0.611  ; 0.611  ; Rise       ; i_clk           ;
;  SW[0]    ; i_clk      ; -0.813 ; -0.813 ; Rise       ; i_clk           ;
;  SW[1]    ; i_clk      ; -1.096 ; -1.096 ; Rise       ; i_clk           ;
;  SW[2]    ; i_clk      ; -0.779 ; -0.779 ; Rise       ; i_clk           ;
;  SW[3]    ; i_clk      ; 0.340  ; 0.340  ; Rise       ; i_clk           ;
;  SW[4]    ; i_clk      ; 0.557  ; 0.557  ; Rise       ; i_clk           ;
;  SW[5]    ; i_clk      ; 0.611  ; 0.611  ; Rise       ; i_clk           ;
;  SW[6]    ; i_clk      ; 0.603  ; 0.603  ; Rise       ; i_clk           ;
;  SW[7]    ; i_clk      ; -0.795 ; -0.795 ; Rise       ; i_clk           ;
;  SW[8]    ; i_clk      ; -1.087 ; -1.087 ; Rise       ; i_clk           ;
;  SW[9]    ; i_clk      ; -0.922 ; -0.922 ; Rise       ; i_clk           ;
;  SW[10]   ; i_clk      ; -0.510 ; -0.510 ; Rise       ; i_clk           ;
;  SW[11]   ; i_clk      ; -0.464 ; -0.464 ; Rise       ; i_clk           ;
;  SW[12]   ; i_clk      ; -0.509 ; -0.509 ; Rise       ; i_clk           ;
;  SW[13]   ; i_clk      ; -4.758 ; -4.758 ; Rise       ; i_clk           ;
;  SW[14]   ; i_clk      ; -4.491 ; -4.491 ; Rise       ; i_clk           ;
;  SW[15]   ; i_clk      ; -4.459 ; -4.459 ; Rise       ; i_clk           ;
;  SW[16]   ; i_clk      ; -4.456 ; -4.456 ; Rise       ; i_clk           ;
+-----------+------------+--------+--------+------------+-----------------+


+-------------------------------------------------------------------------+
; Clock to Output Times                                                   ;
+-----------+------------+--------+--------+------------+-----------------+
; Data Port ; Clock Port ; Rise   ; Fall   ; Clock Edge ; Clock Reference ;
+-----------+------------+--------+--------+------------+-----------------+
; HEX0[*]   ; i_clk      ; 7.682  ; 7.682  ; Rise       ; i_clk           ;
;  HEX0[0]  ; i_clk      ; 6.985  ; 6.985  ; Rise       ; i_clk           ;
;  HEX0[1]  ; i_clk      ; 7.682  ; 7.682  ; Rise       ; i_clk           ;
;  HEX0[2]  ; i_clk      ; 7.642  ; 7.642  ; Rise       ; i_clk           ;
;  HEX0[3]  ; i_clk      ; 7.422  ; 7.422  ; Rise       ; i_clk           ;
;  HEX0[4]  ; i_clk      ; 7.445  ; 7.445  ; Rise       ; i_clk           ;
;  HEX0[5]  ; i_clk      ; 7.436  ; 7.436  ; Rise       ; i_clk           ;
;  HEX0[6]  ; i_clk      ; 7.424  ; 7.424  ; Rise       ; i_clk           ;
; HEX1[*]   ; i_clk      ; 7.145  ; 7.145  ; Rise       ; i_clk           ;
;  HEX1[0]  ; i_clk      ; 7.059  ; 7.059  ; Rise       ; i_clk           ;
;  HEX1[1]  ; i_clk      ; 7.028  ; 7.028  ; Rise       ; i_clk           ;
;  HEX1[2]  ; i_clk      ; 6.835  ; 6.835  ; Rise       ; i_clk           ;
;  HEX1[3]  ; i_clk      ; 6.596  ; 6.596  ; Rise       ; i_clk           ;
;  HEX1[4]  ; i_clk      ; 6.905  ; 6.905  ; Rise       ; i_clk           ;
;  HEX1[5]  ; i_clk      ; 6.844  ; 6.844  ; Rise       ; i_clk           ;
;  HEX1[6]  ; i_clk      ; 7.145  ; 7.145  ; Rise       ; i_clk           ;
; HEX2[*]   ; i_clk      ; 7.372  ; 7.372  ; Rise       ; i_clk           ;
;  HEX2[0]  ; i_clk      ; 6.902  ; 6.902  ; Rise       ; i_clk           ;
;  HEX2[1]  ; i_clk      ; 7.337  ; 7.337  ; Rise       ; i_clk           ;
;  HEX2[2]  ; i_clk      ; 7.337  ; 7.337  ; Rise       ; i_clk           ;
;  HEX2[3]  ; i_clk      ; 7.184  ; 7.184  ; Rise       ; i_clk           ;
;  HEX2[4]  ; i_clk      ; 7.345  ; 7.345  ; Rise       ; i_clk           ;
;  HEX2[5]  ; i_clk      ; 7.372  ; 7.372  ; Rise       ; i_clk           ;
;  HEX2[6]  ; i_clk      ; 6.922  ; 6.922  ; Rise       ; i_clk           ;
; HEX3[*]   ; i_clk      ; 7.383  ; 7.383  ; Rise       ; i_clk           ;
;  HEX3[0]  ; i_clk      ; 7.362  ; 7.362  ; Rise       ; i_clk           ;
;  HEX3[1]  ; i_clk      ; 7.383  ; 7.383  ; Rise       ; i_clk           ;
;  HEX3[2]  ; i_clk      ; 7.362  ; 7.362  ; Rise       ; i_clk           ;
;  HEX3[3]  ; i_clk      ; 7.338  ; 7.338  ; Rise       ; i_clk           ;
;  HEX3[4]  ; i_clk      ; 6.920  ; 6.920  ; Rise       ; i_clk           ;
;  HEX3[5]  ; i_clk      ; 7.367  ; 7.367  ; Rise       ; i_clk           ;
;  HEX3[6]  ; i_clk      ; 7.273  ; 7.273  ; Rise       ; i_clk           ;
; HEX4[*]   ; i_clk      ; 9.850  ; 9.850  ; Rise       ; i_clk           ;
;  HEX4[0]  ; i_clk      ; 8.408  ; 8.408  ; Rise       ; i_clk           ;
;  HEX4[1]  ; i_clk      ; 8.665  ; 8.665  ; Rise       ; i_clk           ;
;  HEX4[2]  ; i_clk      ; 8.553  ; 8.553  ; Rise       ; i_clk           ;
;  HEX4[3]  ; i_clk      ; 7.989  ; 7.989  ; Rise       ; i_clk           ;
;  HEX4[4]  ; i_clk      ; 9.850  ; 9.850  ; Rise       ; i_clk           ;
;  HEX4[5]  ; i_clk      ; 8.641  ; 8.641  ; Rise       ; i_clk           ;
;  HEX4[6]  ; i_clk      ; 8.337  ; 8.337  ; Rise       ; i_clk           ;
; HEX5[*]   ; i_clk      ; 10.577 ; 10.577 ; Rise       ; i_clk           ;
;  HEX5[0]  ; i_clk      ; 8.060  ; 8.060  ; Rise       ; i_clk           ;
;  HEX5[1]  ; i_clk      ; 10.131 ; 10.131 ; Rise       ; i_clk           ;
;  HEX5[2]  ; i_clk      ; 8.112  ; 8.112  ; Rise       ; i_clk           ;
;  HEX5[3]  ; i_clk      ; 8.155  ; 8.155  ; Rise       ; i_clk           ;
;  HEX5[4]  ; i_clk      ; 10.577 ; 10.577 ; Rise       ; i_clk           ;
;  HEX5[5]  ; i_clk      ; 10.338 ; 10.338 ; Rise       ; i_clk           ;
;  HEX5[6]  ; i_clk      ; 7.970  ; 7.970  ; Rise       ; i_clk           ;
; HEX6[*]   ; i_clk      ; 10.236 ; 10.236 ; Rise       ; i_clk           ;
;  HEX6[0]  ; i_clk      ; 8.605  ; 8.605  ; Rise       ; i_clk           ;
;  HEX6[1]  ; i_clk      ; 8.780  ; 8.780  ; Rise       ; i_clk           ;
;  HEX6[2]  ; i_clk      ; 10.046 ; 10.046 ; Rise       ; i_clk           ;
;  HEX6[3]  ; i_clk      ; 9.552  ; 9.552  ; Rise       ; i_clk           ;
;  HEX6[4]  ; i_clk      ; 8.857  ; 8.857  ; Rise       ; i_clk           ;
;  HEX6[5]  ; i_clk      ; 8.761  ; 8.761  ; Rise       ; i_clk           ;
;  HEX6[6]  ; i_clk      ; 10.236 ; 10.236 ; Rise       ; i_clk           ;
; HEX7[*]   ; i_clk      ; 10.496 ; 10.496 ; Rise       ; i_clk           ;
;  HEX7[0]  ; i_clk      ; 10.496 ; 10.496 ; Rise       ; i_clk           ;
;  HEX7[1]  ; i_clk      ; 8.970  ; 8.970  ; Rise       ; i_clk           ;
;  HEX7[2]  ; i_clk      ; 10.365 ; 10.365 ; Rise       ; i_clk           ;
;  HEX7[3]  ; i_clk      ; 8.482  ; 8.482  ; Rise       ; i_clk           ;
;  HEX7[4]  ; i_clk      ; 9.997  ; 9.997  ; Rise       ; i_clk           ;
;  HEX7[5]  ; i_clk      ; 8.707  ; 8.707  ; Rise       ; i_clk           ;
;  HEX7[6]  ; i_clk      ; 9.053  ; 9.053  ; Rise       ; i_clk           ;
; LEDG[*]   ; i_clk      ; 31.752 ; 31.752 ; Rise       ; i_clk           ;
;  LEDG[0]  ; i_clk      ; 7.897  ; 7.897  ; Rise       ; i_clk           ;
;  LEDG[1]  ; i_clk      ; 7.767  ; 7.767  ; Rise       ; i_clk           ;
;  LEDG[2]  ; i_clk      ; 20.433 ; 20.433 ; Rise       ; i_clk           ;
;  LEDG[3]  ; i_clk      ; 31.752 ; 31.752 ; Rise       ; i_clk           ;
; LEDR[*]   ; i_clk      ; 9.100  ; 9.100  ; Rise       ; i_clk           ;
;  LEDR[0]  ; i_clk      ; 7.254  ; 7.254  ; Rise       ; i_clk           ;
;  LEDR[1]  ; i_clk      ; 8.549  ; 8.549  ; Rise       ; i_clk           ;
;  LEDR[2]  ; i_clk      ; 9.100  ; 9.100  ; Rise       ; i_clk           ;
;  LEDR[3]  ; i_clk      ; 8.768  ; 8.768  ; Rise       ; i_clk           ;
;  LEDR[4]  ; i_clk      ; 8.135  ; 8.135  ; Rise       ; i_clk           ;
;  LEDR[5]  ; i_clk      ; 8.195  ; 8.195  ; Rise       ; i_clk           ;
;  LEDR[6]  ; i_clk      ; 8.430  ; 8.430  ; Rise       ; i_clk           ;
;  LEDR[7]  ; i_clk      ; 7.354  ; 7.354  ; Rise       ; i_clk           ;
;  LEDR[8]  ; i_clk      ; 6.867  ; 6.867  ; Rise       ; i_clk           ;
;  LEDR[9]  ; i_clk      ; 7.121  ; 7.121  ; Rise       ; i_clk           ;
;  LEDR[10] ; i_clk      ; 6.489  ; 6.489  ; Rise       ; i_clk           ;
;  LEDR[11] ; i_clk      ; 7.153  ; 7.153  ; Rise       ; i_clk           ;
;  LEDR[12] ; i_clk      ; 6.982  ; 6.982  ; Rise       ; i_clk           ;
;  LEDR[13] ; i_clk      ; 6.507  ; 6.507  ; Rise       ; i_clk           ;
;  LEDR[14] ; i_clk      ; 6.964  ; 6.964  ; Rise       ; i_clk           ;
;  LEDR[15] ; i_clk      ; 6.988  ; 6.988  ; Rise       ; i_clk           ;
;  LEDR[16] ; i_clk      ; 7.096  ; 7.096  ; Rise       ; i_clk           ;
+-----------+------------+--------+--------+------------+-----------------+


+-------------------------------------------------------------------------+
; Minimum Clock to Output Times                                           ;
+-----------+------------+--------+--------+------------+-----------------+
; Data Port ; Clock Port ; Rise   ; Fall   ; Clock Edge ; Clock Reference ;
+-----------+------------+--------+--------+------------+-----------------+
; HEX0[*]   ; i_clk      ; 6.985  ; 6.985  ; Rise       ; i_clk           ;
;  HEX0[0]  ; i_clk      ; 6.985  ; 6.985  ; Rise       ; i_clk           ;
;  HEX0[1]  ; i_clk      ; 7.682  ; 7.682  ; Rise       ; i_clk           ;
;  HEX0[2]  ; i_clk      ; 7.642  ; 7.642  ; Rise       ; i_clk           ;
;  HEX0[3]  ; i_clk      ; 7.422  ; 7.422  ; Rise       ; i_clk           ;
;  HEX0[4]  ; i_clk      ; 7.445  ; 7.445  ; Rise       ; i_clk           ;
;  HEX0[5]  ; i_clk      ; 7.436  ; 7.436  ; Rise       ; i_clk           ;
;  HEX0[6]  ; i_clk      ; 7.424  ; 7.424  ; Rise       ; i_clk           ;
; HEX1[*]   ; i_clk      ; 6.596  ; 6.596  ; Rise       ; i_clk           ;
;  HEX1[0]  ; i_clk      ; 7.059  ; 7.059  ; Rise       ; i_clk           ;
;  HEX1[1]  ; i_clk      ; 7.028  ; 7.028  ; Rise       ; i_clk           ;
;  HEX1[2]  ; i_clk      ; 6.835  ; 6.835  ; Rise       ; i_clk           ;
;  HEX1[3]  ; i_clk      ; 6.596  ; 6.596  ; Rise       ; i_clk           ;
;  HEX1[4]  ; i_clk      ; 6.905  ; 6.905  ; Rise       ; i_clk           ;
;  HEX1[5]  ; i_clk      ; 6.844  ; 6.844  ; Rise       ; i_clk           ;
;  HEX1[6]  ; i_clk      ; 7.145  ; 7.145  ; Rise       ; i_clk           ;
; HEX2[*]   ; i_clk      ; 6.902  ; 6.902  ; Rise       ; i_clk           ;
;  HEX2[0]  ; i_clk      ; 6.902  ; 6.902  ; Rise       ; i_clk           ;
;  HEX2[1]  ; i_clk      ; 7.337  ; 7.337  ; Rise       ; i_clk           ;
;  HEX2[2]  ; i_clk      ; 7.337  ; 7.337  ; Rise       ; i_clk           ;
;  HEX2[3]  ; i_clk      ; 7.184  ; 7.184  ; Rise       ; i_clk           ;
;  HEX2[4]  ; i_clk      ; 7.345  ; 7.345  ; Rise       ; i_clk           ;
;  HEX2[5]  ; i_clk      ; 7.372  ; 7.372  ; Rise       ; i_clk           ;
;  HEX2[6]  ; i_clk      ; 6.922  ; 6.922  ; Rise       ; i_clk           ;
; HEX3[*]   ; i_clk      ; 6.920  ; 6.920  ; Rise       ; i_clk           ;
;  HEX3[0]  ; i_clk      ; 7.362  ; 7.362  ; Rise       ; i_clk           ;
;  HEX3[1]  ; i_clk      ; 7.383  ; 7.383  ; Rise       ; i_clk           ;
;  HEX3[2]  ; i_clk      ; 7.362  ; 7.362  ; Rise       ; i_clk           ;
;  HEX3[3]  ; i_clk      ; 7.338  ; 7.338  ; Rise       ; i_clk           ;
;  HEX3[4]  ; i_clk      ; 6.920  ; 6.920  ; Rise       ; i_clk           ;
;  HEX3[5]  ; i_clk      ; 7.367  ; 7.367  ; Rise       ; i_clk           ;
;  HEX3[6]  ; i_clk      ; 7.273  ; 7.273  ; Rise       ; i_clk           ;
; HEX4[*]   ; i_clk      ; 7.989  ; 7.989  ; Rise       ; i_clk           ;
;  HEX4[0]  ; i_clk      ; 8.408  ; 8.408  ; Rise       ; i_clk           ;
;  HEX4[1]  ; i_clk      ; 8.665  ; 8.665  ; Rise       ; i_clk           ;
;  HEX4[2]  ; i_clk      ; 8.553  ; 8.553  ; Rise       ; i_clk           ;
;  HEX4[3]  ; i_clk      ; 7.989  ; 7.989  ; Rise       ; i_clk           ;
;  HEX4[4]  ; i_clk      ; 9.850  ; 9.850  ; Rise       ; i_clk           ;
;  HEX4[5]  ; i_clk      ; 8.641  ; 8.641  ; Rise       ; i_clk           ;
;  HEX4[6]  ; i_clk      ; 8.337  ; 8.337  ; Rise       ; i_clk           ;
; HEX5[*]   ; i_clk      ; 7.970  ; 7.970  ; Rise       ; i_clk           ;
;  HEX5[0]  ; i_clk      ; 8.060  ; 8.060  ; Rise       ; i_clk           ;
;  HEX5[1]  ; i_clk      ; 10.131 ; 10.131 ; Rise       ; i_clk           ;
;  HEX5[2]  ; i_clk      ; 8.112  ; 8.112  ; Rise       ; i_clk           ;
;  HEX5[3]  ; i_clk      ; 8.155  ; 8.155  ; Rise       ; i_clk           ;
;  HEX5[4]  ; i_clk      ; 10.577 ; 10.577 ; Rise       ; i_clk           ;
;  HEX5[5]  ; i_clk      ; 10.338 ; 10.338 ; Rise       ; i_clk           ;
;  HEX5[6]  ; i_clk      ; 7.970  ; 7.970  ; Rise       ; i_clk           ;
; HEX6[*]   ; i_clk      ; 8.605  ; 8.605  ; Rise       ; i_clk           ;
;  HEX6[0]  ; i_clk      ; 8.605  ; 8.605  ; Rise       ; i_clk           ;
;  HEX6[1]  ; i_clk      ; 8.780  ; 8.780  ; Rise       ; i_clk           ;
;  HEX6[2]  ; i_clk      ; 10.046 ; 10.046 ; Rise       ; i_clk           ;
;  HEX6[3]  ; i_clk      ; 9.552  ; 9.552  ; Rise       ; i_clk           ;
;  HEX6[4]  ; i_clk      ; 8.857  ; 8.857  ; Rise       ; i_clk           ;
;  HEX6[5]  ; i_clk      ; 8.761  ; 8.761  ; Rise       ; i_clk           ;
;  HEX6[6]  ; i_clk      ; 10.236 ; 10.236 ; Rise       ; i_clk           ;
; HEX7[*]   ; i_clk      ; 8.482  ; 8.482  ; Rise       ; i_clk           ;
;  HEX7[0]  ; i_clk      ; 10.496 ; 10.496 ; Rise       ; i_clk           ;
;  HEX7[1]  ; i_clk      ; 8.970  ; 8.970  ; Rise       ; i_clk           ;
;  HEX7[2]  ; i_clk      ; 10.365 ; 10.365 ; Rise       ; i_clk           ;
;  HEX7[3]  ; i_clk      ; 8.482  ; 8.482  ; Rise       ; i_clk           ;
;  HEX7[4]  ; i_clk      ; 9.997  ; 9.997  ; Rise       ; i_clk           ;
;  HEX7[5]  ; i_clk      ; 8.707  ; 8.707  ; Rise       ; i_clk           ;
;  HEX7[6]  ; i_clk      ; 9.053  ; 9.053  ; Rise       ; i_clk           ;
; LEDG[*]   ; i_clk      ; 7.328  ; 7.328  ; Rise       ; i_clk           ;
;  LEDG[0]  ; i_clk      ; 7.328  ; 7.328  ; Rise       ; i_clk           ;
;  LEDG[1]  ; i_clk      ; 7.767  ; 7.767  ; Rise       ; i_clk           ;
;  LEDG[2]  ; i_clk      ; 9.885  ; 9.885  ; Rise       ; i_clk           ;
;  LEDG[3]  ; i_clk      ; 9.906  ; 9.906  ; Rise       ; i_clk           ;
; LEDR[*]   ; i_clk      ; 6.489  ; 6.489  ; Rise       ; i_clk           ;
;  LEDR[0]  ; i_clk      ; 7.254  ; 7.254  ; Rise       ; i_clk           ;
;  LEDR[1]  ; i_clk      ; 8.549  ; 8.549  ; Rise       ; i_clk           ;
;  LEDR[2]  ; i_clk      ; 9.100  ; 9.100  ; Rise       ; i_clk           ;
;  LEDR[3]  ; i_clk      ; 8.768  ; 8.768  ; Rise       ; i_clk           ;
;  LEDR[4]  ; i_clk      ; 8.135  ; 8.135  ; Rise       ; i_clk           ;
;  LEDR[5]  ; i_clk      ; 8.195  ; 8.195  ; Rise       ; i_clk           ;
;  LEDR[6]  ; i_clk      ; 8.430  ; 8.430  ; Rise       ; i_clk           ;
;  LEDR[7]  ; i_clk      ; 7.354  ; 7.354  ; Rise       ; i_clk           ;
;  LEDR[8]  ; i_clk      ; 6.867  ; 6.867  ; Rise       ; i_clk           ;
;  LEDR[9]  ; i_clk      ; 7.121  ; 7.121  ; Rise       ; i_clk           ;
;  LEDR[10] ; i_clk      ; 6.489  ; 6.489  ; Rise       ; i_clk           ;
;  LEDR[11] ; i_clk      ; 7.153  ; 7.153  ; Rise       ; i_clk           ;
;  LEDR[12] ; i_clk      ; 6.982  ; 6.982  ; Rise       ; i_clk           ;
;  LEDR[13] ; i_clk      ; 6.507  ; 6.507  ; Rise       ; i_clk           ;
;  LEDR[14] ; i_clk      ; 6.964  ; 6.964  ; Rise       ; i_clk           ;
;  LEDR[15] ; i_clk      ; 6.988  ; 6.988  ; Rise       ; i_clk           ;
;  LEDR[16] ; i_clk      ; 7.096  ; 7.096  ; Rise       ; i_clk           ;
+-----------+------------+--------+--------+------------+-----------------+


+------------------------------------------------------+
; Propagation Delay                                    ;
+------------+-------------+--------+----+----+--------+
; Input Port ; Output Port ; RR     ; RF ; FR ; FF     ;
+------------+-------------+--------+----+----+--------+
; SW[17]     ; LEDR[17]    ; 10.549 ;    ;    ; 10.549 ;
+------------+-------------+--------+----+----+--------+


+------------------------------------------------------+
; Minimum Propagation Delay                            ;
+------------+-------------+--------+----+----+--------+
; Input Port ; Output Port ; RR     ; RF ; FR ; FF     ;
+------------+-------------+--------+----+----+--------+
; SW[17]     ; LEDR[17]    ; 10.549 ;    ;    ; 10.549 ;
+------------+-------------+--------+----+----+--------+


+------------------------------------+
; Fast Model Setup Summary           ;
+----------+---------+---------------+
; Clock    ; Slack   ; End Point TNS ;
+----------+---------+---------------+
; i_clk    ; -10.196 ; -531.679      ;
; CLOCK_50 ; -0.832  ; -10.764       ;
+----------+---------+---------------+


+-----------------------------------+
; Fast Model Hold Summary           ;
+----------+--------+---------------+
; Clock    ; Slack  ; End Point TNS ;
+----------+--------+---------------+
; CLOCK_50 ; -1.602 ; -1.602        ;
; i_clk    ; 0.215  ; 0.000         ;
+----------+--------+---------------+


-------------------------------
; Fast Model Recovery Summary ;
-------------------------------
No paths to report.


------------------------------
; Fast Model Removal Summary ;
------------------------------
No paths to report.


+----------------------------------------+
; Fast Model Minimum Pulse Width Summary ;
+----------+--------+--------------------+
; Clock    ; Slack  ; End Point TNS      ;
+----------+--------+--------------------+
; CLOCK_50 ; -1.380 ; -34.380            ;
; i_clk    ; -0.500 ; -81.000            ;
+----------+--------+--------------------+


+------------------------------------------------------------------------------------------------------------------------------------+
; Fast Model Setup: 'i_clk'                                                                                                          ;
+---------+--------------+-------------------------------------+--------------+-------------+--------------+------------+------------+
; Slack   ; From Node    ; To Node                             ; Launch Clock ; Latch Clock ; Relationship ; Clock Skew ; Data Delay ;
+---------+--------------+-------------------------------------+--------------+-------------+--------------+------------+------------+
; -10.196 ; w_i_data[10] ; HEX_block:HEX_BLOCK_UNIT|o_hex_7[2] ; i_clk        ; i_clk       ; 1.000        ; 0.009      ; 11.237     ;
; -10.196 ; w_i_data[10] ; HEX_block:HEX_BLOCK_UNIT|o_hex_7[4] ; i_clk        ; i_clk       ; 1.000        ; 0.009      ; 11.237     ;
; -10.189 ; w_i_data[10] ; HEX_block:HEX_BLOCK_UNIT|o_hex_7[5] ; i_clk        ; i_clk       ; 1.000        ; 0.009      ; 11.230     ;
; -10.187 ; w_i_data[10] ; HEX_block:HEX_BLOCK_UNIT|o_hex_7[6] ; i_clk        ; i_clk       ; 1.000        ; 0.009      ; 11.228     ;
; -10.184 ; w_i_data[10] ; HEX_block:HEX_BLOCK_UNIT|o_hex_7[1] ; i_clk        ; i_clk       ; 1.000        ; 0.009      ; 11.225     ;
; -10.183 ; w_i_data[10] ; HEX_block:HEX_BLOCK_UNIT|o_hex_7[0] ; i_clk        ; i_clk       ; 1.000        ; 0.009      ; 11.224     ;
; -10.183 ; w_i_data[10] ; HEX_block:HEX_BLOCK_UNIT|o_hex_7[3] ; i_clk        ; i_clk       ; 1.000        ; 0.009      ; 11.224     ;
; -10.160 ; w_i_data[12] ; HEX_block:HEX_BLOCK_UNIT|o_hex_7[2] ; i_clk        ; i_clk       ; 1.000        ; 0.009      ; 11.201     ;
; -10.160 ; w_i_data[12] ; HEX_block:HEX_BLOCK_UNIT|o_hex_7[4] ; i_clk        ; i_clk       ; 1.000        ; 0.009      ; 11.201     ;
; -10.153 ; w_i_data[12] ; HEX_block:HEX_BLOCK_UNIT|o_hex_7[5] ; i_clk        ; i_clk       ; 1.000        ; 0.009      ; 11.194     ;
; -10.151 ; w_i_data[12] ; HEX_block:HEX_BLOCK_UNIT|o_hex_7[6] ; i_clk        ; i_clk       ; 1.000        ; 0.009      ; 11.192     ;
; -10.148 ; w_i_data[12] ; HEX_block:HEX_BLOCK_UNIT|o_hex_7[1] ; i_clk        ; i_clk       ; 1.000        ; 0.009      ; 11.189     ;
; -10.147 ; w_i_data[12] ; HEX_block:HEX_BLOCK_UNIT|o_hex_7[0] ; i_clk        ; i_clk       ; 1.000        ; 0.009      ; 11.188     ;
; -10.147 ; w_i_data[12] ; HEX_block:HEX_BLOCK_UNIT|o_hex_7[3] ; i_clk        ; i_clk       ; 1.000        ; 0.009      ; 11.188     ;
; -10.124 ; w_i_data[8]  ; HEX_block:HEX_BLOCK_UNIT|o_hex_7[2] ; i_clk        ; i_clk       ; 1.000        ; 0.009      ; 11.165     ;
; -10.124 ; w_i_data[8]  ; HEX_block:HEX_BLOCK_UNIT|o_hex_7[4] ; i_clk        ; i_clk       ; 1.000        ; 0.009      ; 11.165     ;
; -10.117 ; w_i_data[8]  ; HEX_block:HEX_BLOCK_UNIT|o_hex_7[5] ; i_clk        ; i_clk       ; 1.000        ; 0.009      ; 11.158     ;
; -10.115 ; w_i_data[8]  ; HEX_block:HEX_BLOCK_UNIT|o_hex_7[6] ; i_clk        ; i_clk       ; 1.000        ; 0.009      ; 11.156     ;
; -10.112 ; w_i_data[8]  ; HEX_block:HEX_BLOCK_UNIT|o_hex_7[1] ; i_clk        ; i_clk       ; 1.000        ; 0.009      ; 11.153     ;
; -10.111 ; w_i_data[8]  ; HEX_block:HEX_BLOCK_UNIT|o_hex_7[0] ; i_clk        ; i_clk       ; 1.000        ; 0.009      ; 11.152     ;
; -10.111 ; w_i_data[8]  ; HEX_block:HEX_BLOCK_UNIT|o_hex_7[3] ; i_clk        ; i_clk       ; 1.000        ; 0.009      ; 11.152     ;
; -10.076 ; w_i_data[13] ; HEX_block:HEX_BLOCK_UNIT|o_hex_7[2] ; i_clk        ; i_clk       ; 1.000        ; 0.008      ; 11.116     ;
; -10.076 ; w_i_data[13] ; HEX_block:HEX_BLOCK_UNIT|o_hex_7[4] ; i_clk        ; i_clk       ; 1.000        ; 0.008      ; 11.116     ;
; -10.069 ; w_i_data[13] ; HEX_block:HEX_BLOCK_UNIT|o_hex_7[5] ; i_clk        ; i_clk       ; 1.000        ; 0.008      ; 11.109     ;
; -10.067 ; w_i_data[13] ; HEX_block:HEX_BLOCK_UNIT|o_hex_7[6] ; i_clk        ; i_clk       ; 1.000        ; 0.008      ; 11.107     ;
; -10.066 ; w_i_data[9]  ; HEX_block:HEX_BLOCK_UNIT|o_hex_7[2] ; i_clk        ; i_clk       ; 1.000        ; 0.009      ; 11.107     ;
; -10.066 ; w_i_data[9]  ; HEX_block:HEX_BLOCK_UNIT|o_hex_7[4] ; i_clk        ; i_clk       ; 1.000        ; 0.009      ; 11.107     ;
; -10.064 ; w_i_data[13] ; HEX_block:HEX_BLOCK_UNIT|o_hex_7[1] ; i_clk        ; i_clk       ; 1.000        ; 0.008      ; 11.104     ;
; -10.063 ; w_i_data[10] ; HEX_block:HEX_BLOCK_UNIT|o_hex_6[3] ; i_clk        ; i_clk       ; 1.000        ; 0.009      ; 11.104     ;
; -10.063 ; w_i_data[13] ; HEX_block:HEX_BLOCK_UNIT|o_hex_7[0] ; i_clk        ; i_clk       ; 1.000        ; 0.008      ; 11.103     ;
; -10.063 ; w_i_data[13] ; HEX_block:HEX_BLOCK_UNIT|o_hex_7[3] ; i_clk        ; i_clk       ; 1.000        ; 0.008      ; 11.103     ;
; -10.062 ; w_i_data[10] ; HEX_block:HEX_BLOCK_UNIT|o_hex_6[6] ; i_clk        ; i_clk       ; 1.000        ; 0.009      ; 11.103     ;
; -10.061 ; w_i_data[10] ; HEX_block:HEX_BLOCK_UNIT|o_hex_6[1] ; i_clk        ; i_clk       ; 1.000        ; 0.009      ; 11.102     ;
; -10.059 ; w_i_data[9]  ; HEX_block:HEX_BLOCK_UNIT|o_hex_7[5] ; i_clk        ; i_clk       ; 1.000        ; 0.009      ; 11.100     ;
; -10.058 ; w_i_data[10] ; HEX_block:HEX_BLOCK_UNIT|o_hex_6[2] ; i_clk        ; i_clk       ; 1.000        ; 0.009      ; 11.099     ;
; -10.057 ; w_i_data[10] ; HEX_block:HEX_BLOCK_UNIT|o_hex_6[0] ; i_clk        ; i_clk       ; 1.000        ; 0.009      ; 11.098     ;
; -10.057 ; w_i_data[10] ; HEX_block:HEX_BLOCK_UNIT|o_hex_6[4] ; i_clk        ; i_clk       ; 1.000        ; 0.009      ; 11.098     ;
; -10.057 ; w_i_data[9]  ; HEX_block:HEX_BLOCK_UNIT|o_hex_7[6] ; i_clk        ; i_clk       ; 1.000        ; 0.009      ; 11.098     ;
; -10.054 ; w_i_data[9]  ; HEX_block:HEX_BLOCK_UNIT|o_hex_7[1] ; i_clk        ; i_clk       ; 1.000        ; 0.009      ; 11.095     ;
; -10.053 ; w_i_data[9]  ; HEX_block:HEX_BLOCK_UNIT|o_hex_7[0] ; i_clk        ; i_clk       ; 1.000        ; 0.009      ; 11.094     ;
; -10.053 ; w_i_data[9]  ; HEX_block:HEX_BLOCK_UNIT|o_hex_7[3] ; i_clk        ; i_clk       ; 1.000        ; 0.009      ; 11.094     ;
; -10.038 ; w_i_data[15] ; HEX_block:HEX_BLOCK_UNIT|o_hex_7[2] ; i_clk        ; i_clk       ; 1.000        ; 0.009      ; 11.079     ;
; -10.038 ; w_i_data[15] ; HEX_block:HEX_BLOCK_UNIT|o_hex_7[4] ; i_clk        ; i_clk       ; 1.000        ; 0.009      ; 11.079     ;
; -10.036 ; w_i_data[14] ; HEX_block:HEX_BLOCK_UNIT|o_hex_7[2] ; i_clk        ; i_clk       ; 1.000        ; 0.009      ; 11.077     ;
; -10.036 ; w_i_data[14] ; HEX_block:HEX_BLOCK_UNIT|o_hex_7[4] ; i_clk        ; i_clk       ; 1.000        ; 0.009      ; 11.077     ;
; -10.031 ; w_i_data[15] ; HEX_block:HEX_BLOCK_UNIT|o_hex_7[5] ; i_clk        ; i_clk       ; 1.000        ; 0.009      ; 11.072     ;
; -10.029 ; w_i_data[14] ; HEX_block:HEX_BLOCK_UNIT|o_hex_7[5] ; i_clk        ; i_clk       ; 1.000        ; 0.009      ; 11.070     ;
; -10.029 ; w_i_data[15] ; HEX_block:HEX_BLOCK_UNIT|o_hex_7[6] ; i_clk        ; i_clk       ; 1.000        ; 0.009      ; 11.070     ;
; -10.027 ; w_i_data[14] ; HEX_block:HEX_BLOCK_UNIT|o_hex_7[6] ; i_clk        ; i_clk       ; 1.000        ; 0.009      ; 11.068     ;
; -10.027 ; w_i_data[12] ; HEX_block:HEX_BLOCK_UNIT|o_hex_6[3] ; i_clk        ; i_clk       ; 1.000        ; 0.009      ; 11.068     ;
; -10.026 ; w_i_data[15] ; HEX_block:HEX_BLOCK_UNIT|o_hex_7[1] ; i_clk        ; i_clk       ; 1.000        ; 0.009      ; 11.067     ;
; -10.026 ; w_i_data[12] ; HEX_block:HEX_BLOCK_UNIT|o_hex_6[6] ; i_clk        ; i_clk       ; 1.000        ; 0.009      ; 11.067     ;
; -10.025 ; w_i_data[15] ; HEX_block:HEX_BLOCK_UNIT|o_hex_7[0] ; i_clk        ; i_clk       ; 1.000        ; 0.009      ; 11.066     ;
; -10.025 ; w_i_data[15] ; HEX_block:HEX_BLOCK_UNIT|o_hex_7[3] ; i_clk        ; i_clk       ; 1.000        ; 0.009      ; 11.066     ;
; -10.025 ; w_i_data[12] ; HEX_block:HEX_BLOCK_UNIT|o_hex_6[1] ; i_clk        ; i_clk       ; 1.000        ; 0.009      ; 11.066     ;
; -10.024 ; w_i_data[14] ; HEX_block:HEX_BLOCK_UNIT|o_hex_7[1] ; i_clk        ; i_clk       ; 1.000        ; 0.009      ; 11.065     ;
; -10.023 ; w_i_data[14] ; HEX_block:HEX_BLOCK_UNIT|o_hex_7[0] ; i_clk        ; i_clk       ; 1.000        ; 0.009      ; 11.064     ;
; -10.023 ; w_i_data[14] ; HEX_block:HEX_BLOCK_UNIT|o_hex_7[3] ; i_clk        ; i_clk       ; 1.000        ; 0.009      ; 11.064     ;
; -10.022 ; w_i_data[12] ; HEX_block:HEX_BLOCK_UNIT|o_hex_6[2] ; i_clk        ; i_clk       ; 1.000        ; 0.009      ; 11.063     ;
; -10.021 ; w_i_data[12] ; HEX_block:HEX_BLOCK_UNIT|o_hex_6[0] ; i_clk        ; i_clk       ; 1.000        ; 0.009      ; 11.062     ;
; -10.021 ; w_i_data[12] ; HEX_block:HEX_BLOCK_UNIT|o_hex_6[4] ; i_clk        ; i_clk       ; 1.000        ; 0.009      ; 11.062     ;
; -10.004 ; w_i_data[11] ; HEX_block:HEX_BLOCK_UNIT|o_hex_7[2] ; i_clk        ; i_clk       ; 1.000        ; 0.009      ; 11.045     ;
; -10.004 ; w_i_data[11] ; HEX_block:HEX_BLOCK_UNIT|o_hex_7[4] ; i_clk        ; i_clk       ; 1.000        ; 0.009      ; 11.045     ;
; -9.999  ; w_i_data[10] ; HEX_block:HEX_BLOCK_UNIT|o_hex_6[5] ; i_clk        ; i_clk       ; 1.000        ; 0.009      ; 11.040     ;
; -9.997  ; w_i_data[11] ; HEX_block:HEX_BLOCK_UNIT|o_hex_7[5] ; i_clk        ; i_clk       ; 1.000        ; 0.009      ; 11.038     ;
; -9.995  ; w_i_data[11] ; HEX_block:HEX_BLOCK_UNIT|o_hex_7[6] ; i_clk        ; i_clk       ; 1.000        ; 0.009      ; 11.036     ;
; -9.992  ; w_i_data[11] ; HEX_block:HEX_BLOCK_UNIT|o_hex_7[1] ; i_clk        ; i_clk       ; 1.000        ; 0.009      ; 11.033     ;
; -9.991  ; w_i_data[11] ; HEX_block:HEX_BLOCK_UNIT|o_hex_7[0] ; i_clk        ; i_clk       ; 1.000        ; 0.009      ; 11.032     ;
; -9.991  ; w_i_data[11] ; HEX_block:HEX_BLOCK_UNIT|o_hex_7[3] ; i_clk        ; i_clk       ; 1.000        ; 0.009      ; 11.032     ;
; -9.991  ; w_i_data[8]  ; HEX_block:HEX_BLOCK_UNIT|o_hex_6[3] ; i_clk        ; i_clk       ; 1.000        ; 0.009      ; 11.032     ;
; -9.990  ; w_i_data[8]  ; HEX_block:HEX_BLOCK_UNIT|o_hex_6[6] ; i_clk        ; i_clk       ; 1.000        ; 0.009      ; 11.031     ;
; -9.989  ; w_i_data[8]  ; HEX_block:HEX_BLOCK_UNIT|o_hex_6[1] ; i_clk        ; i_clk       ; 1.000        ; 0.009      ; 11.030     ;
; -9.986  ; w_i_data[8]  ; HEX_block:HEX_BLOCK_UNIT|o_hex_6[2] ; i_clk        ; i_clk       ; 1.000        ; 0.009      ; 11.027     ;
; -9.985  ; w_i_data[8]  ; HEX_block:HEX_BLOCK_UNIT|o_hex_6[0] ; i_clk        ; i_clk       ; 1.000        ; 0.009      ; 11.026     ;
; -9.985  ; w_i_data[8]  ; HEX_block:HEX_BLOCK_UNIT|o_hex_6[4] ; i_clk        ; i_clk       ; 1.000        ; 0.009      ; 11.026     ;
; -9.963  ; w_i_data[12] ; HEX_block:HEX_BLOCK_UNIT|o_hex_6[5] ; i_clk        ; i_clk       ; 1.000        ; 0.009      ; 11.004     ;
; -9.943  ; w_i_data[13] ; HEX_block:HEX_BLOCK_UNIT|o_hex_6[3] ; i_clk        ; i_clk       ; 1.000        ; 0.008      ; 10.983     ;
; -9.942  ; w_i_data[13] ; HEX_block:HEX_BLOCK_UNIT|o_hex_6[6] ; i_clk        ; i_clk       ; 1.000        ; 0.008      ; 10.982     ;
; -9.941  ; w_i_data[13] ; HEX_block:HEX_BLOCK_UNIT|o_hex_6[1] ; i_clk        ; i_clk       ; 1.000        ; 0.008      ; 10.981     ;
; -9.938  ; w_i_data[13] ; HEX_block:HEX_BLOCK_UNIT|o_hex_6[2] ; i_clk        ; i_clk       ; 1.000        ; 0.008      ; 10.978     ;
; -9.937  ; w_i_data[13] ; HEX_block:HEX_BLOCK_UNIT|o_hex_6[0] ; i_clk        ; i_clk       ; 1.000        ; 0.008      ; 10.977     ;
; -9.937  ; w_i_data[13] ; HEX_block:HEX_BLOCK_UNIT|o_hex_6[4] ; i_clk        ; i_clk       ; 1.000        ; 0.008      ; 10.977     ;
; -9.933  ; w_i_data[9]  ; HEX_block:HEX_BLOCK_UNIT|o_hex_6[3] ; i_clk        ; i_clk       ; 1.000        ; 0.009      ; 10.974     ;
; -9.932  ; w_i_data[9]  ; HEX_block:HEX_BLOCK_UNIT|o_hex_6[6] ; i_clk        ; i_clk       ; 1.000        ; 0.009      ; 10.973     ;
; -9.931  ; w_i_data[9]  ; HEX_block:HEX_BLOCK_UNIT|o_hex_6[1] ; i_clk        ; i_clk       ; 1.000        ; 0.009      ; 10.972     ;
; -9.928  ; w_i_data[9]  ; HEX_block:HEX_BLOCK_UNIT|o_hex_6[2] ; i_clk        ; i_clk       ; 1.000        ; 0.009      ; 10.969     ;
; -9.927  ; w_i_data[9]  ; HEX_block:HEX_BLOCK_UNIT|o_hex_6[0] ; i_clk        ; i_clk       ; 1.000        ; 0.009      ; 10.968     ;
; -9.927  ; w_i_data[9]  ; HEX_block:HEX_BLOCK_UNIT|o_hex_6[4] ; i_clk        ; i_clk       ; 1.000        ; 0.009      ; 10.968     ;
; -9.927  ; w_i_data[8]  ; HEX_block:HEX_BLOCK_UNIT|o_hex_6[5] ; i_clk        ; i_clk       ; 1.000        ; 0.009      ; 10.968     ;
; -9.913  ; w_i_data[5]  ; HEX_block:HEX_BLOCK_UNIT|o_hex_7[2] ; i_clk        ; i_clk       ; 1.000        ; 0.008      ; 10.953     ;
; -9.913  ; w_i_data[5]  ; HEX_block:HEX_BLOCK_UNIT|o_hex_7[4] ; i_clk        ; i_clk       ; 1.000        ; 0.008      ; 10.953     ;
; -9.906  ; w_i_data[5]  ; HEX_block:HEX_BLOCK_UNIT|o_hex_7[5] ; i_clk        ; i_clk       ; 1.000        ; 0.008      ; 10.946     ;
; -9.905  ; w_i_data[15] ; HEX_block:HEX_BLOCK_UNIT|o_hex_6[3] ; i_clk        ; i_clk       ; 1.000        ; 0.009      ; 10.946     ;
; -9.905  ; w_i_data[3]  ; HEX_block:HEX_BLOCK_UNIT|o_hex_7[2] ; i_clk        ; i_clk       ; 1.000        ; 0.008      ; 10.945     ;
; -9.905  ; w_i_data[3]  ; HEX_block:HEX_BLOCK_UNIT|o_hex_7[4] ; i_clk        ; i_clk       ; 1.000        ; 0.008      ; 10.945     ;
; -9.904  ; w_i_data[15] ; HEX_block:HEX_BLOCK_UNIT|o_hex_6[6] ; i_clk        ; i_clk       ; 1.000        ; 0.009      ; 10.945     ;
; -9.904  ; w_i_data[5]  ; HEX_block:HEX_BLOCK_UNIT|o_hex_7[6] ; i_clk        ; i_clk       ; 1.000        ; 0.008      ; 10.944     ;
; -9.903  ; w_i_data[14] ; HEX_block:HEX_BLOCK_UNIT|o_hex_6[3] ; i_clk        ; i_clk       ; 1.000        ; 0.009      ; 10.944     ;
; -9.903  ; w_i_data[15] ; HEX_block:HEX_BLOCK_UNIT|o_hex_6[1] ; i_clk        ; i_clk       ; 1.000        ; 0.009      ; 10.944     ;
; -9.902  ; w_i_data[14] ; HEX_block:HEX_BLOCK_UNIT|o_hex_6[6] ; i_clk        ; i_clk       ; 1.000        ; 0.009      ; 10.943     ;
+---------+--------------+-------------------------------------+--------------+-------------+--------------+------------+------------+


+------------------------------------------------------------------------------------------------------+
; Fast Model Setup: 'CLOCK_50'                                                                         ;
+--------+-----------+-----------+--------------+-------------+--------------+------------+------------+
; Slack  ; From Node ; To Node   ; Launch Clock ; Latch Clock ; Relationship ; Clock Skew ; Data Delay ;
+--------+-----------+-----------+--------------+-------------+--------------+------------+------------+
; -0.832 ; count[0]  ; count[31] ; CLOCK_50     ; CLOCK_50    ; 1.000        ; 0.005      ; 1.869      ;
; -0.797 ; count[0]  ; count[30] ; CLOCK_50     ; CLOCK_50    ; 1.000        ; 0.005      ; 1.834      ;
; -0.793 ; count[1]  ; count[31] ; CLOCK_50     ; CLOCK_50    ; 1.000        ; 0.005      ; 1.830      ;
; -0.763 ; count[2]  ; count[31] ; CLOCK_50     ; CLOCK_50    ; 1.000        ; 0.005      ; 1.800      ;
; -0.762 ; count[0]  ; count[29] ; CLOCK_50     ; CLOCK_50    ; 1.000        ; 0.005      ; 1.799      ;
; -0.758 ; count[1]  ; count[30] ; CLOCK_50     ; CLOCK_50    ; 1.000        ; 0.005      ; 1.795      ;
; -0.741 ; count[3]  ; count[31] ; CLOCK_50     ; CLOCK_50    ; 1.000        ; 0.005      ; 1.778      ;
; -0.728 ; count[2]  ; count[30] ; CLOCK_50     ; CLOCK_50    ; 1.000        ; 0.005      ; 1.765      ;
; -0.727 ; count[0]  ; count[28] ; CLOCK_50     ; CLOCK_50    ; 1.000        ; 0.005      ; 1.764      ;
; -0.723 ; count[1]  ; count[29] ; CLOCK_50     ; CLOCK_50    ; 1.000        ; 0.005      ; 1.760      ;
; -0.706 ; count[3]  ; count[30] ; CLOCK_50     ; CLOCK_50    ; 1.000        ; 0.005      ; 1.743      ;
; -0.694 ; count[4]  ; count[31] ; CLOCK_50     ; CLOCK_50    ; 1.000        ; 0.005      ; 1.731      ;
; -0.693 ; count[2]  ; count[29] ; CLOCK_50     ; CLOCK_50    ; 1.000        ; 0.005      ; 1.730      ;
; -0.692 ; count[0]  ; count[27] ; CLOCK_50     ; CLOCK_50    ; 1.000        ; 0.005      ; 1.729      ;
; -0.688 ; count[1]  ; count[28] ; CLOCK_50     ; CLOCK_50    ; 1.000        ; 0.005      ; 1.725      ;
; -0.672 ; count[5]  ; count[31] ; CLOCK_50     ; CLOCK_50    ; 1.000        ; 0.005      ; 1.709      ;
; -0.671 ; count[3]  ; count[29] ; CLOCK_50     ; CLOCK_50    ; 1.000        ; 0.005      ; 1.708      ;
; -0.659 ; count[4]  ; count[30] ; CLOCK_50     ; CLOCK_50    ; 1.000        ; 0.005      ; 1.696      ;
; -0.658 ; count[2]  ; count[28] ; CLOCK_50     ; CLOCK_50    ; 1.000        ; 0.005      ; 1.695      ;
; -0.657 ; count[0]  ; count[26] ; CLOCK_50     ; CLOCK_50    ; 1.000        ; 0.005      ; 1.694      ;
; -0.653 ; count[1]  ; count[27] ; CLOCK_50     ; CLOCK_50    ; 1.000        ; 0.005      ; 1.690      ;
; -0.637 ; count[6]  ; count[31] ; CLOCK_50     ; CLOCK_50    ; 1.000        ; 0.005      ; 1.674      ;
; -0.637 ; count[5]  ; count[30] ; CLOCK_50     ; CLOCK_50    ; 1.000        ; 0.005      ; 1.674      ;
; -0.636 ; count[3]  ; count[28] ; CLOCK_50     ; CLOCK_50    ; 1.000        ; 0.005      ; 1.673      ;
; -0.624 ; count[4]  ; count[29] ; CLOCK_50     ; CLOCK_50    ; 1.000        ; 0.005      ; 1.661      ;
; -0.623 ; count[2]  ; count[27] ; CLOCK_50     ; CLOCK_50    ; 1.000        ; 0.005      ; 1.660      ;
; -0.622 ; count[0]  ; count[25] ; CLOCK_50     ; CLOCK_50    ; 1.000        ; 0.005      ; 1.659      ;
; -0.618 ; count[1]  ; count[26] ; CLOCK_50     ; CLOCK_50    ; 1.000        ; 0.005      ; 1.655      ;
; -0.602 ; count[6]  ; count[30] ; CLOCK_50     ; CLOCK_50    ; 1.000        ; 0.005      ; 1.639      ;
; -0.602 ; count[5]  ; count[29] ; CLOCK_50     ; CLOCK_50    ; 1.000        ; 0.005      ; 1.639      ;
; -0.601 ; count[3]  ; count[27] ; CLOCK_50     ; CLOCK_50    ; 1.000        ; 0.005      ; 1.638      ;
; -0.589 ; count[4]  ; count[28] ; CLOCK_50     ; CLOCK_50    ; 1.000        ; 0.005      ; 1.626      ;
; -0.588 ; count[2]  ; count[26] ; CLOCK_50     ; CLOCK_50    ; 1.000        ; 0.005      ; 1.625      ;
; -0.587 ; count[0]  ; count[24] ; CLOCK_50     ; CLOCK_50    ; 1.000        ; 0.005      ; 1.624      ;
; -0.585 ; count[7]  ; count[31] ; CLOCK_50     ; CLOCK_50    ; 1.000        ; 0.005      ; 1.622      ;
; -0.583 ; count[1]  ; count[25] ; CLOCK_50     ; CLOCK_50    ; 1.000        ; 0.005      ; 1.620      ;
; -0.567 ; count[6]  ; count[29] ; CLOCK_50     ; CLOCK_50    ; 1.000        ; 0.005      ; 1.604      ;
; -0.567 ; count[5]  ; count[28] ; CLOCK_50     ; CLOCK_50    ; 1.000        ; 0.005      ; 1.604      ;
; -0.566 ; count[3]  ; count[26] ; CLOCK_50     ; CLOCK_50    ; 1.000        ; 0.005      ; 1.603      ;
; -0.554 ; count[4]  ; count[27] ; CLOCK_50     ; CLOCK_50    ; 1.000        ; 0.005      ; 1.591      ;
; -0.553 ; count[22] ; i_clk     ; CLOCK_50     ; CLOCK_50    ; 1.000        ; 0.009      ; 1.594      ;
; -0.553 ; count[2]  ; count[25] ; CLOCK_50     ; CLOCK_50    ; 1.000        ; 0.005      ; 1.590      ;
; -0.552 ; count[22] ; count[0]  ; CLOCK_50     ; CLOCK_50    ; 1.000        ; -0.005     ; 1.579      ;
; -0.550 ; count[7]  ; count[30] ; CLOCK_50     ; CLOCK_50    ; 1.000        ; 0.005      ; 1.587      ;
; -0.548 ; count[1]  ; count[24] ; CLOCK_50     ; CLOCK_50    ; 1.000        ; 0.005      ; 1.585      ;
; -0.539 ; count[22] ; count[1]  ; CLOCK_50     ; CLOCK_50    ; 1.000        ; -0.005     ; 1.566      ;
; -0.532 ; count[6]  ; count[28] ; CLOCK_50     ; CLOCK_50    ; 1.000        ; 0.005      ; 1.569      ;
; -0.532 ; count[5]  ; count[27] ; CLOCK_50     ; CLOCK_50    ; 1.000        ; 0.005      ; 1.569      ;
; -0.531 ; count[3]  ; count[25] ; CLOCK_50     ; CLOCK_50    ; 1.000        ; 0.005      ; 1.568      ;
; -0.522 ; count[6]  ; count[0]  ; CLOCK_50     ; CLOCK_50    ; 1.000        ; 0.000      ; 1.554      ;
; -0.520 ; count[14] ; count[0]  ; CLOCK_50     ; CLOCK_50    ; 1.000        ; 0.000      ; 1.552      ;
; -0.519 ; count[4]  ; count[26] ; CLOCK_50     ; CLOCK_50    ; 1.000        ; 0.005      ; 1.556      ;
; -0.518 ; count[2]  ; count[24] ; CLOCK_50     ; CLOCK_50    ; 1.000        ; 0.005      ; 1.555      ;
; -0.515 ; count[7]  ; count[29] ; CLOCK_50     ; CLOCK_50    ; 1.000        ; 0.005      ; 1.552      ;
; -0.509 ; count[6]  ; count[1]  ; CLOCK_50     ; CLOCK_50    ; 1.000        ; 0.000      ; 1.541      ;
; -0.507 ; count[8]  ; count[31] ; CLOCK_50     ; CLOCK_50    ; 1.000        ; 0.005      ; 1.544      ;
; -0.507 ; count[14] ; count[1]  ; CLOCK_50     ; CLOCK_50    ; 1.000        ; 0.000      ; 1.539      ;
; -0.497 ; count[6]  ; count[27] ; CLOCK_50     ; CLOCK_50    ; 1.000        ; 0.005      ; 1.534      ;
; -0.497 ; count[5]  ; count[26] ; CLOCK_50     ; CLOCK_50    ; 1.000        ; 0.005      ; 1.534      ;
; -0.496 ; count[3]  ; count[24] ; CLOCK_50     ; CLOCK_50    ; 1.000        ; 0.005      ; 1.533      ;
; -0.495 ; count[30] ; i_clk     ; CLOCK_50     ; CLOCK_50    ; 1.000        ; 0.009      ; 1.536      ;
; -0.494 ; count[30] ; count[0]  ; CLOCK_50     ; CLOCK_50    ; 1.000        ; -0.005     ; 1.521      ;
; -0.493 ; count[0]  ; count[23] ; CLOCK_50     ; CLOCK_50    ; 1.000        ; 0.005      ; 1.530      ;
; -0.487 ; count[15] ; count[0]  ; CLOCK_50     ; CLOCK_50    ; 1.000        ; 0.000      ; 1.519      ;
; -0.486 ; count[13] ; count[0]  ; CLOCK_50     ; CLOCK_50    ; 1.000        ; 0.000      ; 1.518      ;
; -0.484 ; count[4]  ; count[25] ; CLOCK_50     ; CLOCK_50    ; 1.000        ; 0.005      ; 1.521      ;
; -0.481 ; count[30] ; count[1]  ; CLOCK_50     ; CLOCK_50    ; 1.000        ; -0.005     ; 1.508      ;
; -0.480 ; count[7]  ; count[28] ; CLOCK_50     ; CLOCK_50    ; 1.000        ; 0.005      ; 1.517      ;
; -0.480 ; count[20] ; i_clk     ; CLOCK_50     ; CLOCK_50    ; 1.000        ; 0.009      ; 1.521      ;
; -0.479 ; count[20] ; count[0]  ; CLOCK_50     ; CLOCK_50    ; 1.000        ; -0.005     ; 1.506      ;
; -0.479 ; count[1]  ; count[0]  ; CLOCK_50     ; CLOCK_50    ; 1.000        ; 0.000      ; 1.511      ;
; -0.474 ; count[15] ; count[1]  ; CLOCK_50     ; CLOCK_50    ; 1.000        ; 0.000      ; 1.506      ;
; -0.473 ; count[13] ; count[1]  ; CLOCK_50     ; CLOCK_50    ; 1.000        ; 0.000      ; 1.505      ;
; -0.472 ; count[8]  ; count[30] ; CLOCK_50     ; CLOCK_50    ; 1.000        ; 0.005      ; 1.509      ;
; -0.468 ; count[7]  ; count[0]  ; CLOCK_50     ; CLOCK_50    ; 1.000        ; 0.000      ; 1.500      ;
; -0.468 ; count[2]  ; count[0]  ; CLOCK_50     ; CLOCK_50    ; 1.000        ; 0.000      ; 1.500      ;
; -0.466 ; count[20] ; count[1]  ; CLOCK_50     ; CLOCK_50    ; 1.000        ; -0.005     ; 1.493      ;
; -0.466 ; count[1]  ; count[1]  ; CLOCK_50     ; CLOCK_50    ; 1.000        ; 0.000      ; 1.498      ;
; -0.464 ; count[31] ; i_clk     ; CLOCK_50     ; CLOCK_50    ; 1.000        ; 0.009      ; 1.505      ;
; -0.463 ; count[29] ; i_clk     ; CLOCK_50     ; CLOCK_50    ; 1.000        ; 0.009      ; 1.504      ;
; -0.463 ; count[31] ; count[0]  ; CLOCK_50     ; CLOCK_50    ; 1.000        ; -0.005     ; 1.490      ;
; -0.462 ; count[6]  ; count[26] ; CLOCK_50     ; CLOCK_50    ; 1.000        ; 0.005      ; 1.499      ;
; -0.462 ; count[5]  ; count[25] ; CLOCK_50     ; CLOCK_50    ; 1.000        ; 0.005      ; 1.499      ;
; -0.462 ; count[29] ; count[0]  ; CLOCK_50     ; CLOCK_50    ; 1.000        ; -0.005     ; 1.489      ;
; -0.459 ; count[9]  ; count[31] ; CLOCK_50     ; CLOCK_50    ; 1.000        ; 0.005      ; 1.496      ;
; -0.458 ; count[0]  ; count[22] ; CLOCK_50     ; CLOCK_50    ; 1.000        ; 0.005      ; 1.495      ;
; -0.455 ; count[7]  ; count[1]  ; CLOCK_50     ; CLOCK_50    ; 1.000        ; 0.000      ; 1.487      ;
; -0.455 ; count[2]  ; count[1]  ; CLOCK_50     ; CLOCK_50    ; 1.000        ; 0.000      ; 1.487      ;
; -0.454 ; count[1]  ; count[23] ; CLOCK_50     ; CLOCK_50    ; 1.000        ; 0.005      ; 1.491      ;
; -0.450 ; count[31] ; count[1]  ; CLOCK_50     ; CLOCK_50    ; 1.000        ; -0.005     ; 1.477      ;
; -0.449 ; count[4]  ; count[24] ; CLOCK_50     ; CLOCK_50    ; 1.000        ; 0.005      ; 1.486      ;
; -0.449 ; count[29] ; count[1]  ; CLOCK_50     ; CLOCK_50    ; 1.000        ; -0.005     ; 1.476      ;
; -0.445 ; count[7]  ; count[27] ; CLOCK_50     ; CLOCK_50    ; 1.000        ; 0.005      ; 1.482      ;
; -0.444 ; count[23] ; i_clk     ; CLOCK_50     ; CLOCK_50    ; 1.000        ; 0.009      ; 1.485      ;
; -0.443 ; count[23] ; count[0]  ; CLOCK_50     ; CLOCK_50    ; 1.000        ; -0.005     ; 1.470      ;
; -0.442 ; count[5]  ; count[0]  ; CLOCK_50     ; CLOCK_50    ; 1.000        ; 0.000      ; 1.474      ;
; -0.437 ; count[10] ; count[31] ; CLOCK_50     ; CLOCK_50    ; 1.000        ; 0.005      ; 1.474      ;
; -0.437 ; count[8]  ; count[29] ; CLOCK_50     ; CLOCK_50    ; 1.000        ; 0.005      ; 1.474      ;
; -0.437 ; count[27] ; i_clk     ; CLOCK_50     ; CLOCK_50    ; 1.000        ; 0.009      ; 1.478      ;
; -0.436 ; count[27] ; count[0]  ; CLOCK_50     ; CLOCK_50    ; 1.000        ; -0.005     ; 1.463      ;
+--------+-----------+-----------+--------------+-------------+--------------+------------+------------+


+------------------------------------------------------------------------------------------------------+
; Fast Model Hold: 'CLOCK_50'                                                                          ;
+--------+-----------+-----------+--------------+-------------+--------------+------------+------------+
; Slack  ; From Node ; To Node   ; Launch Clock ; Latch Clock ; Relationship ; Clock Skew ; Data Delay ;
+--------+-----------+-----------+--------------+-------------+--------------+------------+------------+
; -1.602 ; i_clk     ; i_clk     ; i_clk        ; CLOCK_50    ; 0.000        ; 1.676      ; 0.367      ;
; -1.102 ; i_clk     ; i_clk     ; i_clk        ; CLOCK_50    ; -0.500       ; 1.676      ; 0.367      ;
; 0.243  ; count[31] ; count[31] ; CLOCK_50     ; CLOCK_50    ; 0.000        ; 0.000      ; 0.395      ;
; 0.355  ; count[16] ; count[16] ; CLOCK_50     ; CLOCK_50    ; 0.000        ; 0.000      ; 0.507      ;
; 0.359  ; count[17] ; count[17] ; CLOCK_50     ; CLOCK_50    ; 0.000        ; 0.000      ; 0.511      ;
; 0.360  ; count[9]  ; count[9]  ; CLOCK_50     ; CLOCK_50    ; 0.000        ; 0.000      ; 0.512      ;
; 0.360  ; count[11] ; count[11] ; CLOCK_50     ; CLOCK_50    ; 0.000        ; 0.000      ; 0.512      ;
; 0.360  ; count[2]  ; count[2]  ; CLOCK_50     ; CLOCK_50    ; 0.000        ; 0.000      ; 0.512      ;
; 0.360  ; count[18] ; count[18] ; CLOCK_50     ; CLOCK_50    ; 0.000        ; 0.000      ; 0.512      ;
; 0.360  ; count[25] ; count[25] ; CLOCK_50     ; CLOCK_50    ; 0.000        ; 0.000      ; 0.512      ;
; 0.360  ; count[27] ; count[27] ; CLOCK_50     ; CLOCK_50    ; 0.000        ; 0.000      ; 0.512      ;
; 0.361  ; count[4]  ; count[4]  ; CLOCK_50     ; CLOCK_50    ; 0.000        ; 0.000      ; 0.513      ;
; 0.361  ; count[7]  ; count[7]  ; CLOCK_50     ; CLOCK_50    ; 0.000        ; 0.000      ; 0.513      ;
; 0.361  ; count[14] ; count[14] ; CLOCK_50     ; CLOCK_50    ; 0.000        ; 0.000      ; 0.513      ;
; 0.361  ; count[13] ; count[13] ; CLOCK_50     ; CLOCK_50    ; 0.000        ; 0.000      ; 0.513      ;
; 0.361  ; count[15] ; count[15] ; CLOCK_50     ; CLOCK_50    ; 0.000        ; 0.000      ; 0.513      ;
; 0.361  ; count[20] ; count[20] ; CLOCK_50     ; CLOCK_50    ; 0.000        ; 0.000      ; 0.513      ;
; 0.361  ; count[23] ; count[23] ; CLOCK_50     ; CLOCK_50    ; 0.000        ; 0.000      ; 0.513      ;
; 0.361  ; count[29] ; count[29] ; CLOCK_50     ; CLOCK_50    ; 0.000        ; 0.000      ; 0.513      ;
; 0.361  ; count[30] ; count[30] ; CLOCK_50     ; CLOCK_50    ; 0.000        ; 0.000      ; 0.513      ;
; 0.371  ; count[8]  ; count[8]  ; CLOCK_50     ; CLOCK_50    ; 0.000        ; 0.000      ; 0.523      ;
; 0.371  ; count[10] ; count[10] ; CLOCK_50     ; CLOCK_50    ; 0.000        ; 0.000      ; 0.523      ;
; 0.371  ; count[3]  ; count[3]  ; CLOCK_50     ; CLOCK_50    ; 0.000        ; 0.000      ; 0.523      ;
; 0.371  ; count[19] ; count[19] ; CLOCK_50     ; CLOCK_50    ; 0.000        ; 0.000      ; 0.523      ;
; 0.371  ; count[24] ; count[24] ; CLOCK_50     ; CLOCK_50    ; 0.000        ; 0.000      ; 0.523      ;
; 0.371  ; count[26] ; count[26] ; CLOCK_50     ; CLOCK_50    ; 0.000        ; 0.000      ; 0.523      ;
; 0.372  ; count[6]  ; count[6]  ; CLOCK_50     ; CLOCK_50    ; 0.000        ; 0.000      ; 0.524      ;
; 0.372  ; count[5]  ; count[5]  ; CLOCK_50     ; CLOCK_50    ; 0.000        ; 0.000      ; 0.524      ;
; 0.372  ; count[12] ; count[12] ; CLOCK_50     ; CLOCK_50    ; 0.000        ; 0.000      ; 0.524      ;
; 0.372  ; count[21] ; count[21] ; CLOCK_50     ; CLOCK_50    ; 0.000        ; 0.000      ; 0.524      ;
; 0.372  ; count[22] ; count[22] ; CLOCK_50     ; CLOCK_50    ; 0.000        ; 0.000      ; 0.524      ;
; 0.372  ; count[28] ; count[28] ; CLOCK_50     ; CLOCK_50    ; 0.000        ; 0.000      ; 0.524      ;
; 0.493  ; count[16] ; count[17] ; CLOCK_50     ; CLOCK_50    ; 0.000        ; 0.000      ; 0.645      ;
; 0.493  ; count[1]  ; count[2]  ; CLOCK_50     ; CLOCK_50    ; 0.000        ; 0.000      ; 0.645      ;
; 0.497  ; count[17] ; count[18] ; CLOCK_50     ; CLOCK_50    ; 0.000        ; 0.000      ; 0.649      ;
; 0.498  ; count[9]  ; count[10] ; CLOCK_50     ; CLOCK_50    ; 0.000        ; 0.000      ; 0.650      ;
; 0.498  ; count[2]  ; count[3]  ; CLOCK_50     ; CLOCK_50    ; 0.000        ; 0.000      ; 0.650      ;
; 0.498  ; count[18] ; count[19] ; CLOCK_50     ; CLOCK_50    ; 0.000        ; 0.000      ; 0.650      ;
; 0.498  ; count[25] ; count[26] ; CLOCK_50     ; CLOCK_50    ; 0.000        ; 0.000      ; 0.650      ;
; 0.498  ; count[11] ; count[12] ; CLOCK_50     ; CLOCK_50    ; 0.000        ; 0.000      ; 0.650      ;
; 0.498  ; count[27] ; count[28] ; CLOCK_50     ; CLOCK_50    ; 0.000        ; 0.000      ; 0.650      ;
; 0.499  ; count[30] ; count[31] ; CLOCK_50     ; CLOCK_50    ; 0.000        ; 0.000      ; 0.651      ;
; 0.499  ; count[13] ; count[14] ; CLOCK_50     ; CLOCK_50    ; 0.000        ; 0.000      ; 0.651      ;
; 0.499  ; count[14] ; count[15] ; CLOCK_50     ; CLOCK_50    ; 0.000        ; 0.000      ; 0.651      ;
; 0.499  ; count[29] ; count[30] ; CLOCK_50     ; CLOCK_50    ; 0.000        ; 0.000      ; 0.651      ;
; 0.499  ; count[4]  ; count[5]  ; CLOCK_50     ; CLOCK_50    ; 0.000        ; 0.000      ; 0.651      ;
; 0.499  ; count[20] ; count[21] ; CLOCK_50     ; CLOCK_50    ; 0.000        ; 0.000      ; 0.651      ;
; 0.511  ; count[8]  ; count[9]  ; CLOCK_50     ; CLOCK_50    ; 0.000        ; 0.000      ; 0.663      ;
; 0.511  ; count[10] ; count[11] ; CLOCK_50     ; CLOCK_50    ; 0.000        ; 0.000      ; 0.663      ;
; 0.511  ; count[24] ; count[25] ; CLOCK_50     ; CLOCK_50    ; 0.000        ; 0.000      ; 0.663      ;
; 0.511  ; count[26] ; count[27] ; CLOCK_50     ; CLOCK_50    ; 0.000        ; 0.000      ; 0.663      ;
; 0.511  ; count[3]  ; count[4]  ; CLOCK_50     ; CLOCK_50    ; 0.000        ; 0.000      ; 0.663      ;
; 0.511  ; count[19] ; count[20] ; CLOCK_50     ; CLOCK_50    ; 0.000        ; 0.000      ; 0.663      ;
; 0.512  ; count[6]  ; count[7]  ; CLOCK_50     ; CLOCK_50    ; 0.000        ; 0.000      ; 0.664      ;
; 0.512  ; count[12] ; count[13] ; CLOCK_50     ; CLOCK_50    ; 0.000        ; 0.000      ; 0.664      ;
; 0.512  ; count[22] ; count[23] ; CLOCK_50     ; CLOCK_50    ; 0.000        ; 0.000      ; 0.664      ;
; 0.512  ; count[28] ; count[29] ; CLOCK_50     ; CLOCK_50    ; 0.000        ; 0.000      ; 0.664      ;
; 0.512  ; count[5]  ; count[6]  ; CLOCK_50     ; CLOCK_50    ; 0.000        ; 0.000      ; 0.664      ;
; 0.512  ; count[21] ; count[22] ; CLOCK_50     ; CLOCK_50    ; 0.000        ; 0.000      ; 0.664      ;
; 0.528  ; count[16] ; count[18] ; CLOCK_50     ; CLOCK_50    ; 0.000        ; 0.000      ; 0.680      ;
; 0.528  ; count[1]  ; count[3]  ; CLOCK_50     ; CLOCK_50    ; 0.000        ; 0.000      ; 0.680      ;
; 0.532  ; count[0]  ; count[2]  ; CLOCK_50     ; CLOCK_50    ; 0.000        ; 0.000      ; 0.684      ;
; 0.532  ; count[17] ; count[19] ; CLOCK_50     ; CLOCK_50    ; 0.000        ; 0.000      ; 0.684      ;
; 0.533  ; count[9]  ; count[11] ; CLOCK_50     ; CLOCK_50    ; 0.000        ; 0.000      ; 0.685      ;
; 0.533  ; count[25] ; count[27] ; CLOCK_50     ; CLOCK_50    ; 0.000        ; 0.000      ; 0.685      ;
; 0.533  ; count[2]  ; count[4]  ; CLOCK_50     ; CLOCK_50    ; 0.000        ; 0.000      ; 0.685      ;
; 0.533  ; count[18] ; count[20] ; CLOCK_50     ; CLOCK_50    ; 0.000        ; 0.000      ; 0.685      ;
; 0.533  ; count[11] ; count[13] ; CLOCK_50     ; CLOCK_50    ; 0.000        ; 0.000      ; 0.685      ;
; 0.533  ; count[27] ; count[29] ; CLOCK_50     ; CLOCK_50    ; 0.000        ; 0.000      ; 0.685      ;
; 0.534  ; count[29] ; count[31] ; CLOCK_50     ; CLOCK_50    ; 0.000        ; 0.000      ; 0.686      ;
; 0.534  ; count[13] ; count[15] ; CLOCK_50     ; CLOCK_50    ; 0.000        ; 0.000      ; 0.686      ;
; 0.534  ; count[4]  ; count[6]  ; CLOCK_50     ; CLOCK_50    ; 0.000        ; 0.000      ; 0.686      ;
; 0.534  ; count[20] ; count[22] ; CLOCK_50     ; CLOCK_50    ; 0.000        ; 0.000      ; 0.686      ;
; 0.541  ; count[15] ; count[16] ; CLOCK_50     ; CLOCK_50    ; 0.000        ; 0.005      ; 0.698      ;
; 0.546  ; count[8]  ; count[10] ; CLOCK_50     ; CLOCK_50    ; 0.000        ; 0.000      ; 0.698      ;
; 0.546  ; count[24] ; count[26] ; CLOCK_50     ; CLOCK_50    ; 0.000        ; 0.000      ; 0.698      ;
; 0.546  ; count[10] ; count[12] ; CLOCK_50     ; CLOCK_50    ; 0.000        ; 0.000      ; 0.698      ;
; 0.546  ; count[26] ; count[28] ; CLOCK_50     ; CLOCK_50    ; 0.000        ; 0.000      ; 0.698      ;
; 0.546  ; count[3]  ; count[5]  ; CLOCK_50     ; CLOCK_50    ; 0.000        ; 0.000      ; 0.698      ;
; 0.546  ; count[19] ; count[21] ; CLOCK_50     ; CLOCK_50    ; 0.000        ; 0.000      ; 0.698      ;
; 0.547  ; count[12] ; count[14] ; CLOCK_50     ; CLOCK_50    ; 0.000        ; 0.000      ; 0.699      ;
; 0.547  ; count[28] ; count[30] ; CLOCK_50     ; CLOCK_50    ; 0.000        ; 0.000      ; 0.699      ;
; 0.547  ; count[5]  ; count[7]  ; CLOCK_50     ; CLOCK_50    ; 0.000        ; 0.000      ; 0.699      ;
; 0.547  ; count[21] ; count[23] ; CLOCK_50     ; CLOCK_50    ; 0.000        ; 0.000      ; 0.699      ;
; 0.554  ; count[7]  ; count[8]  ; CLOCK_50     ; CLOCK_50    ; 0.000        ; 0.000      ; 0.706      ;
; 0.554  ; count[23] ; count[24] ; CLOCK_50     ; CLOCK_50    ; 0.000        ; 0.000      ; 0.706      ;
; 0.563  ; count[16] ; count[19] ; CLOCK_50     ; CLOCK_50    ; 0.000        ; 0.000      ; 0.715      ;
; 0.563  ; count[1]  ; count[4]  ; CLOCK_50     ; CLOCK_50    ; 0.000        ; 0.000      ; 0.715      ;
; 0.567  ; count[0]  ; count[3]  ; CLOCK_50     ; CLOCK_50    ; 0.000        ; 0.000      ; 0.719      ;
; 0.567  ; count[17] ; count[20] ; CLOCK_50     ; CLOCK_50    ; 0.000        ; 0.000      ; 0.719      ;
; 0.568  ; count[9]  ; count[12] ; CLOCK_50     ; CLOCK_50    ; 0.000        ; 0.000      ; 0.720      ;
; 0.568  ; count[25] ; count[28] ; CLOCK_50     ; CLOCK_50    ; 0.000        ; 0.000      ; 0.720      ;
; 0.568  ; count[2]  ; count[5]  ; CLOCK_50     ; CLOCK_50    ; 0.000        ; 0.000      ; 0.720      ;
; 0.568  ; count[18] ; count[21] ; CLOCK_50     ; CLOCK_50    ; 0.000        ; 0.000      ; 0.720      ;
; 0.568  ; count[11] ; count[14] ; CLOCK_50     ; CLOCK_50    ; 0.000        ; 0.000      ; 0.720      ;
; 0.568  ; count[27] ; count[30] ; CLOCK_50     ; CLOCK_50    ; 0.000        ; 0.000      ; 0.720      ;
; 0.569  ; count[4]  ; count[7]  ; CLOCK_50     ; CLOCK_50    ; 0.000        ; 0.000      ; 0.721      ;
; 0.569  ; count[20] ; count[23] ; CLOCK_50     ; CLOCK_50    ; 0.000        ; 0.000      ; 0.721      ;
; 0.576  ; count[15] ; count[17] ; CLOCK_50     ; CLOCK_50    ; 0.000        ; 0.005      ; 0.733      ;
; 0.581  ; count[8]  ; count[11] ; CLOCK_50     ; CLOCK_50    ; 0.000        ; 0.000      ; 0.733      ;
+--------+-----------+-----------+--------------+-------------+--------------+------------+------------+


+-----------------------------------------------------------------------------------------------------------------------------------------------------------------------------------+
; Fast Model Hold: 'i_clk'                                                                                                                                                          ;
+-------+--------------------------------------------------+--------------------------------------------------+--------------+-------------+--------------+------------+------------+
; Slack ; From Node                                        ; To Node                                          ; Launch Clock ; Latch Clock ; Relationship ; Clock Skew ; Data Delay ;
+-------+--------------------------------------------------+--------------------------------------------------+--------------+-------------+--------------+------------+------------+
; 0.215 ; T_FF_UNIT                                        ; T_FF_UNIT                                        ; i_clk        ; i_clk       ; 0.000        ; 0.000      ; 0.367      ;
; 0.238 ; w_i_hex_en                                       ; HEX_block:HEX_BLOCK_UNIT|w_hex_en_0              ; i_clk        ; i_clk       ; 0.000        ; 0.000      ; 0.390      ;
; 0.247 ; UART_SS_detect_edge:SSDE_ADD_SUB_UNIT|w_n_signal ; T_FF_UNIT                                        ; i_clk        ; i_clk       ; 0.000        ; 0.000      ; 0.399      ;
; 0.248 ; UART_SS_detect_edge:SSDE_ADD_SUB_UNIT|w_p_signal ; UART_SS_detect_edge:SSDE_ADD_SUB_UNIT|w_n_signal ; i_clk        ; i_clk       ; 0.000        ; 0.000      ; 0.400      ;
; 0.378 ; UART_SS_detect_edge:SSDE_ADD_SUB_UNIT|w_p_signal ; T_FF_UNIT                                        ; i_clk        ; i_clk       ; 0.000        ; 0.000      ; 0.530      ;
; 0.416 ; HEX_block:HEX_BLOCK_UNIT|w_hex_en_0              ; HEX_block:HEX_BLOCK_UNIT|w_hex_en_1              ; i_clk        ; i_clk       ; 0.000        ; 0.000      ; 0.568      ;
; 0.420 ; UART_SS_detect_edge:SSDE_I_VALID_UNIT|w_p_signal ; UART_SS_detect_edge:SSDE_I_VALID_UNIT|w_n_signal ; i_clk        ; i_clk       ; 0.000        ; 0.000      ; 0.572      ;
; 0.467 ; UART_SS_detect_edge:SSDE_I_VALID_UNIT|w_n_signal ; w_i_hex_en                                       ; i_clk        ; i_clk       ; 0.000        ; 0.000      ; 0.619      ;
; 0.596 ; HEX_block:HEX_BLOCK_UNIT|w_hex_en_1              ; HEX_block:HEX_BLOCK_UNIT|o_hex_1[0]              ; i_clk        ; i_clk       ; 0.000        ; 0.000      ; 0.748      ;
; 0.596 ; HEX_block:HEX_BLOCK_UNIT|w_hex_en_1              ; HEX_block:HEX_BLOCK_UNIT|o_hex_1[1]              ; i_clk        ; i_clk       ; 0.000        ; 0.000      ; 0.748      ;
; 0.596 ; HEX_block:HEX_BLOCK_UNIT|w_hex_en_1              ; HEX_block:HEX_BLOCK_UNIT|o_hex_1[2]              ; i_clk        ; i_clk       ; 0.000        ; 0.000      ; 0.748      ;
; 0.596 ; HEX_block:HEX_BLOCK_UNIT|w_hex_en_1              ; HEX_block:HEX_BLOCK_UNIT|o_hex_1[3]              ; i_clk        ; i_clk       ; 0.000        ; 0.000      ; 0.748      ;
; 0.596 ; HEX_block:HEX_BLOCK_UNIT|w_hex_en_1              ; HEX_block:HEX_BLOCK_UNIT|o_hex_1[4]              ; i_clk        ; i_clk       ; 0.000        ; 0.000      ; 0.748      ;
; 0.596 ; HEX_block:HEX_BLOCK_UNIT|w_hex_en_1              ; HEX_block:HEX_BLOCK_UNIT|o_hex_1[5]              ; i_clk        ; i_clk       ; 0.000        ; 0.000      ; 0.748      ;
; 0.596 ; HEX_block:HEX_BLOCK_UNIT|w_hex_en_1              ; HEX_block:HEX_BLOCK_UNIT|o_hex_1[6]              ; i_clk        ; i_clk       ; 0.000        ; 0.000      ; 0.748      ;
; 0.603 ; HEX_block:HEX_BLOCK_UNIT|w_hex_en_1              ; HEX_block:HEX_BLOCK_UNIT|o_hex_2[0]              ; i_clk        ; i_clk       ; 0.000        ; 0.000      ; 0.755      ;
; 0.603 ; HEX_block:HEX_BLOCK_UNIT|w_hex_en_1              ; HEX_block:HEX_BLOCK_UNIT|o_hex_2[1]              ; i_clk        ; i_clk       ; 0.000        ; 0.000      ; 0.755      ;
; 0.603 ; HEX_block:HEX_BLOCK_UNIT|w_hex_en_1              ; HEX_block:HEX_BLOCK_UNIT|o_hex_2[2]              ; i_clk        ; i_clk       ; 0.000        ; 0.000      ; 0.755      ;
; 0.603 ; HEX_block:HEX_BLOCK_UNIT|w_hex_en_1              ; HEX_block:HEX_BLOCK_UNIT|o_hex_2[3]              ; i_clk        ; i_clk       ; 0.000        ; 0.000      ; 0.755      ;
; 0.603 ; HEX_block:HEX_BLOCK_UNIT|w_hex_en_1              ; HEX_block:HEX_BLOCK_UNIT|o_hex_2[4]              ; i_clk        ; i_clk       ; 0.000        ; 0.000      ; 0.755      ;
; 0.603 ; HEX_block:HEX_BLOCK_UNIT|w_hex_en_1              ; HEX_block:HEX_BLOCK_UNIT|o_hex_2[5]              ; i_clk        ; i_clk       ; 0.000        ; 0.000      ; 0.755      ;
; 0.603 ; HEX_block:HEX_BLOCK_UNIT|w_hex_en_1              ; HEX_block:HEX_BLOCK_UNIT|o_hex_2[6]              ; i_clk        ; i_clk       ; 0.000        ; 0.000      ; 0.755      ;
; 0.603 ; HEX_block:HEX_BLOCK_UNIT|w_hex_en_1              ; HEX_block:HEX_BLOCK_UNIT|o_hex_3[3]              ; i_clk        ; i_clk       ; 0.000        ; 0.000      ; 0.755      ;
; 0.603 ; HEX_block:HEX_BLOCK_UNIT|w_hex_en_1              ; HEX_block:HEX_BLOCK_UNIT|o_hex_3[6]              ; i_clk        ; i_clk       ; 0.000        ; 0.000      ; 0.755      ;
; 0.706 ; UART_SS_detect_edge:SSDE_I_VALID_UNIT|w_p_signal ; w_i_hex_en                                       ; i_clk        ; i_clk       ; 0.000        ; 0.000      ; 0.858      ;
; 0.823 ; HEX_block:HEX_BLOCK_UNIT|w_hex_en_1              ; HEX_block:HEX_BLOCK_UNIT|o_hex_4[0]              ; i_clk        ; i_clk       ; 0.000        ; 0.002      ; 0.977      ;
; 0.823 ; HEX_block:HEX_BLOCK_UNIT|w_hex_en_1              ; HEX_block:HEX_BLOCK_UNIT|o_hex_4[1]              ; i_clk        ; i_clk       ; 0.000        ; 0.002      ; 0.977      ;
; 0.823 ; HEX_block:HEX_BLOCK_UNIT|w_hex_en_1              ; HEX_block:HEX_BLOCK_UNIT|o_hex_4[2]              ; i_clk        ; i_clk       ; 0.000        ; 0.002      ; 0.977      ;
; 0.823 ; HEX_block:HEX_BLOCK_UNIT|w_hex_en_1              ; HEX_block:HEX_BLOCK_UNIT|o_hex_4[3]              ; i_clk        ; i_clk       ; 0.000        ; 0.002      ; 0.977      ;
; 0.823 ; HEX_block:HEX_BLOCK_UNIT|w_hex_en_1              ; HEX_block:HEX_BLOCK_UNIT|o_hex_4[4]              ; i_clk        ; i_clk       ; 0.000        ; 0.002      ; 0.977      ;
; 0.823 ; HEX_block:HEX_BLOCK_UNIT|w_hex_en_1              ; HEX_block:HEX_BLOCK_UNIT|o_hex_4[5]              ; i_clk        ; i_clk       ; 0.000        ; 0.002      ; 0.977      ;
; 0.823 ; HEX_block:HEX_BLOCK_UNIT|w_hex_en_1              ; HEX_block:HEX_BLOCK_UNIT|o_hex_4[6]              ; i_clk        ; i_clk       ; 0.000        ; 0.002      ; 0.977      ;
; 0.828 ; HEX_block:HEX_BLOCK_UNIT|w_hex_en_1              ; HEX_block:HEX_BLOCK_UNIT|o_hex_6[5]              ; i_clk        ; i_clk       ; 0.000        ; 0.004      ; 0.984      ;
; 0.828 ; HEX_block:HEX_BLOCK_UNIT|w_hex_en_1              ; HEX_block:HEX_BLOCK_UNIT|o_hex_7[0]              ; i_clk        ; i_clk       ; 0.000        ; 0.004      ; 0.984      ;
; 0.828 ; HEX_block:HEX_BLOCK_UNIT|w_hex_en_1              ; HEX_block:HEX_BLOCK_UNIT|o_hex_7[1]              ; i_clk        ; i_clk       ; 0.000        ; 0.004      ; 0.984      ;
; 0.828 ; HEX_block:HEX_BLOCK_UNIT|w_hex_en_1              ; HEX_block:HEX_BLOCK_UNIT|o_hex_7[2]              ; i_clk        ; i_clk       ; 0.000        ; 0.004      ; 0.984      ;
; 0.828 ; HEX_block:HEX_BLOCK_UNIT|w_hex_en_1              ; HEX_block:HEX_BLOCK_UNIT|o_hex_7[3]              ; i_clk        ; i_clk       ; 0.000        ; 0.004      ; 0.984      ;
; 0.828 ; HEX_block:HEX_BLOCK_UNIT|w_hex_en_1              ; HEX_block:HEX_BLOCK_UNIT|o_hex_7[4]              ; i_clk        ; i_clk       ; 0.000        ; 0.004      ; 0.984      ;
; 0.828 ; HEX_block:HEX_BLOCK_UNIT|w_hex_en_1              ; HEX_block:HEX_BLOCK_UNIT|o_hex_7[5]              ; i_clk        ; i_clk       ; 0.000        ; 0.004      ; 0.984      ;
; 0.828 ; HEX_block:HEX_BLOCK_UNIT|w_hex_en_1              ; HEX_block:HEX_BLOCK_UNIT|o_hex_7[6]              ; i_clk        ; i_clk       ; 0.000        ; 0.004      ; 0.984      ;
; 0.948 ; UART_SS_detect_edge:SSDE_I_VALID_UNIT|w_n_signal ; w_i_data[16]                                     ; i_clk        ; i_clk       ; 0.000        ; -0.003     ; 1.097      ;
; 1.099 ; HEX_block:HEX_BLOCK_UNIT|w_hex_en_1              ; HEX_block:HEX_BLOCK_UNIT|o_hex_3[0]              ; i_clk        ; i_clk       ; 0.000        ; 0.000      ; 1.251      ;
; 1.099 ; HEX_block:HEX_BLOCK_UNIT|w_hex_en_1              ; HEX_block:HEX_BLOCK_UNIT|o_hex_3[1]              ; i_clk        ; i_clk       ; 0.000        ; 0.000      ; 1.251      ;
; 1.099 ; HEX_block:HEX_BLOCK_UNIT|w_hex_en_1              ; HEX_block:HEX_BLOCK_UNIT|o_hex_3[2]              ; i_clk        ; i_clk       ; 0.000        ; 0.000      ; 1.251      ;
; 1.099 ; HEX_block:HEX_BLOCK_UNIT|w_hex_en_1              ; HEX_block:HEX_BLOCK_UNIT|o_hex_3[4]              ; i_clk        ; i_clk       ; 0.000        ; 0.000      ; 1.251      ;
; 1.099 ; HEX_block:HEX_BLOCK_UNIT|w_hex_en_1              ; HEX_block:HEX_BLOCK_UNIT|o_hex_3[5]              ; i_clk        ; i_clk       ; 0.000        ; 0.000      ; 1.251      ;
; 1.187 ; UART_SS_detect_edge:SSDE_I_VALID_UNIT|w_p_signal ; w_i_data[16]                                     ; i_clk        ; i_clk       ; 0.000        ; -0.003     ; 1.336      ;
; 1.193 ; UART_SS_detect_edge:SSDE_I_VALID_UNIT|w_n_signal ; w_i_data[0]                                      ; i_clk        ; i_clk       ; 0.000        ; -0.004     ; 1.341      ;
; 1.193 ; UART_SS_detect_edge:SSDE_I_VALID_UNIT|w_n_signal ; w_i_data[1]                                      ; i_clk        ; i_clk       ; 0.000        ; -0.004     ; 1.341      ;
; 1.193 ; UART_SS_detect_edge:SSDE_I_VALID_UNIT|w_n_signal ; w_i_data[2]                                      ; i_clk        ; i_clk       ; 0.000        ; -0.004     ; 1.341      ;
; 1.193 ; UART_SS_detect_edge:SSDE_I_VALID_UNIT|w_n_signal ; w_i_data[3]                                      ; i_clk        ; i_clk       ; 0.000        ; -0.004     ; 1.341      ;
; 1.193 ; UART_SS_detect_edge:SSDE_I_VALID_UNIT|w_n_signal ; w_i_data[4]                                      ; i_clk        ; i_clk       ; 0.000        ; -0.004     ; 1.341      ;
; 1.193 ; UART_SS_detect_edge:SSDE_I_VALID_UNIT|w_n_signal ; w_i_data[13]                                     ; i_clk        ; i_clk       ; 0.000        ; -0.004     ; 1.341      ;
; 1.196 ; HEX_block:HEX_BLOCK_UNIT|w_hex_en_1              ; HEX_block:HEX_BLOCK_UNIT|o_hex_0[0]              ; i_clk        ; i_clk       ; 0.000        ; 0.005      ; 1.353      ;
; 1.196 ; HEX_block:HEX_BLOCK_UNIT|w_hex_en_1              ; HEX_block:HEX_BLOCK_UNIT|o_hex_0[1]              ; i_clk        ; i_clk       ; 0.000        ; 0.005      ; 1.353      ;
; 1.196 ; HEX_block:HEX_BLOCK_UNIT|w_hex_en_1              ; HEX_block:HEX_BLOCK_UNIT|o_hex_0[2]              ; i_clk        ; i_clk       ; 0.000        ; 0.005      ; 1.353      ;
; 1.196 ; HEX_block:HEX_BLOCK_UNIT|w_hex_en_1              ; HEX_block:HEX_BLOCK_UNIT|o_hex_0[3]              ; i_clk        ; i_clk       ; 0.000        ; 0.005      ; 1.353      ;
; 1.196 ; HEX_block:HEX_BLOCK_UNIT|w_hex_en_1              ; HEX_block:HEX_BLOCK_UNIT|o_hex_0[4]              ; i_clk        ; i_clk       ; 0.000        ; 0.005      ; 1.353      ;
; 1.196 ; HEX_block:HEX_BLOCK_UNIT|w_hex_en_1              ; HEX_block:HEX_BLOCK_UNIT|o_hex_0[5]              ; i_clk        ; i_clk       ; 0.000        ; 0.005      ; 1.353      ;
; 1.196 ; HEX_block:HEX_BLOCK_UNIT|w_hex_en_1              ; HEX_block:HEX_BLOCK_UNIT|o_hex_0[6]              ; i_clk        ; i_clk       ; 0.000        ; 0.005      ; 1.353      ;
; 1.196 ; HEX_block:HEX_BLOCK_UNIT|w_hex_en_1              ; HEX_block:HEX_BLOCK_UNIT|o_hex_5[0]              ; i_clk        ; i_clk       ; 0.000        ; 0.005      ; 1.353      ;
; 1.196 ; HEX_block:HEX_BLOCK_UNIT|w_hex_en_1              ; HEX_block:HEX_BLOCK_UNIT|o_hex_5[3]              ; i_clk        ; i_clk       ; 0.000        ; 0.005      ; 1.353      ;
; 1.196 ; HEX_block:HEX_BLOCK_UNIT|w_hex_en_1              ; HEX_block:HEX_BLOCK_UNIT|o_hex_5[6]              ; i_clk        ; i_clk       ; 0.000        ; 0.005      ; 1.353      ;
; 1.200 ; HEX_block:HEX_BLOCK_UNIT|w_hex_en_1              ; HEX_block:HEX_BLOCK_UNIT|o_hex_5[1]              ; i_clk        ; i_clk       ; 0.000        ; 0.004      ; 1.356      ;
; 1.200 ; HEX_block:HEX_BLOCK_UNIT|w_hex_en_1              ; HEX_block:HEX_BLOCK_UNIT|o_hex_5[2]              ; i_clk        ; i_clk       ; 0.000        ; 0.004      ; 1.356      ;
; 1.200 ; HEX_block:HEX_BLOCK_UNIT|w_hex_en_1              ; HEX_block:HEX_BLOCK_UNIT|o_hex_5[4]              ; i_clk        ; i_clk       ; 0.000        ; 0.004      ; 1.356      ;
; 1.200 ; HEX_block:HEX_BLOCK_UNIT|w_hex_en_1              ; HEX_block:HEX_BLOCK_UNIT|o_hex_5[5]              ; i_clk        ; i_clk       ; 0.000        ; 0.004      ; 1.356      ;
; 1.200 ; HEX_block:HEX_BLOCK_UNIT|w_hex_en_1              ; HEX_block:HEX_BLOCK_UNIT|o_hex_6[0]              ; i_clk        ; i_clk       ; 0.000        ; 0.004      ; 1.356      ;
; 1.200 ; HEX_block:HEX_BLOCK_UNIT|w_hex_en_1              ; HEX_block:HEX_BLOCK_UNIT|o_hex_6[1]              ; i_clk        ; i_clk       ; 0.000        ; 0.004      ; 1.356      ;
; 1.200 ; HEX_block:HEX_BLOCK_UNIT|w_hex_en_1              ; HEX_block:HEX_BLOCK_UNIT|o_hex_6[2]              ; i_clk        ; i_clk       ; 0.000        ; 0.004      ; 1.356      ;
; 1.200 ; HEX_block:HEX_BLOCK_UNIT|w_hex_en_1              ; HEX_block:HEX_BLOCK_UNIT|o_hex_6[3]              ; i_clk        ; i_clk       ; 0.000        ; 0.004      ; 1.356      ;
; 1.200 ; HEX_block:HEX_BLOCK_UNIT|w_hex_en_1              ; HEX_block:HEX_BLOCK_UNIT|o_hex_6[4]              ; i_clk        ; i_clk       ; 0.000        ; 0.004      ; 1.356      ;
; 1.200 ; HEX_block:HEX_BLOCK_UNIT|w_hex_en_1              ; HEX_block:HEX_BLOCK_UNIT|o_hex_6[6]              ; i_clk        ; i_clk       ; 0.000        ; 0.004      ; 1.356      ;
; 1.208 ; UART_SS_detect_edge:SSDE_I_VALID_UNIT|w_n_signal ; w_i_data[6]                                      ; i_clk        ; i_clk       ; 0.000        ; -0.006     ; 1.354      ;
; 1.208 ; UART_SS_detect_edge:SSDE_I_VALID_UNIT|w_n_signal ; w_i_data[7]                                      ; i_clk        ; i_clk       ; 0.000        ; -0.006     ; 1.354      ;
; 1.209 ; w_i_data[16]                                     ; HEX_block:HEX_BLOCK_UNIT|o_hex_6[5]              ; i_clk        ; i_clk       ; 0.000        ; 0.007      ; 1.368      ;
; 1.225 ; w_i_data[16]                                     ; HEX_block:HEX_BLOCK_UNIT|o_hex_7[2]              ; i_clk        ; i_clk       ; 0.000        ; 0.007      ; 1.384      ;
; 1.229 ; w_i_data[16]                                     ; HEX_block:HEX_BLOCK_UNIT|o_hex_7[4]              ; i_clk        ; i_clk       ; 0.000        ; 0.007      ; 1.388      ;
; 1.232 ; w_i_data[16]                                     ; HEX_block:HEX_BLOCK_UNIT|o_hex_7[6]              ; i_clk        ; i_clk       ; 0.000        ; 0.007      ; 1.391      ;
; 1.234 ; w_i_data[16]                                     ; HEX_block:HEX_BLOCK_UNIT|o_hex_7[5]              ; i_clk        ; i_clk       ; 0.000        ; 0.007      ; 1.393      ;
; 1.238 ; w_i_data[16]                                     ; HEX_block:HEX_BLOCK_UNIT|o_hex_7[0]              ; i_clk        ; i_clk       ; 0.000        ; 0.007      ; 1.397      ;
; 1.238 ; w_i_data[16]                                     ; HEX_block:HEX_BLOCK_UNIT|o_hex_7[1]              ; i_clk        ; i_clk       ; 0.000        ; 0.007      ; 1.397      ;
; 1.238 ; w_i_data[16]                                     ; HEX_block:HEX_BLOCK_UNIT|o_hex_7[3]              ; i_clk        ; i_clk       ; 0.000        ; 0.007      ; 1.397      ;
; 1.259 ; w_i_data[16]                                     ; HEX_block:HEX_BLOCK_UNIT|o_hex_5[1]              ; i_clk        ; i_clk       ; 0.000        ; 0.007      ; 1.418      ;
; 1.259 ; w_i_data[16]                                     ; HEX_block:HEX_BLOCK_UNIT|o_hex_5[2]              ; i_clk        ; i_clk       ; 0.000        ; 0.007      ; 1.418      ;
; 1.260 ; w_i_data[16]                                     ; HEX_block:HEX_BLOCK_UNIT|o_hex_5[4]              ; i_clk        ; i_clk       ; 0.000        ; 0.007      ; 1.419      ;
; 1.263 ; w_i_data[16]                                     ; HEX_block:HEX_BLOCK_UNIT|o_hex_5[5]              ; i_clk        ; i_clk       ; 0.000        ; 0.007      ; 1.422      ;
; 1.273 ; w_i_data[16]                                     ; HEX_block:HEX_BLOCK_UNIT|o_hex_6[0]              ; i_clk        ; i_clk       ; 0.000        ; 0.007      ; 1.432      ;
; 1.273 ; w_i_data[16]                                     ; HEX_block:HEX_BLOCK_UNIT|o_hex_6[4]              ; i_clk        ; i_clk       ; 0.000        ; 0.007      ; 1.432      ;
; 1.274 ; w_i_data[16]                                     ; HEX_block:HEX_BLOCK_UNIT|o_hex_6[2]              ; i_clk        ; i_clk       ; 0.000        ; 0.007      ; 1.433      ;
; 1.277 ; w_i_data[16]                                     ; HEX_block:HEX_BLOCK_UNIT|o_hex_6[1]              ; i_clk        ; i_clk       ; 0.000        ; 0.007      ; 1.436      ;
; 1.278 ; w_i_data[16]                                     ; HEX_block:HEX_BLOCK_UNIT|o_hex_6[6]              ; i_clk        ; i_clk       ; 0.000        ; 0.007      ; 1.437      ;
; 1.279 ; w_i_data[16]                                     ; HEX_block:HEX_BLOCK_UNIT|o_hex_6[3]              ; i_clk        ; i_clk       ; 0.000        ; 0.007      ; 1.438      ;
; 1.303 ; UART_SS_detect_edge:SSDE_I_VALID_UNIT|w_n_signal ; w_i_data[8]                                      ; i_clk        ; i_clk       ; 0.000        ; -0.005     ; 1.450      ;
; 1.303 ; UART_SS_detect_edge:SSDE_I_VALID_UNIT|w_n_signal ; w_i_data[9]                                      ; i_clk        ; i_clk       ; 0.000        ; -0.005     ; 1.450      ;
; 1.303 ; UART_SS_detect_edge:SSDE_I_VALID_UNIT|w_n_signal ; w_i_data[10]                                     ; i_clk        ; i_clk       ; 0.000        ; -0.005     ; 1.450      ;
; 1.303 ; UART_SS_detect_edge:SSDE_I_VALID_UNIT|w_n_signal ; w_i_data[11]                                     ; i_clk        ; i_clk       ; 0.000        ; -0.005     ; 1.450      ;
; 1.303 ; UART_SS_detect_edge:SSDE_I_VALID_UNIT|w_n_signal ; w_i_data[12]                                     ; i_clk        ; i_clk       ; 0.000        ; -0.005     ; 1.450      ;
; 1.303 ; UART_SS_detect_edge:SSDE_I_VALID_UNIT|w_n_signal ; w_i_data[14]                                     ; i_clk        ; i_clk       ; 0.000        ; -0.005     ; 1.450      ;
; 1.303 ; UART_SS_detect_edge:SSDE_I_VALID_UNIT|w_n_signal ; w_i_data[15]                                     ; i_clk        ; i_clk       ; 0.000        ; -0.005     ; 1.450      ;
+-------+--------------------------------------------------+--------------------------------------------------+--------------+-------------+--------------+------------+------------+


+---------------------------------------------------------------------------------------------------------------+
; Fast Model Minimum Pulse Width: 'CLOCK_50'                                                                    ;
+--------+--------------+----------------+------------------+----------+------------+---------------------------+
; Slack  ; Actual Width ; Required Width ; Type             ; Clock    ; Clock Edge ; Target                    ;
+--------+--------------+----------------+------------------+----------+------------+---------------------------+
; -1.380 ; 1.000        ; 2.380          ; Port Rate        ; CLOCK_50 ; Rise       ; CLOCK_50                  ;
; -0.500 ; 0.500        ; 1.000          ; High Pulse Width ; CLOCK_50 ; Rise       ; count[0]                  ;
; -0.500 ; 0.500        ; 1.000          ; Low Pulse Width  ; CLOCK_50 ; Rise       ; count[0]                  ;
; -0.500 ; 0.500        ; 1.000          ; High Pulse Width ; CLOCK_50 ; Rise       ; count[10]                 ;
; -0.500 ; 0.500        ; 1.000          ; Low Pulse Width  ; CLOCK_50 ; Rise       ; count[10]                 ;
; -0.500 ; 0.500        ; 1.000          ; High Pulse Width ; CLOCK_50 ; Rise       ; count[11]                 ;
; -0.500 ; 0.500        ; 1.000          ; Low Pulse Width  ; CLOCK_50 ; Rise       ; count[11]                 ;
; -0.500 ; 0.500        ; 1.000          ; High Pulse Width ; CLOCK_50 ; Rise       ; count[12]                 ;
; -0.500 ; 0.500        ; 1.000          ; Low Pulse Width  ; CLOCK_50 ; Rise       ; count[12]                 ;
; -0.500 ; 0.500        ; 1.000          ; High Pulse Width ; CLOCK_50 ; Rise       ; count[13]                 ;
; -0.500 ; 0.500        ; 1.000          ; Low Pulse Width  ; CLOCK_50 ; Rise       ; count[13]                 ;
; -0.500 ; 0.500        ; 1.000          ; High Pulse Width ; CLOCK_50 ; Rise       ; count[14]                 ;
; -0.500 ; 0.500        ; 1.000          ; Low Pulse Width  ; CLOCK_50 ; Rise       ; count[14]                 ;
; -0.500 ; 0.500        ; 1.000          ; High Pulse Width ; CLOCK_50 ; Rise       ; count[15]                 ;
; -0.500 ; 0.500        ; 1.000          ; Low Pulse Width  ; CLOCK_50 ; Rise       ; count[15]                 ;
; -0.500 ; 0.500        ; 1.000          ; High Pulse Width ; CLOCK_50 ; Rise       ; count[16]                 ;
; -0.500 ; 0.500        ; 1.000          ; Low Pulse Width  ; CLOCK_50 ; Rise       ; count[16]                 ;
; -0.500 ; 0.500        ; 1.000          ; High Pulse Width ; CLOCK_50 ; Rise       ; count[17]                 ;
; -0.500 ; 0.500        ; 1.000          ; Low Pulse Width  ; CLOCK_50 ; Rise       ; count[17]                 ;
; -0.500 ; 0.500        ; 1.000          ; High Pulse Width ; CLOCK_50 ; Rise       ; count[18]                 ;
; -0.500 ; 0.500        ; 1.000          ; Low Pulse Width  ; CLOCK_50 ; Rise       ; count[18]                 ;
; -0.500 ; 0.500        ; 1.000          ; High Pulse Width ; CLOCK_50 ; Rise       ; count[19]                 ;
; -0.500 ; 0.500        ; 1.000          ; Low Pulse Width  ; CLOCK_50 ; Rise       ; count[19]                 ;
; -0.500 ; 0.500        ; 1.000          ; High Pulse Width ; CLOCK_50 ; Rise       ; count[1]                  ;
; -0.500 ; 0.500        ; 1.000          ; Low Pulse Width  ; CLOCK_50 ; Rise       ; count[1]                  ;
; -0.500 ; 0.500        ; 1.000          ; High Pulse Width ; CLOCK_50 ; Rise       ; count[20]                 ;
; -0.500 ; 0.500        ; 1.000          ; Low Pulse Width  ; CLOCK_50 ; Rise       ; count[20]                 ;
; -0.500 ; 0.500        ; 1.000          ; High Pulse Width ; CLOCK_50 ; Rise       ; count[21]                 ;
; -0.500 ; 0.500        ; 1.000          ; Low Pulse Width  ; CLOCK_50 ; Rise       ; count[21]                 ;
; -0.500 ; 0.500        ; 1.000          ; High Pulse Width ; CLOCK_50 ; Rise       ; count[22]                 ;
; -0.500 ; 0.500        ; 1.000          ; Low Pulse Width  ; CLOCK_50 ; Rise       ; count[22]                 ;
; -0.500 ; 0.500        ; 1.000          ; High Pulse Width ; CLOCK_50 ; Rise       ; count[23]                 ;
; -0.500 ; 0.500        ; 1.000          ; Low Pulse Width  ; CLOCK_50 ; Rise       ; count[23]                 ;
; -0.500 ; 0.500        ; 1.000          ; High Pulse Width ; CLOCK_50 ; Rise       ; count[24]                 ;
; -0.500 ; 0.500        ; 1.000          ; Low Pulse Width  ; CLOCK_50 ; Rise       ; count[24]                 ;
; -0.500 ; 0.500        ; 1.000          ; High Pulse Width ; CLOCK_50 ; Rise       ; count[25]                 ;
; -0.500 ; 0.500        ; 1.000          ; Low Pulse Width  ; CLOCK_50 ; Rise       ; count[25]                 ;
; -0.500 ; 0.500        ; 1.000          ; High Pulse Width ; CLOCK_50 ; Rise       ; count[26]                 ;
; -0.500 ; 0.500        ; 1.000          ; Low Pulse Width  ; CLOCK_50 ; Rise       ; count[26]                 ;
; -0.500 ; 0.500        ; 1.000          ; High Pulse Width ; CLOCK_50 ; Rise       ; count[27]                 ;
; -0.500 ; 0.500        ; 1.000          ; Low Pulse Width  ; CLOCK_50 ; Rise       ; count[27]                 ;
; -0.500 ; 0.500        ; 1.000          ; High Pulse Width ; CLOCK_50 ; Rise       ; count[28]                 ;
; -0.500 ; 0.500        ; 1.000          ; Low Pulse Width  ; CLOCK_50 ; Rise       ; count[28]                 ;
; -0.500 ; 0.500        ; 1.000          ; High Pulse Width ; CLOCK_50 ; Rise       ; count[29]                 ;
; -0.500 ; 0.500        ; 1.000          ; Low Pulse Width  ; CLOCK_50 ; Rise       ; count[29]                 ;
; -0.500 ; 0.500        ; 1.000          ; High Pulse Width ; CLOCK_50 ; Rise       ; count[2]                  ;
; -0.500 ; 0.500        ; 1.000          ; Low Pulse Width  ; CLOCK_50 ; Rise       ; count[2]                  ;
; -0.500 ; 0.500        ; 1.000          ; High Pulse Width ; CLOCK_50 ; Rise       ; count[30]                 ;
; -0.500 ; 0.500        ; 1.000          ; Low Pulse Width  ; CLOCK_50 ; Rise       ; count[30]                 ;
; -0.500 ; 0.500        ; 1.000          ; High Pulse Width ; CLOCK_50 ; Rise       ; count[31]                 ;
; -0.500 ; 0.500        ; 1.000          ; Low Pulse Width  ; CLOCK_50 ; Rise       ; count[31]                 ;
; -0.500 ; 0.500        ; 1.000          ; High Pulse Width ; CLOCK_50 ; Rise       ; count[3]                  ;
; -0.500 ; 0.500        ; 1.000          ; Low Pulse Width  ; CLOCK_50 ; Rise       ; count[3]                  ;
; -0.500 ; 0.500        ; 1.000          ; High Pulse Width ; CLOCK_50 ; Rise       ; count[4]                  ;
; -0.500 ; 0.500        ; 1.000          ; Low Pulse Width  ; CLOCK_50 ; Rise       ; count[4]                  ;
; -0.500 ; 0.500        ; 1.000          ; High Pulse Width ; CLOCK_50 ; Rise       ; count[5]                  ;
; -0.500 ; 0.500        ; 1.000          ; Low Pulse Width  ; CLOCK_50 ; Rise       ; count[5]                  ;
; -0.500 ; 0.500        ; 1.000          ; High Pulse Width ; CLOCK_50 ; Rise       ; count[6]                  ;
; -0.500 ; 0.500        ; 1.000          ; Low Pulse Width  ; CLOCK_50 ; Rise       ; count[6]                  ;
; -0.500 ; 0.500        ; 1.000          ; High Pulse Width ; CLOCK_50 ; Rise       ; count[7]                  ;
; -0.500 ; 0.500        ; 1.000          ; Low Pulse Width  ; CLOCK_50 ; Rise       ; count[7]                  ;
; -0.500 ; 0.500        ; 1.000          ; High Pulse Width ; CLOCK_50 ; Rise       ; count[8]                  ;
; -0.500 ; 0.500        ; 1.000          ; Low Pulse Width  ; CLOCK_50 ; Rise       ; count[8]                  ;
; -0.500 ; 0.500        ; 1.000          ; High Pulse Width ; CLOCK_50 ; Rise       ; count[9]                  ;
; -0.500 ; 0.500        ; 1.000          ; Low Pulse Width  ; CLOCK_50 ; Rise       ; count[9]                  ;
; -0.500 ; 0.500        ; 1.000          ; High Pulse Width ; CLOCK_50 ; Rise       ; i_clk                     ;
; -0.500 ; 0.500        ; 1.000          ; Low Pulse Width  ; CLOCK_50 ; Rise       ; i_clk                     ;
; 0.500  ; 0.500        ; 0.000          ; High Pulse Width ; CLOCK_50 ; Rise       ; CLOCK_50|combout          ;
; 0.500  ; 0.500        ; 0.000          ; Low Pulse Width  ; CLOCK_50 ; Rise       ; CLOCK_50|combout          ;
; 0.500  ; 0.500        ; 0.000          ; High Pulse Width ; CLOCK_50 ; Rise       ; CLOCK_50~clkctrl|inclk[0] ;
; 0.500  ; 0.500        ; 0.000          ; Low Pulse Width  ; CLOCK_50 ; Rise       ; CLOCK_50~clkctrl|inclk[0] ;
; 0.500  ; 0.500        ; 0.000          ; High Pulse Width ; CLOCK_50 ; Rise       ; CLOCK_50~clkctrl|outclk   ;
; 0.500  ; 0.500        ; 0.000          ; Low Pulse Width  ; CLOCK_50 ; Rise       ; CLOCK_50~clkctrl|outclk   ;
; 0.500  ; 0.500        ; 0.000          ; High Pulse Width ; CLOCK_50 ; Rise       ; count[0]|clk              ;
; 0.500  ; 0.500        ; 0.000          ; Low Pulse Width  ; CLOCK_50 ; Rise       ; count[0]|clk              ;
; 0.500  ; 0.500        ; 0.000          ; High Pulse Width ; CLOCK_50 ; Rise       ; count[10]|clk             ;
; 0.500  ; 0.500        ; 0.000          ; Low Pulse Width  ; CLOCK_50 ; Rise       ; count[10]|clk             ;
; 0.500  ; 0.500        ; 0.000          ; High Pulse Width ; CLOCK_50 ; Rise       ; count[11]|clk             ;
; 0.500  ; 0.500        ; 0.000          ; Low Pulse Width  ; CLOCK_50 ; Rise       ; count[11]|clk             ;
; 0.500  ; 0.500        ; 0.000          ; High Pulse Width ; CLOCK_50 ; Rise       ; count[12]|clk             ;
; 0.500  ; 0.500        ; 0.000          ; Low Pulse Width  ; CLOCK_50 ; Rise       ; count[12]|clk             ;
; 0.500  ; 0.500        ; 0.000          ; High Pulse Width ; CLOCK_50 ; Rise       ; count[13]|clk             ;
; 0.500  ; 0.500        ; 0.000          ; Low Pulse Width  ; CLOCK_50 ; Rise       ; count[13]|clk             ;
; 0.500  ; 0.500        ; 0.000          ; High Pulse Width ; CLOCK_50 ; Rise       ; count[14]|clk             ;
; 0.500  ; 0.500        ; 0.000          ; Low Pulse Width  ; CLOCK_50 ; Rise       ; count[14]|clk             ;
; 0.500  ; 0.500        ; 0.000          ; High Pulse Width ; CLOCK_50 ; Rise       ; count[15]|clk             ;
; 0.500  ; 0.500        ; 0.000          ; Low Pulse Width  ; CLOCK_50 ; Rise       ; count[15]|clk             ;
; 0.500  ; 0.500        ; 0.000          ; High Pulse Width ; CLOCK_50 ; Rise       ; count[16]|clk             ;
; 0.500  ; 0.500        ; 0.000          ; Low Pulse Width  ; CLOCK_50 ; Rise       ; count[16]|clk             ;
; 0.500  ; 0.500        ; 0.000          ; High Pulse Width ; CLOCK_50 ; Rise       ; count[17]|clk             ;
; 0.500  ; 0.500        ; 0.000          ; Low Pulse Width  ; CLOCK_50 ; Rise       ; count[17]|clk             ;
; 0.500  ; 0.500        ; 0.000          ; High Pulse Width ; CLOCK_50 ; Rise       ; count[18]|clk             ;
; 0.500  ; 0.500        ; 0.000          ; Low Pulse Width  ; CLOCK_50 ; Rise       ; count[18]|clk             ;
; 0.500  ; 0.500        ; 0.000          ; High Pulse Width ; CLOCK_50 ; Rise       ; count[19]|clk             ;
; 0.500  ; 0.500        ; 0.000          ; Low Pulse Width  ; CLOCK_50 ; Rise       ; count[19]|clk             ;
; 0.500  ; 0.500        ; 0.000          ; High Pulse Width ; CLOCK_50 ; Rise       ; count[1]|clk              ;
; 0.500  ; 0.500        ; 0.000          ; Low Pulse Width  ; CLOCK_50 ; Rise       ; count[1]|clk              ;
; 0.500  ; 0.500        ; 0.000          ; High Pulse Width ; CLOCK_50 ; Rise       ; count[20]|clk             ;
; 0.500  ; 0.500        ; 0.000          ; Low Pulse Width  ; CLOCK_50 ; Rise       ; count[20]|clk             ;
; 0.500  ; 0.500        ; 0.000          ; High Pulse Width ; CLOCK_50 ; Rise       ; count[21]|clk             ;
+--------+--------------+----------------+------------------+----------+------------+---------------------------+


+----------------------------------------------------------------------------------------------------------------------+
; Fast Model Minimum Pulse Width: 'i_clk'                                                                              ;
+--------+--------------+----------------+------------------+-------+------------+-------------------------------------+
; Slack  ; Actual Width ; Required Width ; Type             ; Clock ; Clock Edge ; Target                              ;
+--------+--------------+----------------+------------------+-------+------------+-------------------------------------+
; -0.500 ; 0.500        ; 1.000          ; High Pulse Width ; i_clk ; Rise       ; HEX_block:HEX_BLOCK_UNIT|o_hex_0[0] ;
; -0.500 ; 0.500        ; 1.000          ; Low Pulse Width  ; i_clk ; Rise       ; HEX_block:HEX_BLOCK_UNIT|o_hex_0[0] ;
; -0.500 ; 0.500        ; 1.000          ; High Pulse Width ; i_clk ; Rise       ; HEX_block:HEX_BLOCK_UNIT|o_hex_0[1] ;
; -0.500 ; 0.500        ; 1.000          ; Low Pulse Width  ; i_clk ; Rise       ; HEX_block:HEX_BLOCK_UNIT|o_hex_0[1] ;
; -0.500 ; 0.500        ; 1.000          ; High Pulse Width ; i_clk ; Rise       ; HEX_block:HEX_BLOCK_UNIT|o_hex_0[2] ;
; -0.500 ; 0.500        ; 1.000          ; Low Pulse Width  ; i_clk ; Rise       ; HEX_block:HEX_BLOCK_UNIT|o_hex_0[2] ;
; -0.500 ; 0.500        ; 1.000          ; High Pulse Width ; i_clk ; Rise       ; HEX_block:HEX_BLOCK_UNIT|o_hex_0[3] ;
; -0.500 ; 0.500        ; 1.000          ; Low Pulse Width  ; i_clk ; Rise       ; HEX_block:HEX_BLOCK_UNIT|o_hex_0[3] ;
; -0.500 ; 0.500        ; 1.000          ; High Pulse Width ; i_clk ; Rise       ; HEX_block:HEX_BLOCK_UNIT|o_hex_0[4] ;
; -0.500 ; 0.500        ; 1.000          ; Low Pulse Width  ; i_clk ; Rise       ; HEX_block:HEX_BLOCK_UNIT|o_hex_0[4] ;
; -0.500 ; 0.500        ; 1.000          ; High Pulse Width ; i_clk ; Rise       ; HEX_block:HEX_BLOCK_UNIT|o_hex_0[5] ;
; -0.500 ; 0.500        ; 1.000          ; Low Pulse Width  ; i_clk ; Rise       ; HEX_block:HEX_BLOCK_UNIT|o_hex_0[5] ;
; -0.500 ; 0.500        ; 1.000          ; High Pulse Width ; i_clk ; Rise       ; HEX_block:HEX_BLOCK_UNIT|o_hex_0[6] ;
; -0.500 ; 0.500        ; 1.000          ; Low Pulse Width  ; i_clk ; Rise       ; HEX_block:HEX_BLOCK_UNIT|o_hex_0[6] ;
; -0.500 ; 0.500        ; 1.000          ; High Pulse Width ; i_clk ; Rise       ; HEX_block:HEX_BLOCK_UNIT|o_hex_1[0] ;
; -0.500 ; 0.500        ; 1.000          ; Low Pulse Width  ; i_clk ; Rise       ; HEX_block:HEX_BLOCK_UNIT|o_hex_1[0] ;
; -0.500 ; 0.500        ; 1.000          ; High Pulse Width ; i_clk ; Rise       ; HEX_block:HEX_BLOCK_UNIT|o_hex_1[1] ;
; -0.500 ; 0.500        ; 1.000          ; Low Pulse Width  ; i_clk ; Rise       ; HEX_block:HEX_BLOCK_UNIT|o_hex_1[1] ;
; -0.500 ; 0.500        ; 1.000          ; High Pulse Width ; i_clk ; Rise       ; HEX_block:HEX_BLOCK_UNIT|o_hex_1[2] ;
; -0.500 ; 0.500        ; 1.000          ; Low Pulse Width  ; i_clk ; Rise       ; HEX_block:HEX_BLOCK_UNIT|o_hex_1[2] ;
; -0.500 ; 0.500        ; 1.000          ; High Pulse Width ; i_clk ; Rise       ; HEX_block:HEX_BLOCK_UNIT|o_hex_1[3] ;
; -0.500 ; 0.500        ; 1.000          ; Low Pulse Width  ; i_clk ; Rise       ; HEX_block:HEX_BLOCK_UNIT|o_hex_1[3] ;
; -0.500 ; 0.500        ; 1.000          ; High Pulse Width ; i_clk ; Rise       ; HEX_block:HEX_BLOCK_UNIT|o_hex_1[4] ;
; -0.500 ; 0.500        ; 1.000          ; Low Pulse Width  ; i_clk ; Rise       ; HEX_block:HEX_BLOCK_UNIT|o_hex_1[4] ;
; -0.500 ; 0.500        ; 1.000          ; High Pulse Width ; i_clk ; Rise       ; HEX_block:HEX_BLOCK_UNIT|o_hex_1[5] ;
; -0.500 ; 0.500        ; 1.000          ; Low Pulse Width  ; i_clk ; Rise       ; HEX_block:HEX_BLOCK_UNIT|o_hex_1[5] ;
; -0.500 ; 0.500        ; 1.000          ; High Pulse Width ; i_clk ; Rise       ; HEX_block:HEX_BLOCK_UNIT|o_hex_1[6] ;
; -0.500 ; 0.500        ; 1.000          ; Low Pulse Width  ; i_clk ; Rise       ; HEX_block:HEX_BLOCK_UNIT|o_hex_1[6] ;
; -0.500 ; 0.500        ; 1.000          ; High Pulse Width ; i_clk ; Rise       ; HEX_block:HEX_BLOCK_UNIT|o_hex_2[0] ;
; -0.500 ; 0.500        ; 1.000          ; Low Pulse Width  ; i_clk ; Rise       ; HEX_block:HEX_BLOCK_UNIT|o_hex_2[0] ;
; -0.500 ; 0.500        ; 1.000          ; High Pulse Width ; i_clk ; Rise       ; HEX_block:HEX_BLOCK_UNIT|o_hex_2[1] ;
; -0.500 ; 0.500        ; 1.000          ; Low Pulse Width  ; i_clk ; Rise       ; HEX_block:HEX_BLOCK_UNIT|o_hex_2[1] ;
; -0.500 ; 0.500        ; 1.000          ; High Pulse Width ; i_clk ; Rise       ; HEX_block:HEX_BLOCK_UNIT|o_hex_2[2] ;
; -0.500 ; 0.500        ; 1.000          ; Low Pulse Width  ; i_clk ; Rise       ; HEX_block:HEX_BLOCK_UNIT|o_hex_2[2] ;
; -0.500 ; 0.500        ; 1.000          ; High Pulse Width ; i_clk ; Rise       ; HEX_block:HEX_BLOCK_UNIT|o_hex_2[3] ;
; -0.500 ; 0.500        ; 1.000          ; Low Pulse Width  ; i_clk ; Rise       ; HEX_block:HEX_BLOCK_UNIT|o_hex_2[3] ;
; -0.500 ; 0.500        ; 1.000          ; High Pulse Width ; i_clk ; Rise       ; HEX_block:HEX_BLOCK_UNIT|o_hex_2[4] ;
; -0.500 ; 0.500        ; 1.000          ; Low Pulse Width  ; i_clk ; Rise       ; HEX_block:HEX_BLOCK_UNIT|o_hex_2[4] ;
; -0.500 ; 0.500        ; 1.000          ; High Pulse Width ; i_clk ; Rise       ; HEX_block:HEX_BLOCK_UNIT|o_hex_2[5] ;
; -0.500 ; 0.500        ; 1.000          ; Low Pulse Width  ; i_clk ; Rise       ; HEX_block:HEX_BLOCK_UNIT|o_hex_2[5] ;
; -0.500 ; 0.500        ; 1.000          ; High Pulse Width ; i_clk ; Rise       ; HEX_block:HEX_BLOCK_UNIT|o_hex_2[6] ;
; -0.500 ; 0.500        ; 1.000          ; Low Pulse Width  ; i_clk ; Rise       ; HEX_block:HEX_BLOCK_UNIT|o_hex_2[6] ;
; -0.500 ; 0.500        ; 1.000          ; High Pulse Width ; i_clk ; Rise       ; HEX_block:HEX_BLOCK_UNIT|o_hex_3[0] ;
; -0.500 ; 0.500        ; 1.000          ; Low Pulse Width  ; i_clk ; Rise       ; HEX_block:HEX_BLOCK_UNIT|o_hex_3[0] ;
; -0.500 ; 0.500        ; 1.000          ; High Pulse Width ; i_clk ; Rise       ; HEX_block:HEX_BLOCK_UNIT|o_hex_3[1] ;
; -0.500 ; 0.500        ; 1.000          ; Low Pulse Width  ; i_clk ; Rise       ; HEX_block:HEX_BLOCK_UNIT|o_hex_3[1] ;
; -0.500 ; 0.500        ; 1.000          ; High Pulse Width ; i_clk ; Rise       ; HEX_block:HEX_BLOCK_UNIT|o_hex_3[2] ;
; -0.500 ; 0.500        ; 1.000          ; Low Pulse Width  ; i_clk ; Rise       ; HEX_block:HEX_BLOCK_UNIT|o_hex_3[2] ;
; -0.500 ; 0.500        ; 1.000          ; High Pulse Width ; i_clk ; Rise       ; HEX_block:HEX_BLOCK_UNIT|o_hex_3[3] ;
; -0.500 ; 0.500        ; 1.000          ; Low Pulse Width  ; i_clk ; Rise       ; HEX_block:HEX_BLOCK_UNIT|o_hex_3[3] ;
; -0.500 ; 0.500        ; 1.000          ; High Pulse Width ; i_clk ; Rise       ; HEX_block:HEX_BLOCK_UNIT|o_hex_3[4] ;
; -0.500 ; 0.500        ; 1.000          ; Low Pulse Width  ; i_clk ; Rise       ; HEX_block:HEX_BLOCK_UNIT|o_hex_3[4] ;
; -0.500 ; 0.500        ; 1.000          ; High Pulse Width ; i_clk ; Rise       ; HEX_block:HEX_BLOCK_UNIT|o_hex_3[5] ;
; -0.500 ; 0.500        ; 1.000          ; Low Pulse Width  ; i_clk ; Rise       ; HEX_block:HEX_BLOCK_UNIT|o_hex_3[5] ;
; -0.500 ; 0.500        ; 1.000          ; High Pulse Width ; i_clk ; Rise       ; HEX_block:HEX_BLOCK_UNIT|o_hex_3[6] ;
; -0.500 ; 0.500        ; 1.000          ; Low Pulse Width  ; i_clk ; Rise       ; HEX_block:HEX_BLOCK_UNIT|o_hex_3[6] ;
; -0.500 ; 0.500        ; 1.000          ; High Pulse Width ; i_clk ; Rise       ; HEX_block:HEX_BLOCK_UNIT|o_hex_4[0] ;
; -0.500 ; 0.500        ; 1.000          ; Low Pulse Width  ; i_clk ; Rise       ; HEX_block:HEX_BLOCK_UNIT|o_hex_4[0] ;
; -0.500 ; 0.500        ; 1.000          ; High Pulse Width ; i_clk ; Rise       ; HEX_block:HEX_BLOCK_UNIT|o_hex_4[1] ;
; -0.500 ; 0.500        ; 1.000          ; Low Pulse Width  ; i_clk ; Rise       ; HEX_block:HEX_BLOCK_UNIT|o_hex_4[1] ;
; -0.500 ; 0.500        ; 1.000          ; High Pulse Width ; i_clk ; Rise       ; HEX_block:HEX_BLOCK_UNIT|o_hex_4[2] ;
; -0.500 ; 0.500        ; 1.000          ; Low Pulse Width  ; i_clk ; Rise       ; HEX_block:HEX_BLOCK_UNIT|o_hex_4[2] ;
; -0.500 ; 0.500        ; 1.000          ; High Pulse Width ; i_clk ; Rise       ; HEX_block:HEX_BLOCK_UNIT|o_hex_4[3] ;
; -0.500 ; 0.500        ; 1.000          ; Low Pulse Width  ; i_clk ; Rise       ; HEX_block:HEX_BLOCK_UNIT|o_hex_4[3] ;
; -0.500 ; 0.500        ; 1.000          ; High Pulse Width ; i_clk ; Rise       ; HEX_block:HEX_BLOCK_UNIT|o_hex_4[4] ;
; -0.500 ; 0.500        ; 1.000          ; Low Pulse Width  ; i_clk ; Rise       ; HEX_block:HEX_BLOCK_UNIT|o_hex_4[4] ;
; -0.500 ; 0.500        ; 1.000          ; High Pulse Width ; i_clk ; Rise       ; HEX_block:HEX_BLOCK_UNIT|o_hex_4[5] ;
; -0.500 ; 0.500        ; 1.000          ; Low Pulse Width  ; i_clk ; Rise       ; HEX_block:HEX_BLOCK_UNIT|o_hex_4[5] ;
; -0.500 ; 0.500        ; 1.000          ; High Pulse Width ; i_clk ; Rise       ; HEX_block:HEX_BLOCK_UNIT|o_hex_4[6] ;
; -0.500 ; 0.500        ; 1.000          ; Low Pulse Width  ; i_clk ; Rise       ; HEX_block:HEX_BLOCK_UNIT|o_hex_4[6] ;
; -0.500 ; 0.500        ; 1.000          ; High Pulse Width ; i_clk ; Rise       ; HEX_block:HEX_BLOCK_UNIT|o_hex_5[0] ;
; -0.500 ; 0.500        ; 1.000          ; Low Pulse Width  ; i_clk ; Rise       ; HEX_block:HEX_BLOCK_UNIT|o_hex_5[0] ;
; -0.500 ; 0.500        ; 1.000          ; High Pulse Width ; i_clk ; Rise       ; HEX_block:HEX_BLOCK_UNIT|o_hex_5[1] ;
; -0.500 ; 0.500        ; 1.000          ; Low Pulse Width  ; i_clk ; Rise       ; HEX_block:HEX_BLOCK_UNIT|o_hex_5[1] ;
; -0.500 ; 0.500        ; 1.000          ; High Pulse Width ; i_clk ; Rise       ; HEX_block:HEX_BLOCK_UNIT|o_hex_5[2] ;
; -0.500 ; 0.500        ; 1.000          ; Low Pulse Width  ; i_clk ; Rise       ; HEX_block:HEX_BLOCK_UNIT|o_hex_5[2] ;
; -0.500 ; 0.500        ; 1.000          ; High Pulse Width ; i_clk ; Rise       ; HEX_block:HEX_BLOCK_UNIT|o_hex_5[3] ;
; -0.500 ; 0.500        ; 1.000          ; Low Pulse Width  ; i_clk ; Rise       ; HEX_block:HEX_BLOCK_UNIT|o_hex_5[3] ;
; -0.500 ; 0.500        ; 1.000          ; High Pulse Width ; i_clk ; Rise       ; HEX_block:HEX_BLOCK_UNIT|o_hex_5[4] ;
; -0.500 ; 0.500        ; 1.000          ; Low Pulse Width  ; i_clk ; Rise       ; HEX_block:HEX_BLOCK_UNIT|o_hex_5[4] ;
; -0.500 ; 0.500        ; 1.000          ; High Pulse Width ; i_clk ; Rise       ; HEX_block:HEX_BLOCK_UNIT|o_hex_5[5] ;
; -0.500 ; 0.500        ; 1.000          ; Low Pulse Width  ; i_clk ; Rise       ; HEX_block:HEX_BLOCK_UNIT|o_hex_5[5] ;
; -0.500 ; 0.500        ; 1.000          ; High Pulse Width ; i_clk ; Rise       ; HEX_block:HEX_BLOCK_UNIT|o_hex_5[6] ;
; -0.500 ; 0.500        ; 1.000          ; Low Pulse Width  ; i_clk ; Rise       ; HEX_block:HEX_BLOCK_UNIT|o_hex_5[6] ;
; -0.500 ; 0.500        ; 1.000          ; High Pulse Width ; i_clk ; Rise       ; HEX_block:HEX_BLOCK_UNIT|o_hex_6[0] ;
; -0.500 ; 0.500        ; 1.000          ; Low Pulse Width  ; i_clk ; Rise       ; HEX_block:HEX_BLOCK_UNIT|o_hex_6[0] ;
; -0.500 ; 0.500        ; 1.000          ; High Pulse Width ; i_clk ; Rise       ; HEX_block:HEX_BLOCK_UNIT|o_hex_6[1] ;
; -0.500 ; 0.500        ; 1.000          ; Low Pulse Width  ; i_clk ; Rise       ; HEX_block:HEX_BLOCK_UNIT|o_hex_6[1] ;
; -0.500 ; 0.500        ; 1.000          ; High Pulse Width ; i_clk ; Rise       ; HEX_block:HEX_BLOCK_UNIT|o_hex_6[2] ;
; -0.500 ; 0.500        ; 1.000          ; Low Pulse Width  ; i_clk ; Rise       ; HEX_block:HEX_BLOCK_UNIT|o_hex_6[2] ;
; -0.500 ; 0.500        ; 1.000          ; High Pulse Width ; i_clk ; Rise       ; HEX_block:HEX_BLOCK_UNIT|o_hex_6[3] ;
; -0.500 ; 0.500        ; 1.000          ; Low Pulse Width  ; i_clk ; Rise       ; HEX_block:HEX_BLOCK_UNIT|o_hex_6[3] ;
; -0.500 ; 0.500        ; 1.000          ; High Pulse Width ; i_clk ; Rise       ; HEX_block:HEX_BLOCK_UNIT|o_hex_6[4] ;
; -0.500 ; 0.500        ; 1.000          ; Low Pulse Width  ; i_clk ; Rise       ; HEX_block:HEX_BLOCK_UNIT|o_hex_6[4] ;
; -0.500 ; 0.500        ; 1.000          ; High Pulse Width ; i_clk ; Rise       ; HEX_block:HEX_BLOCK_UNIT|o_hex_6[5] ;
; -0.500 ; 0.500        ; 1.000          ; Low Pulse Width  ; i_clk ; Rise       ; HEX_block:HEX_BLOCK_UNIT|o_hex_6[5] ;
; -0.500 ; 0.500        ; 1.000          ; High Pulse Width ; i_clk ; Rise       ; HEX_block:HEX_BLOCK_UNIT|o_hex_6[6] ;
; -0.500 ; 0.500        ; 1.000          ; Low Pulse Width  ; i_clk ; Rise       ; HEX_block:HEX_BLOCK_UNIT|o_hex_6[6] ;
; -0.500 ; 0.500        ; 1.000          ; High Pulse Width ; i_clk ; Rise       ; HEX_block:HEX_BLOCK_UNIT|o_hex_7[0] ;
; -0.500 ; 0.500        ; 1.000          ; Low Pulse Width  ; i_clk ; Rise       ; HEX_block:HEX_BLOCK_UNIT|o_hex_7[0] ;
+--------+--------------+----------------+------------------+-------+------------+-------------------------------------+


+-------------------------------------------------------------------------+
; Setup Times                                                             ;
+-----------+------------+--------+--------+------------+-----------------+
; Data Port ; Clock Port ; Rise   ; Fall   ; Clock Edge ; Clock Reference ;
+-----------+------------+--------+--------+------------+-----------------+
; KEY[*]    ; i_clk      ; 2.618  ; 2.618  ; Rise       ; i_clk           ;
;  KEY[0]   ; i_clk      ; 2.609  ; 2.609  ; Rise       ; i_clk           ;
;  KEY[1]   ; i_clk      ; 2.618  ; 2.618  ; Rise       ; i_clk           ;
; SW[*]     ; i_clk      ; 2.734  ; 2.734  ; Rise       ; i_clk           ;
;  SW[0]    ; i_clk      ; 0.328  ; 0.328  ; Rise       ; i_clk           ;
;  SW[1]    ; i_clk      ; 0.450  ; 0.450  ; Rise       ; i_clk           ;
;  SW[2]    ; i_clk      ; 0.300  ; 0.300  ; Rise       ; i_clk           ;
;  SW[3]    ; i_clk      ; -0.321 ; -0.321 ; Rise       ; i_clk           ;
;  SW[4]    ; i_clk      ; -0.414 ; -0.414 ; Rise       ; i_clk           ;
;  SW[5]    ; i_clk      ; -0.455 ; -0.455 ; Rise       ; i_clk           ;
;  SW[6]    ; i_clk      ; -0.450 ; -0.450 ; Rise       ; i_clk           ;
;  SW[7]    ; i_clk      ; 0.418  ; 0.418  ; Rise       ; i_clk           ;
;  SW[8]    ; i_clk      ; 0.562  ; 0.562  ; Rise       ; i_clk           ;
;  SW[9]    ; i_clk      ; 0.455  ; 0.455  ; Rise       ; i_clk           ;
;  SW[10]   ; i_clk      ; 0.193  ; 0.193  ; Rise       ; i_clk           ;
;  SW[11]   ; i_clk      ; 0.156  ; 0.156  ; Rise       ; i_clk           ;
;  SW[12]   ; i_clk      ; 0.188  ; 0.188  ; Rise       ; i_clk           ;
;  SW[13]   ; i_clk      ; 2.734  ; 2.734  ; Rise       ; i_clk           ;
;  SW[14]   ; i_clk      ; 2.624  ; 2.624  ; Rise       ; i_clk           ;
;  SW[15]   ; i_clk      ; 2.599  ; 2.599  ; Rise       ; i_clk           ;
;  SW[16]   ; i_clk      ; 2.560  ; 2.560  ; Rise       ; i_clk           ;
+-----------+------------+--------+--------+------------+-----------------+


+-------------------------------------------------------------------------+
; Hold Times                                                              ;
+-----------+------------+--------+--------+------------+-----------------+
; Data Port ; Clock Port ; Rise   ; Fall   ; Clock Edge ; Clock Reference ;
+-----------+------------+--------+--------+------------+-----------------+
; KEY[*]    ; i_clk      ; -2.489 ; -2.489 ; Rise       ; i_clk           ;
;  KEY[0]   ; i_clk      ; -2.489 ; -2.489 ; Rise       ; i_clk           ;
;  KEY[1]   ; i_clk      ; -2.498 ; -2.498 ; Rise       ; i_clk           ;
; SW[*]     ; i_clk      ; 0.575  ; 0.575  ; Rise       ; i_clk           ;
;  SW[0]    ; i_clk      ; -0.208 ; -0.208 ; Rise       ; i_clk           ;
;  SW[1]    ; i_clk      ; -0.330 ; -0.330 ; Rise       ; i_clk           ;
;  SW[2]    ; i_clk      ; -0.180 ; -0.180 ; Rise       ; i_clk           ;
;  SW[3]    ; i_clk      ; 0.441  ; 0.441  ; Rise       ; i_clk           ;
;  SW[4]    ; i_clk      ; 0.534  ; 0.534  ; Rise       ; i_clk           ;
;  SW[5]    ; i_clk      ; 0.575  ; 0.575  ; Rise       ; i_clk           ;
;  SW[6]    ; i_clk      ; 0.570  ; 0.570  ; Rise       ; i_clk           ;
;  SW[7]    ; i_clk      ; -0.298 ; -0.298 ; Rise       ; i_clk           ;
;  SW[8]    ; i_clk      ; -0.442 ; -0.442 ; Rise       ; i_clk           ;
;  SW[9]    ; i_clk      ; -0.335 ; -0.335 ; Rise       ; i_clk           ;
;  SW[10]   ; i_clk      ; -0.073 ; -0.073 ; Rise       ; i_clk           ;
;  SW[11]   ; i_clk      ; -0.036 ; -0.036 ; Rise       ; i_clk           ;
;  SW[12]   ; i_clk      ; -0.068 ; -0.068 ; Rise       ; i_clk           ;
;  SW[13]   ; i_clk      ; -2.614 ; -2.614 ; Rise       ; i_clk           ;
;  SW[14]   ; i_clk      ; -2.504 ; -2.504 ; Rise       ; i_clk           ;
;  SW[15]   ; i_clk      ; -2.479 ; -2.479 ; Rise       ; i_clk           ;
;  SW[16]   ; i_clk      ; -2.440 ; -2.440 ; Rise       ; i_clk           ;
+-----------+------------+--------+--------+------------+-----------------+


+-------------------------------------------------------------------------+
; Clock to Output Times                                                   ;
+-----------+------------+--------+--------+------------+-----------------+
; Data Port ; Clock Port ; Rise   ; Fall   ; Clock Edge ; Clock Reference ;
+-----------+------------+--------+--------+------------+-----------------+
; HEX0[*]   ; i_clk      ; 4.212  ; 4.212  ; Rise       ; i_clk           ;
;  HEX0[0]  ; i_clk      ; 3.932  ; 3.932  ; Rise       ; i_clk           ;
;  HEX0[1]  ; i_clk      ; 4.196  ; 4.196  ; Rise       ; i_clk           ;
;  HEX0[2]  ; i_clk      ; 4.212  ; 4.212  ; Rise       ; i_clk           ;
;  HEX0[3]  ; i_clk      ; 4.084  ; 4.084  ; Rise       ; i_clk           ;
;  HEX0[4]  ; i_clk      ; 4.098  ; 4.098  ; Rise       ; i_clk           ;
;  HEX0[5]  ; i_clk      ; 4.090  ; 4.090  ; Rise       ; i_clk           ;
;  HEX0[6]  ; i_clk      ; 4.081  ; 4.081  ; Rise       ; i_clk           ;
; HEX1[*]   ; i_clk      ; 3.940  ; 3.940  ; Rise       ; i_clk           ;
;  HEX1[0]  ; i_clk      ; 3.940  ; 3.940  ; Rise       ; i_clk           ;
;  HEX1[1]  ; i_clk      ; 3.907  ; 3.907  ; Rise       ; i_clk           ;
;  HEX1[2]  ; i_clk      ; 3.758  ; 3.758  ; Rise       ; i_clk           ;
;  HEX1[3]  ; i_clk      ; 3.680  ; 3.680  ; Rise       ; i_clk           ;
;  HEX1[4]  ; i_clk      ; 3.809  ; 3.809  ; Rise       ; i_clk           ;
;  HEX1[5]  ; i_clk      ; 3.766  ; 3.766  ; Rise       ; i_clk           ;
;  HEX1[6]  ; i_clk      ; 3.911  ; 3.911  ; Rise       ; i_clk           ;
; HEX2[*]   ; i_clk      ; 4.024  ; 4.024  ; Rise       ; i_clk           ;
;  HEX2[0]  ; i_clk      ; 3.832  ; 3.832  ; Rise       ; i_clk           ;
;  HEX2[1]  ; i_clk      ; 3.987  ; 3.987  ; Rise       ; i_clk           ;
;  HEX2[2]  ; i_clk      ; 4.001  ; 4.001  ; Rise       ; i_clk           ;
;  HEX2[3]  ; i_clk      ; 3.974  ; 3.974  ; Rise       ; i_clk           ;
;  HEX2[4]  ; i_clk      ; 4.003  ; 4.003  ; Rise       ; i_clk           ;
;  HEX2[5]  ; i_clk      ; 4.024  ; 4.024  ; Rise       ; i_clk           ;
;  HEX2[6]  ; i_clk      ; 3.844  ; 3.844  ; Rise       ; i_clk           ;
; HEX3[*]   ; i_clk      ; 4.025  ; 4.025  ; Rise       ; i_clk           ;
;  HEX3[0]  ; i_clk      ; 4.008  ; 4.008  ; Rise       ; i_clk           ;
;  HEX3[1]  ; i_clk      ; 4.025  ; 4.025  ; Rise       ; i_clk           ;
;  HEX3[2]  ; i_clk      ; 4.015  ; 4.015  ; Rise       ; i_clk           ;
;  HEX3[3]  ; i_clk      ; 4.001  ; 4.001  ; Rise       ; i_clk           ;
;  HEX3[4]  ; i_clk      ; 3.847  ; 3.847  ; Rise       ; i_clk           ;
;  HEX3[5]  ; i_clk      ; 4.003  ; 4.003  ; Rise       ; i_clk           ;
;  HEX3[6]  ; i_clk      ; 3.995  ; 3.995  ; Rise       ; i_clk           ;
; HEX4[*]   ; i_clk      ; 5.264  ; 5.264  ; Rise       ; i_clk           ;
;  HEX4[0]  ; i_clk      ; 4.562  ; 4.562  ; Rise       ; i_clk           ;
;  HEX4[1]  ; i_clk      ; 4.685  ; 4.685  ; Rise       ; i_clk           ;
;  HEX4[2]  ; i_clk      ; 4.652  ; 4.652  ; Rise       ; i_clk           ;
;  HEX4[3]  ; i_clk      ; 4.415  ; 4.415  ; Rise       ; i_clk           ;
;  HEX4[4]  ; i_clk      ; 5.264  ; 5.264  ; Rise       ; i_clk           ;
;  HEX4[5]  ; i_clk      ; 4.670  ; 4.670  ; Rise       ; i_clk           ;
;  HEX4[6]  ; i_clk      ; 4.567  ; 4.567  ; Rise       ; i_clk           ;
; HEX5[*]   ; i_clk      ; 5.657  ; 5.657  ; Rise       ; i_clk           ;
;  HEX5[0]  ; i_clk      ; 4.453  ; 4.453  ; Rise       ; i_clk           ;
;  HEX5[1]  ; i_clk      ; 5.458  ; 5.458  ; Rise       ; i_clk           ;
;  HEX5[2]  ; i_clk      ; 4.463  ; 4.463  ; Rise       ; i_clk           ;
;  HEX5[3]  ; i_clk      ; 4.506  ; 4.506  ; Rise       ; i_clk           ;
;  HEX5[4]  ; i_clk      ; 5.657  ; 5.657  ; Rise       ; i_clk           ;
;  HEX5[5]  ; i_clk      ; 5.467  ; 5.467  ; Rise       ; i_clk           ;
;  HEX5[6]  ; i_clk      ; 4.416  ; 4.416  ; Rise       ; i_clk           ;
; HEX6[*]   ; i_clk      ; 5.545  ; 5.545  ; Rise       ; i_clk           ;
;  HEX6[0]  ; i_clk      ; 4.691  ; 4.691  ; Rise       ; i_clk           ;
;  HEX6[1]  ; i_clk      ; 4.765  ; 4.765  ; Rise       ; i_clk           ;
;  HEX6[2]  ; i_clk      ; 5.369  ; 5.369  ; Rise       ; i_clk           ;
;  HEX6[3]  ; i_clk      ; 5.108  ; 5.108  ; Rise       ; i_clk           ;
;  HEX6[4]  ; i_clk      ; 4.834  ; 4.834  ; Rise       ; i_clk           ;
;  HEX6[5]  ; i_clk      ; 4.842  ; 4.842  ; Rise       ; i_clk           ;
;  HEX6[6]  ; i_clk      ; 5.545  ; 5.545  ; Rise       ; i_clk           ;
; HEX7[*]   ; i_clk      ; 5.544  ; 5.544  ; Rise       ; i_clk           ;
;  HEX7[0]  ; i_clk      ; 5.544  ; 5.544  ; Rise       ; i_clk           ;
;  HEX7[1]  ; i_clk      ; 4.863  ; 4.863  ; Rise       ; i_clk           ;
;  HEX7[2]  ; i_clk      ; 5.493  ; 5.493  ; Rise       ; i_clk           ;
;  HEX7[3]  ; i_clk      ; 4.664  ; 4.664  ; Rise       ; i_clk           ;
;  HEX7[4]  ; i_clk      ; 5.389  ; 5.389  ; Rise       ; i_clk           ;
;  HEX7[5]  ; i_clk      ; 4.789  ; 4.789  ; Rise       ; i_clk           ;
;  HEX7[6]  ; i_clk      ; 5.009  ; 5.009  ; Rise       ; i_clk           ;
; LEDG[*]   ; i_clk      ; 14.499 ; 14.499 ; Rise       ; i_clk           ;
;  LEDG[0]  ; i_clk      ; 4.318  ; 4.318  ; Rise       ; i_clk           ;
;  LEDG[1]  ; i_clk      ; 4.250  ; 4.250  ; Rise       ; i_clk           ;
;  LEDG[2]  ; i_clk      ; 9.681  ; 9.681  ; Rise       ; i_clk           ;
;  LEDG[3]  ; i_clk      ; 14.499 ; 14.499 ; Rise       ; i_clk           ;
; LEDR[*]   ; i_clk      ; 4.866  ; 4.866  ; Rise       ; i_clk           ;
;  LEDR[0]  ; i_clk      ; 4.050  ; 4.050  ; Rise       ; i_clk           ;
;  LEDR[1]  ; i_clk      ; 4.617  ; 4.617  ; Rise       ; i_clk           ;
;  LEDR[2]  ; i_clk      ; 4.866  ; 4.866  ; Rise       ; i_clk           ;
;  LEDR[3]  ; i_clk      ; 4.790  ; 4.790  ; Rise       ; i_clk           ;
;  LEDR[4]  ; i_clk      ; 4.469  ; 4.469  ; Rise       ; i_clk           ;
;  LEDR[5]  ; i_clk      ; 4.458  ; 4.458  ; Rise       ; i_clk           ;
;  LEDR[6]  ; i_clk      ; 4.566  ; 4.566  ; Rise       ; i_clk           ;
;  LEDR[7]  ; i_clk      ; 4.102  ; 4.102  ; Rise       ; i_clk           ;
;  LEDR[8]  ; i_clk      ; 3.829  ; 3.829  ; Rise       ; i_clk           ;
;  LEDR[9]  ; i_clk      ; 3.955  ; 3.955  ; Rise       ; i_clk           ;
;  LEDR[10] ; i_clk      ; 3.647  ; 3.647  ; Rise       ; i_clk           ;
;  LEDR[11] ; i_clk      ; 3.959  ; 3.959  ; Rise       ; i_clk           ;
;  LEDR[12] ; i_clk      ; 3.872  ; 3.872  ; Rise       ; i_clk           ;
;  LEDR[13] ; i_clk      ; 3.664  ; 3.664  ; Rise       ; i_clk           ;
;  LEDR[14] ; i_clk      ; 3.899  ; 3.899  ; Rise       ; i_clk           ;
;  LEDR[15] ; i_clk      ; 3.881  ; 3.881  ; Rise       ; i_clk           ;
;  LEDR[16] ; i_clk      ; 3.953  ; 3.953  ; Rise       ; i_clk           ;
+-----------+------------+--------+--------+------------+-----------------+


+-----------------------------------------------------------------------+
; Minimum Clock to Output Times                                         ;
+-----------+------------+-------+-------+------------+-----------------+
; Data Port ; Clock Port ; Rise  ; Fall  ; Clock Edge ; Clock Reference ;
+-----------+------------+-------+-------+------------+-----------------+
; HEX0[*]   ; i_clk      ; 3.932 ; 3.932 ; Rise       ; i_clk           ;
;  HEX0[0]  ; i_clk      ; 3.932 ; 3.932 ; Rise       ; i_clk           ;
;  HEX0[1]  ; i_clk      ; 4.196 ; 4.196 ; Rise       ; i_clk           ;
;  HEX0[2]  ; i_clk      ; 4.212 ; 4.212 ; Rise       ; i_clk           ;
;  HEX0[3]  ; i_clk      ; 4.084 ; 4.084 ; Rise       ; i_clk           ;
;  HEX0[4]  ; i_clk      ; 4.098 ; 4.098 ; Rise       ; i_clk           ;
;  HEX0[5]  ; i_clk      ; 4.090 ; 4.090 ; Rise       ; i_clk           ;
;  HEX0[6]  ; i_clk      ; 4.081 ; 4.081 ; Rise       ; i_clk           ;
; HEX1[*]   ; i_clk      ; 3.680 ; 3.680 ; Rise       ; i_clk           ;
;  HEX1[0]  ; i_clk      ; 3.940 ; 3.940 ; Rise       ; i_clk           ;
;  HEX1[1]  ; i_clk      ; 3.907 ; 3.907 ; Rise       ; i_clk           ;
;  HEX1[2]  ; i_clk      ; 3.758 ; 3.758 ; Rise       ; i_clk           ;
;  HEX1[3]  ; i_clk      ; 3.680 ; 3.680 ; Rise       ; i_clk           ;
;  HEX1[4]  ; i_clk      ; 3.809 ; 3.809 ; Rise       ; i_clk           ;
;  HEX1[5]  ; i_clk      ; 3.766 ; 3.766 ; Rise       ; i_clk           ;
;  HEX1[6]  ; i_clk      ; 3.911 ; 3.911 ; Rise       ; i_clk           ;
; HEX2[*]   ; i_clk      ; 3.832 ; 3.832 ; Rise       ; i_clk           ;
;  HEX2[0]  ; i_clk      ; 3.832 ; 3.832 ; Rise       ; i_clk           ;
;  HEX2[1]  ; i_clk      ; 3.987 ; 3.987 ; Rise       ; i_clk           ;
;  HEX2[2]  ; i_clk      ; 4.001 ; 4.001 ; Rise       ; i_clk           ;
;  HEX2[3]  ; i_clk      ; 3.974 ; 3.974 ; Rise       ; i_clk           ;
;  HEX2[4]  ; i_clk      ; 4.003 ; 4.003 ; Rise       ; i_clk           ;
;  HEX2[5]  ; i_clk      ; 4.024 ; 4.024 ; Rise       ; i_clk           ;
;  HEX2[6]  ; i_clk      ; 3.844 ; 3.844 ; Rise       ; i_clk           ;
; HEX3[*]   ; i_clk      ; 3.847 ; 3.847 ; Rise       ; i_clk           ;
;  HEX3[0]  ; i_clk      ; 4.008 ; 4.008 ; Rise       ; i_clk           ;
;  HEX3[1]  ; i_clk      ; 4.025 ; 4.025 ; Rise       ; i_clk           ;
;  HEX3[2]  ; i_clk      ; 4.015 ; 4.015 ; Rise       ; i_clk           ;
;  HEX3[3]  ; i_clk      ; 4.001 ; 4.001 ; Rise       ; i_clk           ;
;  HEX3[4]  ; i_clk      ; 3.847 ; 3.847 ; Rise       ; i_clk           ;
;  HEX3[5]  ; i_clk      ; 4.003 ; 4.003 ; Rise       ; i_clk           ;
;  HEX3[6]  ; i_clk      ; 3.995 ; 3.995 ; Rise       ; i_clk           ;
; HEX4[*]   ; i_clk      ; 4.415 ; 4.415 ; Rise       ; i_clk           ;
;  HEX4[0]  ; i_clk      ; 4.562 ; 4.562 ; Rise       ; i_clk           ;
;  HEX4[1]  ; i_clk      ; 4.685 ; 4.685 ; Rise       ; i_clk           ;
;  HEX4[2]  ; i_clk      ; 4.652 ; 4.652 ; Rise       ; i_clk           ;
;  HEX4[3]  ; i_clk      ; 4.415 ; 4.415 ; Rise       ; i_clk           ;
;  HEX4[4]  ; i_clk      ; 5.264 ; 5.264 ; Rise       ; i_clk           ;
;  HEX4[5]  ; i_clk      ; 4.670 ; 4.670 ; Rise       ; i_clk           ;
;  HEX4[6]  ; i_clk      ; 4.567 ; 4.567 ; Rise       ; i_clk           ;
; HEX5[*]   ; i_clk      ; 4.416 ; 4.416 ; Rise       ; i_clk           ;
;  HEX5[0]  ; i_clk      ; 4.453 ; 4.453 ; Rise       ; i_clk           ;
;  HEX5[1]  ; i_clk      ; 5.458 ; 5.458 ; Rise       ; i_clk           ;
;  HEX5[2]  ; i_clk      ; 4.463 ; 4.463 ; Rise       ; i_clk           ;
;  HEX5[3]  ; i_clk      ; 4.506 ; 4.506 ; Rise       ; i_clk           ;
;  HEX5[4]  ; i_clk      ; 5.657 ; 5.657 ; Rise       ; i_clk           ;
;  HEX5[5]  ; i_clk      ; 5.467 ; 5.467 ; Rise       ; i_clk           ;
;  HEX5[6]  ; i_clk      ; 4.416 ; 4.416 ; Rise       ; i_clk           ;
; HEX6[*]   ; i_clk      ; 4.691 ; 4.691 ; Rise       ; i_clk           ;
;  HEX6[0]  ; i_clk      ; 4.691 ; 4.691 ; Rise       ; i_clk           ;
;  HEX6[1]  ; i_clk      ; 4.765 ; 4.765 ; Rise       ; i_clk           ;
;  HEX6[2]  ; i_clk      ; 5.369 ; 5.369 ; Rise       ; i_clk           ;
;  HEX6[3]  ; i_clk      ; 5.108 ; 5.108 ; Rise       ; i_clk           ;
;  HEX6[4]  ; i_clk      ; 4.834 ; 4.834 ; Rise       ; i_clk           ;
;  HEX6[5]  ; i_clk      ; 4.842 ; 4.842 ; Rise       ; i_clk           ;
;  HEX6[6]  ; i_clk      ; 5.545 ; 5.545 ; Rise       ; i_clk           ;
; HEX7[*]   ; i_clk      ; 4.664 ; 4.664 ; Rise       ; i_clk           ;
;  HEX7[0]  ; i_clk      ; 5.544 ; 5.544 ; Rise       ; i_clk           ;
;  HEX7[1]  ; i_clk      ; 4.863 ; 4.863 ; Rise       ; i_clk           ;
;  HEX7[2]  ; i_clk      ; 5.493 ; 5.493 ; Rise       ; i_clk           ;
;  HEX7[3]  ; i_clk      ; 4.664 ; 4.664 ; Rise       ; i_clk           ;
;  HEX7[4]  ; i_clk      ; 5.389 ; 5.389 ; Rise       ; i_clk           ;
;  HEX7[5]  ; i_clk      ; 4.789 ; 4.789 ; Rise       ; i_clk           ;
;  HEX7[6]  ; i_clk      ; 5.009 ; 5.009 ; Rise       ; i_clk           ;
; LEDG[*]   ; i_clk      ; 4.079 ; 4.079 ; Rise       ; i_clk           ;
;  LEDG[0]  ; i_clk      ; 4.079 ; 4.079 ; Rise       ; i_clk           ;
;  LEDG[1]  ; i_clk      ; 4.250 ; 4.250 ; Rise       ; i_clk           ;
;  LEDG[2]  ; i_clk      ; 5.175 ; 5.175 ; Rise       ; i_clk           ;
;  LEDG[3]  ; i_clk      ; 5.180 ; 5.180 ; Rise       ; i_clk           ;
; LEDR[*]   ; i_clk      ; 3.647 ; 3.647 ; Rise       ; i_clk           ;
;  LEDR[0]  ; i_clk      ; 4.050 ; 4.050 ; Rise       ; i_clk           ;
;  LEDR[1]  ; i_clk      ; 4.617 ; 4.617 ; Rise       ; i_clk           ;
;  LEDR[2]  ; i_clk      ; 4.866 ; 4.866 ; Rise       ; i_clk           ;
;  LEDR[3]  ; i_clk      ; 4.790 ; 4.790 ; Rise       ; i_clk           ;
;  LEDR[4]  ; i_clk      ; 4.469 ; 4.469 ; Rise       ; i_clk           ;
;  LEDR[5]  ; i_clk      ; 4.458 ; 4.458 ; Rise       ; i_clk           ;
;  LEDR[6]  ; i_clk      ; 4.566 ; 4.566 ; Rise       ; i_clk           ;
;  LEDR[7]  ; i_clk      ; 4.102 ; 4.102 ; Rise       ; i_clk           ;
;  LEDR[8]  ; i_clk      ; 3.829 ; 3.829 ; Rise       ; i_clk           ;
;  LEDR[9]  ; i_clk      ; 3.955 ; 3.955 ; Rise       ; i_clk           ;
;  LEDR[10] ; i_clk      ; 3.647 ; 3.647 ; Rise       ; i_clk           ;
;  LEDR[11] ; i_clk      ; 3.959 ; 3.959 ; Rise       ; i_clk           ;
;  LEDR[12] ; i_clk      ; 3.872 ; 3.872 ; Rise       ; i_clk           ;
;  LEDR[13] ; i_clk      ; 3.664 ; 3.664 ; Rise       ; i_clk           ;
;  LEDR[14] ; i_clk      ; 3.899 ; 3.899 ; Rise       ; i_clk           ;
;  LEDR[15] ; i_clk      ; 3.881 ; 3.881 ; Rise       ; i_clk           ;
;  LEDR[16] ; i_clk      ; 3.953 ; 3.953 ; Rise       ; i_clk           ;
+-----------+------------+-------+-------+------------+-----------------+


+----------------------------------------------------+
; Propagation Delay                                  ;
+------------+-------------+-------+----+----+-------+
; Input Port ; Output Port ; RR    ; RF ; FR ; FF    ;
+------------+-------------+-------+----+----+-------+
; SW[17]     ; LEDR[17]    ; 6.015 ;    ;    ; 6.015 ;
+------------+-------------+-------+----+----+-------+


+----------------------------------------------------+
; Minimum Propagation Delay                          ;
+------------+-------------+-------+----+----+-------+
; Input Port ; Output Port ; RR    ; RF ; FR ; FF    ;
+------------+-------------+-------+----+----+-------+
; SW[17]     ; LEDR[17]    ; 6.015 ;    ;    ; 6.015 ;
+------------+-------------+-------+----+----+-------+


+----------------------------------------------------------------------------------+
; Multicorner Timing Analysis Summary                                              ;
+------------------+-----------+--------+----------+---------+---------------------+
; Clock            ; Setup     ; Hold   ; Recovery ; Removal ; Minimum Pulse Width ;
+------------------+-----------+--------+----------+---------+---------------------+
; Worst-case Slack ; -25.067   ; -2.562 ; N/A      ; N/A     ; -1.380              ;
;  CLOCK_50        ; -2.792    ; -2.562 ; N/A      ; N/A     ; -1.380              ;
;  i_clk           ; -25.067   ; 0.215  ; N/A      ; N/A     ; -0.500              ;
; Design-wide TNS  ; -1383.984 ; -2.562 ; 0.0      ; 0.0     ; -115.38             ;
;  CLOCK_50        ; -56.598   ; -2.562 ; N/A      ; N/A     ; -34.380             ;
;  i_clk           ; -1327.386 ; 0.000  ; N/A      ; N/A     ; -81.000             ;
+------------------+-----------+--------+----------+---------+---------------------+


+-------------------------------------------------------------------------+
; Setup Times                                                             ;
+-----------+------------+--------+--------+------------+-----------------+
; Data Port ; Clock Port ; Rise   ; Fall   ; Clock Edge ; Clock Reference ;
+-----------+------------+--------+--------+------------+-----------------+
; KEY[*]    ; i_clk      ; 4.742  ; 4.742  ; Rise       ; i_clk           ;
;  KEY[0]   ; i_clk      ; 4.742  ; 4.742  ; Rise       ; i_clk           ;
;  KEY[1]   ; i_clk      ; 4.684  ; 4.684  ; Rise       ; i_clk           ;
; SW[*]     ; i_clk      ; 4.988  ; 4.988  ; Rise       ; i_clk           ;
;  SW[0]    ; i_clk      ; 1.043  ; 1.043  ; Rise       ; i_clk           ;
;  SW[1]    ; i_clk      ; 1.326  ; 1.326  ; Rise       ; i_clk           ;
;  SW[2]    ; i_clk      ; 1.009  ; 1.009  ; Rise       ; i_clk           ;
;  SW[3]    ; i_clk      ; -0.110 ; -0.110 ; Rise       ; i_clk           ;
;  SW[4]    ; i_clk      ; -0.327 ; -0.327 ; Rise       ; i_clk           ;
;  SW[5]    ; i_clk      ; -0.381 ; -0.381 ; Rise       ; i_clk           ;
;  SW[6]    ; i_clk      ; -0.373 ; -0.373 ; Rise       ; i_clk           ;
;  SW[7]    ; i_clk      ; 1.025  ; 1.025  ; Rise       ; i_clk           ;
;  SW[8]    ; i_clk      ; 1.317  ; 1.317  ; Rise       ; i_clk           ;
;  SW[9]    ; i_clk      ; 1.152  ; 1.152  ; Rise       ; i_clk           ;
;  SW[10]   ; i_clk      ; 0.740  ; 0.740  ; Rise       ; i_clk           ;
;  SW[11]   ; i_clk      ; 0.694  ; 0.694  ; Rise       ; i_clk           ;
;  SW[12]   ; i_clk      ; 0.739  ; 0.739  ; Rise       ; i_clk           ;
;  SW[13]   ; i_clk      ; 4.988  ; 4.988  ; Rise       ; i_clk           ;
;  SW[14]   ; i_clk      ; 4.721  ; 4.721  ; Rise       ; i_clk           ;
;  SW[15]   ; i_clk      ; 4.689  ; 4.689  ; Rise       ; i_clk           ;
;  SW[16]   ; i_clk      ; 4.686  ; 4.686  ; Rise       ; i_clk           ;
+-----------+------------+--------+--------+------------+-----------------+


+-------------------------------------------------------------------------+
; Hold Times                                                              ;
+-----------+------------+--------+--------+------------+-----------------+
; Data Port ; Clock Port ; Rise   ; Fall   ; Clock Edge ; Clock Reference ;
+-----------+------------+--------+--------+------------+-----------------+
; KEY[*]    ; i_clk      ; -2.489 ; -2.489 ; Rise       ; i_clk           ;
;  KEY[0]   ; i_clk      ; -2.489 ; -2.489 ; Rise       ; i_clk           ;
;  KEY[1]   ; i_clk      ; -2.498 ; -2.498 ; Rise       ; i_clk           ;
; SW[*]     ; i_clk      ; 0.611  ; 0.611  ; Rise       ; i_clk           ;
;  SW[0]    ; i_clk      ; -0.208 ; -0.208 ; Rise       ; i_clk           ;
;  SW[1]    ; i_clk      ; -0.330 ; -0.330 ; Rise       ; i_clk           ;
;  SW[2]    ; i_clk      ; -0.180 ; -0.180 ; Rise       ; i_clk           ;
;  SW[3]    ; i_clk      ; 0.441  ; 0.441  ; Rise       ; i_clk           ;
;  SW[4]    ; i_clk      ; 0.557  ; 0.557  ; Rise       ; i_clk           ;
;  SW[5]    ; i_clk      ; 0.611  ; 0.611  ; Rise       ; i_clk           ;
;  SW[6]    ; i_clk      ; 0.603  ; 0.603  ; Rise       ; i_clk           ;
;  SW[7]    ; i_clk      ; -0.298 ; -0.298 ; Rise       ; i_clk           ;
;  SW[8]    ; i_clk      ; -0.442 ; -0.442 ; Rise       ; i_clk           ;
;  SW[9]    ; i_clk      ; -0.335 ; -0.335 ; Rise       ; i_clk           ;
;  SW[10]   ; i_clk      ; -0.073 ; -0.073 ; Rise       ; i_clk           ;
;  SW[11]   ; i_clk      ; -0.036 ; -0.036 ; Rise       ; i_clk           ;
;  SW[12]   ; i_clk      ; -0.068 ; -0.068 ; Rise       ; i_clk           ;
;  SW[13]   ; i_clk      ; -2.614 ; -2.614 ; Rise       ; i_clk           ;
;  SW[14]   ; i_clk      ; -2.504 ; -2.504 ; Rise       ; i_clk           ;
;  SW[15]   ; i_clk      ; -2.479 ; -2.479 ; Rise       ; i_clk           ;
;  SW[16]   ; i_clk      ; -2.440 ; -2.440 ; Rise       ; i_clk           ;
+-----------+------------+--------+--------+------------+-----------------+


+-------------------------------------------------------------------------+
; Clock to Output Times                                                   ;
+-----------+------------+--------+--------+------------+-----------------+
; Data Port ; Clock Port ; Rise   ; Fall   ; Clock Edge ; Clock Reference ;
+-----------+------------+--------+--------+------------+-----------------+
; HEX0[*]   ; i_clk      ; 7.682  ; 7.682  ; Rise       ; i_clk           ;
;  HEX0[0]  ; i_clk      ; 6.985  ; 6.985  ; Rise       ; i_clk           ;
;  HEX0[1]  ; i_clk      ; 7.682  ; 7.682  ; Rise       ; i_clk           ;
;  HEX0[2]  ; i_clk      ; 7.642  ; 7.642  ; Rise       ; i_clk           ;
;  HEX0[3]  ; i_clk      ; 7.422  ; 7.422  ; Rise       ; i_clk           ;
;  HEX0[4]  ; i_clk      ; 7.445  ; 7.445  ; Rise       ; i_clk           ;
;  HEX0[5]  ; i_clk      ; 7.436  ; 7.436  ; Rise       ; i_clk           ;
;  HEX0[6]  ; i_clk      ; 7.424  ; 7.424  ; Rise       ; i_clk           ;
; HEX1[*]   ; i_clk      ; 7.145  ; 7.145  ; Rise       ; i_clk           ;
;  HEX1[0]  ; i_clk      ; 7.059  ; 7.059  ; Rise       ; i_clk           ;
;  HEX1[1]  ; i_clk      ; 7.028  ; 7.028  ; Rise       ; i_clk           ;
;  HEX1[2]  ; i_clk      ; 6.835  ; 6.835  ; Rise       ; i_clk           ;
;  HEX1[3]  ; i_clk      ; 6.596  ; 6.596  ; Rise       ; i_clk           ;
;  HEX1[4]  ; i_clk      ; 6.905  ; 6.905  ; Rise       ; i_clk           ;
;  HEX1[5]  ; i_clk      ; 6.844  ; 6.844  ; Rise       ; i_clk           ;
;  HEX1[6]  ; i_clk      ; 7.145  ; 7.145  ; Rise       ; i_clk           ;
; HEX2[*]   ; i_clk      ; 7.372  ; 7.372  ; Rise       ; i_clk           ;
;  HEX2[0]  ; i_clk      ; 6.902  ; 6.902  ; Rise       ; i_clk           ;
;  HEX2[1]  ; i_clk      ; 7.337  ; 7.337  ; Rise       ; i_clk           ;
;  HEX2[2]  ; i_clk      ; 7.337  ; 7.337  ; Rise       ; i_clk           ;
;  HEX2[3]  ; i_clk      ; 7.184  ; 7.184  ; Rise       ; i_clk           ;
;  HEX2[4]  ; i_clk      ; 7.345  ; 7.345  ; Rise       ; i_clk           ;
;  HEX2[5]  ; i_clk      ; 7.372  ; 7.372  ; Rise       ; i_clk           ;
;  HEX2[6]  ; i_clk      ; 6.922  ; 6.922  ; Rise       ; i_clk           ;
; HEX3[*]   ; i_clk      ; 7.383  ; 7.383  ; Rise       ; i_clk           ;
;  HEX3[0]  ; i_clk      ; 7.362  ; 7.362  ; Rise       ; i_clk           ;
;  HEX3[1]  ; i_clk      ; 7.383  ; 7.383  ; Rise       ; i_clk           ;
;  HEX3[2]  ; i_clk      ; 7.362  ; 7.362  ; Rise       ; i_clk           ;
;  HEX3[3]  ; i_clk      ; 7.338  ; 7.338  ; Rise       ; i_clk           ;
;  HEX3[4]  ; i_clk      ; 6.920  ; 6.920  ; Rise       ; i_clk           ;
;  HEX3[5]  ; i_clk      ; 7.367  ; 7.367  ; Rise       ; i_clk           ;
;  HEX3[6]  ; i_clk      ; 7.273  ; 7.273  ; Rise       ; i_clk           ;
; HEX4[*]   ; i_clk      ; 9.850  ; 9.850  ; Rise       ; i_clk           ;
;  HEX4[0]  ; i_clk      ; 8.408  ; 8.408  ; Rise       ; i_clk           ;
;  HEX4[1]  ; i_clk      ; 8.665  ; 8.665  ; Rise       ; i_clk           ;
;  HEX4[2]  ; i_clk      ; 8.553  ; 8.553  ; Rise       ; i_clk           ;
;  HEX4[3]  ; i_clk      ; 7.989  ; 7.989  ; Rise       ; i_clk           ;
;  HEX4[4]  ; i_clk      ; 9.850  ; 9.850  ; Rise       ; i_clk           ;
;  HEX4[5]  ; i_clk      ; 8.641  ; 8.641  ; Rise       ; i_clk           ;
;  HEX4[6]  ; i_clk      ; 8.337  ; 8.337  ; Rise       ; i_clk           ;
; HEX5[*]   ; i_clk      ; 10.577 ; 10.577 ; Rise       ; i_clk           ;
;  HEX5[0]  ; i_clk      ; 8.060  ; 8.060  ; Rise       ; i_clk           ;
;  HEX5[1]  ; i_clk      ; 10.131 ; 10.131 ; Rise       ; i_clk           ;
;  HEX5[2]  ; i_clk      ; 8.112  ; 8.112  ; Rise       ; i_clk           ;
;  HEX5[3]  ; i_clk      ; 8.155  ; 8.155  ; Rise       ; i_clk           ;
;  HEX5[4]  ; i_clk      ; 10.577 ; 10.577 ; Rise       ; i_clk           ;
;  HEX5[5]  ; i_clk      ; 10.338 ; 10.338 ; Rise       ; i_clk           ;
;  HEX5[6]  ; i_clk      ; 7.970  ; 7.970  ; Rise       ; i_clk           ;
; HEX6[*]   ; i_clk      ; 10.236 ; 10.236 ; Rise       ; i_clk           ;
;  HEX6[0]  ; i_clk      ; 8.605  ; 8.605  ; Rise       ; i_clk           ;
;  HEX6[1]  ; i_clk      ; 8.780  ; 8.780  ; Rise       ; i_clk           ;
;  HEX6[2]  ; i_clk      ; 10.046 ; 10.046 ; Rise       ; i_clk           ;
;  HEX6[3]  ; i_clk      ; 9.552  ; 9.552  ; Rise       ; i_clk           ;
;  HEX6[4]  ; i_clk      ; 8.857  ; 8.857  ; Rise       ; i_clk           ;
;  HEX6[5]  ; i_clk      ; 8.761  ; 8.761  ; Rise       ; i_clk           ;
;  HEX6[6]  ; i_clk      ; 10.236 ; 10.236 ; Rise       ; i_clk           ;
; HEX7[*]   ; i_clk      ; 10.496 ; 10.496 ; Rise       ; i_clk           ;
;  HEX7[0]  ; i_clk      ; 10.496 ; 10.496 ; Rise       ; i_clk           ;
;  HEX7[1]  ; i_clk      ; 8.970  ; 8.970  ; Rise       ; i_clk           ;
;  HEX7[2]  ; i_clk      ; 10.365 ; 10.365 ; Rise       ; i_clk           ;
;  HEX7[3]  ; i_clk      ; 8.482  ; 8.482  ; Rise       ; i_clk           ;
;  HEX7[4]  ; i_clk      ; 9.997  ; 9.997  ; Rise       ; i_clk           ;
;  HEX7[5]  ; i_clk      ; 8.707  ; 8.707  ; Rise       ; i_clk           ;
;  HEX7[6]  ; i_clk      ; 9.053  ; 9.053  ; Rise       ; i_clk           ;
; LEDG[*]   ; i_clk      ; 31.752 ; 31.752 ; Rise       ; i_clk           ;
;  LEDG[0]  ; i_clk      ; 7.897  ; 7.897  ; Rise       ; i_clk           ;
;  LEDG[1]  ; i_clk      ; 7.767  ; 7.767  ; Rise       ; i_clk           ;
;  LEDG[2]  ; i_clk      ; 20.433 ; 20.433 ; Rise       ; i_clk           ;
;  LEDG[3]  ; i_clk      ; 31.752 ; 31.752 ; Rise       ; i_clk           ;
; LEDR[*]   ; i_clk      ; 9.100  ; 9.100  ; Rise       ; i_clk           ;
;  LEDR[0]  ; i_clk      ; 7.254  ; 7.254  ; Rise       ; i_clk           ;
;  LEDR[1]  ; i_clk      ; 8.549  ; 8.549  ; Rise       ; i_clk           ;
;  LEDR[2]  ; i_clk      ; 9.100  ; 9.100  ; Rise       ; i_clk           ;
;  LEDR[3]  ; i_clk      ; 8.768  ; 8.768  ; Rise       ; i_clk           ;
;  LEDR[4]  ; i_clk      ; 8.135  ; 8.135  ; Rise       ; i_clk           ;
;  LEDR[5]  ; i_clk      ; 8.195  ; 8.195  ; Rise       ; i_clk           ;
;  LEDR[6]  ; i_clk      ; 8.430  ; 8.430  ; Rise       ; i_clk           ;
;  LEDR[7]  ; i_clk      ; 7.354  ; 7.354  ; Rise       ; i_clk           ;
;  LEDR[8]  ; i_clk      ; 6.867  ; 6.867  ; Rise       ; i_clk           ;
;  LEDR[9]  ; i_clk      ; 7.121  ; 7.121  ; Rise       ; i_clk           ;
;  LEDR[10] ; i_clk      ; 6.489  ; 6.489  ; Rise       ; i_clk           ;
;  LEDR[11] ; i_clk      ; 7.153  ; 7.153  ; Rise       ; i_clk           ;
;  LEDR[12] ; i_clk      ; 6.982  ; 6.982  ; Rise       ; i_clk           ;
;  LEDR[13] ; i_clk      ; 6.507  ; 6.507  ; Rise       ; i_clk           ;
;  LEDR[14] ; i_clk      ; 6.964  ; 6.964  ; Rise       ; i_clk           ;
;  LEDR[15] ; i_clk      ; 6.988  ; 6.988  ; Rise       ; i_clk           ;
;  LEDR[16] ; i_clk      ; 7.096  ; 7.096  ; Rise       ; i_clk           ;
+-----------+------------+--------+--------+------------+-----------------+


+-----------------------------------------------------------------------+
; Minimum Clock to Output Times                                         ;
+-----------+------------+-------+-------+------------+-----------------+
; Data Port ; Clock Port ; Rise  ; Fall  ; Clock Edge ; Clock Reference ;
+-----------+------------+-------+-------+------------+-----------------+
; HEX0[*]   ; i_clk      ; 3.932 ; 3.932 ; Rise       ; i_clk           ;
;  HEX0[0]  ; i_clk      ; 3.932 ; 3.932 ; Rise       ; i_clk           ;
;  HEX0[1]  ; i_clk      ; 4.196 ; 4.196 ; Rise       ; i_clk           ;
;  HEX0[2]  ; i_clk      ; 4.212 ; 4.212 ; Rise       ; i_clk           ;
;  HEX0[3]  ; i_clk      ; 4.084 ; 4.084 ; Rise       ; i_clk           ;
;  HEX0[4]  ; i_clk      ; 4.098 ; 4.098 ; Rise       ; i_clk           ;
;  HEX0[5]  ; i_clk      ; 4.090 ; 4.090 ; Rise       ; i_clk           ;
;  HEX0[6]  ; i_clk      ; 4.081 ; 4.081 ; Rise       ; i_clk           ;
; HEX1[*]   ; i_clk      ; 3.680 ; 3.680 ; Rise       ; i_clk           ;
;  HEX1[0]  ; i_clk      ; 3.940 ; 3.940 ; Rise       ; i_clk           ;
;  HEX1[1]  ; i_clk      ; 3.907 ; 3.907 ; Rise       ; i_clk           ;
;  HEX1[2]  ; i_clk      ; 3.758 ; 3.758 ; Rise       ; i_clk           ;
;  HEX1[3]  ; i_clk      ; 3.680 ; 3.680 ; Rise       ; i_clk           ;
;  HEX1[4]  ; i_clk      ; 3.809 ; 3.809 ; Rise       ; i_clk           ;
;  HEX1[5]  ; i_clk      ; 3.766 ; 3.766 ; Rise       ; i_clk           ;
;  HEX1[6]  ; i_clk      ; 3.911 ; 3.911 ; Rise       ; i_clk           ;
; HEX2[*]   ; i_clk      ; 3.832 ; 3.832 ; Rise       ; i_clk           ;
;  HEX2[0]  ; i_clk      ; 3.832 ; 3.832 ; Rise       ; i_clk           ;
;  HEX2[1]  ; i_clk      ; 3.987 ; 3.987 ; Rise       ; i_clk           ;
;  HEX2[2]  ; i_clk      ; 4.001 ; 4.001 ; Rise       ; i_clk           ;
;  HEX2[3]  ; i_clk      ; 3.974 ; 3.974 ; Rise       ; i_clk           ;
;  HEX2[4]  ; i_clk      ; 4.003 ; 4.003 ; Rise       ; i_clk           ;
;  HEX2[5]  ; i_clk      ; 4.024 ; 4.024 ; Rise       ; i_clk           ;
;  HEX2[6]  ; i_clk      ; 3.844 ; 3.844 ; Rise       ; i_clk           ;
; HEX3[*]   ; i_clk      ; 3.847 ; 3.847 ; Rise       ; i_clk           ;
;  HEX3[0]  ; i_clk      ; 4.008 ; 4.008 ; Rise       ; i_clk           ;
;  HEX3[1]  ; i_clk      ; 4.025 ; 4.025 ; Rise       ; i_clk           ;
;  HEX3[2]  ; i_clk      ; 4.015 ; 4.015 ; Rise       ; i_clk           ;
;  HEX3[3]  ; i_clk      ; 4.001 ; 4.001 ; Rise       ; i_clk           ;
;  HEX3[4]  ; i_clk      ; 3.847 ; 3.847 ; Rise       ; i_clk           ;
;  HEX3[5]  ; i_clk      ; 4.003 ; 4.003 ; Rise       ; i_clk           ;
;  HEX3[6]  ; i_clk      ; 3.995 ; 3.995 ; Rise       ; i_clk           ;
; HEX4[*]   ; i_clk      ; 4.415 ; 4.415 ; Rise       ; i_clk           ;
;  HEX4[0]  ; i_clk      ; 4.562 ; 4.562 ; Rise       ; i_clk           ;
;  HEX4[1]  ; i_clk      ; 4.685 ; 4.685 ; Rise       ; i_clk           ;
;  HEX4[2]  ; i_clk      ; 4.652 ; 4.652 ; Rise       ; i_clk           ;
;  HEX4[3]  ; i_clk      ; 4.415 ; 4.415 ; Rise       ; i_clk           ;
;  HEX4[4]  ; i_clk      ; 5.264 ; 5.264 ; Rise       ; i_clk           ;
;  HEX4[5]  ; i_clk      ; 4.670 ; 4.670 ; Rise       ; i_clk           ;
;  HEX4[6]  ; i_clk      ; 4.567 ; 4.567 ; Rise       ; i_clk           ;
; HEX5[*]   ; i_clk      ; 4.416 ; 4.416 ; Rise       ; i_clk           ;
;  HEX5[0]  ; i_clk      ; 4.453 ; 4.453 ; Rise       ; i_clk           ;
;  HEX5[1]  ; i_clk      ; 5.458 ; 5.458 ; Rise       ; i_clk           ;
;  HEX5[2]  ; i_clk      ; 4.463 ; 4.463 ; Rise       ; i_clk           ;
;  HEX5[3]  ; i_clk      ; 4.506 ; 4.506 ; Rise       ; i_clk           ;
;  HEX5[4]  ; i_clk      ; 5.657 ; 5.657 ; Rise       ; i_clk           ;
;  HEX5[5]  ; i_clk      ; 5.467 ; 5.467 ; Rise       ; i_clk           ;
;  HEX5[6]  ; i_clk      ; 4.416 ; 4.416 ; Rise       ; i_clk           ;
; HEX6[*]   ; i_clk      ; 4.691 ; 4.691 ; Rise       ; i_clk           ;
;  HEX6[0]  ; i_clk      ; 4.691 ; 4.691 ; Rise       ; i_clk           ;
;  HEX6[1]  ; i_clk      ; 4.765 ; 4.765 ; Rise       ; i_clk           ;
;  HEX6[2]  ; i_clk      ; 5.369 ; 5.369 ; Rise       ; i_clk           ;
;  HEX6[3]  ; i_clk      ; 5.108 ; 5.108 ; Rise       ; i_clk           ;
;  HEX6[4]  ; i_clk      ; 4.834 ; 4.834 ; Rise       ; i_clk           ;
;  HEX6[5]  ; i_clk      ; 4.842 ; 4.842 ; Rise       ; i_clk           ;
;  HEX6[6]  ; i_clk      ; 5.545 ; 5.545 ; Rise       ; i_clk           ;
; HEX7[*]   ; i_clk      ; 4.664 ; 4.664 ; Rise       ; i_clk           ;
;  HEX7[0]  ; i_clk      ; 5.544 ; 5.544 ; Rise       ; i_clk           ;
;  HEX7[1]  ; i_clk      ; 4.863 ; 4.863 ; Rise       ; i_clk           ;
;  HEX7[2]  ; i_clk      ; 5.493 ; 5.493 ; Rise       ; i_clk           ;
;  HEX7[3]  ; i_clk      ; 4.664 ; 4.664 ; Rise       ; i_clk           ;
;  HEX7[4]  ; i_clk      ; 5.389 ; 5.389 ; Rise       ; i_clk           ;
;  HEX7[5]  ; i_clk      ; 4.789 ; 4.789 ; Rise       ; i_clk           ;
;  HEX7[6]  ; i_clk      ; 5.009 ; 5.009 ; Rise       ; i_clk           ;
; LEDG[*]   ; i_clk      ; 4.079 ; 4.079 ; Rise       ; i_clk           ;
;  LEDG[0]  ; i_clk      ; 4.079 ; 4.079 ; Rise       ; i_clk           ;
;  LEDG[1]  ; i_clk      ; 4.250 ; 4.250 ; Rise       ; i_clk           ;
;  LEDG[2]  ; i_clk      ; 5.175 ; 5.175 ; Rise       ; i_clk           ;
;  LEDG[3]  ; i_clk      ; 5.180 ; 5.180 ; Rise       ; i_clk           ;
; LEDR[*]   ; i_clk      ; 3.647 ; 3.647 ; Rise       ; i_clk           ;
;  LEDR[0]  ; i_clk      ; 4.050 ; 4.050 ; Rise       ; i_clk           ;
;  LEDR[1]  ; i_clk      ; 4.617 ; 4.617 ; Rise       ; i_clk           ;
;  LEDR[2]  ; i_clk      ; 4.866 ; 4.866 ; Rise       ; i_clk           ;
;  LEDR[3]  ; i_clk      ; 4.790 ; 4.790 ; Rise       ; i_clk           ;
;  LEDR[4]  ; i_clk      ; 4.469 ; 4.469 ; Rise       ; i_clk           ;
;  LEDR[5]  ; i_clk      ; 4.458 ; 4.458 ; Rise       ; i_clk           ;
;  LEDR[6]  ; i_clk      ; 4.566 ; 4.566 ; Rise       ; i_clk           ;
;  LEDR[7]  ; i_clk      ; 4.102 ; 4.102 ; Rise       ; i_clk           ;
;  LEDR[8]  ; i_clk      ; 3.829 ; 3.829 ; Rise       ; i_clk           ;
;  LEDR[9]  ; i_clk      ; 3.955 ; 3.955 ; Rise       ; i_clk           ;
;  LEDR[10] ; i_clk      ; 3.647 ; 3.647 ; Rise       ; i_clk           ;
;  LEDR[11] ; i_clk      ; 3.959 ; 3.959 ; Rise       ; i_clk           ;
;  LEDR[12] ; i_clk      ; 3.872 ; 3.872 ; Rise       ; i_clk           ;
;  LEDR[13] ; i_clk      ; 3.664 ; 3.664 ; Rise       ; i_clk           ;
;  LEDR[14] ; i_clk      ; 3.899 ; 3.899 ; Rise       ; i_clk           ;
;  LEDR[15] ; i_clk      ; 3.881 ; 3.881 ; Rise       ; i_clk           ;
;  LEDR[16] ; i_clk      ; 3.953 ; 3.953 ; Rise       ; i_clk           ;
+-----------+------------+-------+-------+------------+-----------------+


+------------------------------------------------------+
; Progagation Delay                                    ;
+------------+-------------+--------+----+----+--------+
; Input Port ; Output Port ; RR     ; RF ; FR ; FF     ;
+------------+-------------+--------+----+----+--------+
; SW[17]     ; LEDR[17]    ; 10.549 ;    ;    ; 10.549 ;
+------------+-------------+--------+----+----+--------+


+----------------------------------------------------+
; Minimum Progagation Delay                          ;
+------------+-------------+-------+----+----+-------+
; Input Port ; Output Port ; RR    ; RF ; FR ; FF    ;
+------------+-------------+-------+----+----+-------+
; SW[17]     ; LEDR[17]    ; 6.015 ;    ;    ; 6.015 ;
+------------+-------------+-------+----+----+-------+


+-----------------------------------------------------------------------+
; Setup Transfers                                                       ;
+------------+----------+--------------+----------+----------+----------+
; From Clock ; To Clock ; RR Paths     ; FR Paths ; RF Paths ; FF Paths ;
+------------+----------+--------------+----------+----------+----------+
; CLOCK_50   ; CLOCK_50 ; 624          ; 0        ; 0        ; 0        ;
; i_clk      ; CLOCK_50 ; 1            ; 1        ; 0        ; 0        ;
; i_clk      ; i_clk    ; > 2147483647 ; 0        ; 0        ; 0        ;
+------------+----------+--------------+----------+----------+----------+
Entries labeled "false path" only account for clock-to-clock false paths and not path-based false paths. As a result, actual path counts may be lower than reported.


+-----------------------------------------------------------------------+
; Hold Transfers                                                        ;
+------------+----------+--------------+----------+----------+----------+
; From Clock ; To Clock ; RR Paths     ; FR Paths ; RF Paths ; FF Paths ;
+------------+----------+--------------+----------+----------+----------+
; CLOCK_50   ; CLOCK_50 ; 624          ; 0        ; 0        ; 0        ;
; i_clk      ; CLOCK_50 ; 1            ; 1        ; 0        ; 0        ;
; i_clk      ; i_clk    ; > 2147483647 ; 0        ; 0        ; 0        ;
+------------+----------+--------------+----------+----------+----------+
Entries labeled "false path" only account for clock-to-clock false paths and not path-based false paths. As a result, actual path counts may be lower than reported.


---------------
; Report TCCS ;
---------------
No dedicated SERDES Transmitter circuitry present in device or used in design


---------------
; Report RSKM ;
---------------
No dedicated SERDES Receiver circuitry present in device or used in design


+------------------------------------------------+
; Unconstrained Paths                            ;
+---------------------------------+-------+------+
; Property                        ; Setup ; Hold ;
+---------------------------------+-------+------+
; Illegal Clocks                  ; 0     ; 0    ;
; Unconstrained Clocks            ; 0     ; 0    ;
; Unconstrained Input Ports       ; 20    ; 20   ;
; Unconstrained Input Port Paths  ; 133   ; 133  ;
; Unconstrained Output Ports      ; 78    ; 78   ;
; Unconstrained Output Port Paths ; 113   ; 113  ;
+---------------------------------+-------+------+


+------------------------------------+
; TimeQuest Timing Analyzer Messages ;
+------------------------------------+
Info: *******************************************************************
Info: Running Quartus II 64-Bit TimeQuest Timing Analyzer
    Info: Version 13.0.1 Build 232 06/12/2013 Service Pack 1 SJ Web Edition
    Info: Processing started: Sat Nov 22 11:56:27 2025
Info: Command: quartus_sta FPU_top -c FPU_top
Info: qsta_default_script.tcl version: #1
Info (11104): Parallel Compilation has detected 8 hyper-threaded processors. However, the extra hyper-threaded processors will not be used by default. Parallel Compilation will use 4 of the 4 physical processors detected instead.
Info (21077): Low junction temperature is 0 degrees C
Info (21077): High junction temperature is 85 degrees C
Critical Warning (332012): Synopsys Design Constraints File file not found: 'FPU_top.sdc'. A Synopsys Design Constraints File is required by the TimeQuest Timing Analyzer to get proper timing constraints. Without it, the Compiler will not properly optimize the design.
Info (332142): No user constrained base clocks found in the design. Calling "derive_clocks -period 1.0"
Info (332105): Deriving Clocks
    Info (332105): create_clock -period 1.000 -name CLOCK_50 CLOCK_50
    Info (332105): create_clock -period 1.000 -name i_clk i_clk
Info: Found TIMEQUEST_REPORT_SCRIPT_INCLUDE_DEFAULT_ANALYSIS = ON
Info: Analyzing Slow Model
Critical Warning (332148): Timing requirements not met
Info (332146): Worst-case setup slack is -25.067
    Info (332119):     Slack End Point TNS Clock 
    Info (332119): ========= ============= =====================
    Info (332119):   -25.067     -1327.386 i_clk 
    Info (332119):    -2.792       -56.598 CLOCK_50 
Info (332146): Worst-case hold slack is -2.562
    Info (332119):     Slack End Point TNS Clock 
    Info (332119): ========= ============= =====================
    Info (332119):    -2.562        -2.562 CLOCK_50 
    Info (332119):     0.391         0.000 i_clk 
Info (332140): No Recovery paths to report
Info (332140): No Removal paths to report
Info (332146): Worst-case minimum pulse width slack is -1.380
    Info (332119):     Slack End Point TNS Clock 
    Info (332119): ========= ============= =====================
    Info (332119):    -1.380       -34.380 CLOCK_50 
    Info (332119):    -0.500       -81.000 i_clk 
Info (332001): The selected device family is not supported by the report_metastability command.
Info: Analyzing Fast Model
Critical Warning (332148): Timing requirements not met
Info (332146): Worst-case setup slack is -10.196
    Info (332119):     Slack End Point TNS Clock 
    Info (332119): ========= ============= =====================
    Info (332119):   -10.196      -531.679 i_clk 
    Info (332119):    -0.832       -10.764 CLOCK_50 
Info (332146): Worst-case hold slack is -1.602
    Info (332119):     Slack End Point TNS Clock 
    Info (332119): ========= ============= =====================
    Info (332119):    -1.602        -1.602 CLOCK_50 
    Info (332119):     0.215         0.000 i_clk 
Info (332140): No Recovery paths to report
Info (332140): No Removal paths to report
Info (332146): Worst-case minimum pulse width slack is -1.380
    Info (332119):     Slack End Point TNS Clock 
    Info (332119): ========= ============= =====================
    Info (332119):    -1.380       -34.380 CLOCK_50 
    Info (332119):    -0.500       -81.000 i_clk 
Info (332001): The selected device family is not supported by the report_metastability command.
Info (332102): Design is not fully constrained for setup requirements
Info (332102): Design is not fully constrained for hold requirements
Info: Quartus II 64-Bit TimeQuest Timing Analyzer was successful. 0 errors, 3 warnings
    Info: Peak virtual memory: 4635 megabytes
    Info: Processing ended: Sat Nov 22 11:56:29 2025
    Info: Elapsed time: 00:00:02
    Info: Total CPU time (on all processors): 00:00:01


