%Warning: /home/noname/Documents/project_tiny/Floating_point/Verision1/03_verif/TopModule/FPU_list_A.txt:0: $readmem file not found
%Warning: /home/noname/Documents/project_tiny/Floating_point/Verision1/03_verif/TopModule/FPU_list_B.txt:0: $readmem file not found
==========[ (0.0 & 0.0) ]==========
[ZERO][ADD]i_32_a=00000000 (0.000000000000000000000000) + i_32_b=00000000 (0.000000000000000000000000) 	| o_32_s=00000000 (0.000000000000000000000000) 	| o_ov_flow=1, o_un_flow=1
=> PASS: expect=0.000000000000000000000000 (00000000), dut=0.000000000000000000000000 (00000000), rounding_error=0.00000000 % (exp_error = 0.00001192 %)
[ZERO][ADD]i_32_a=00000000 (0.000000000000000000000000) + i_32_b=00000000 (0.000000000000000000000000) 	| o_32_s=00000000 (0.000000000000000000000000) 	| o_ov_flow=1, o_un_flow=1
=> PASS: expect=0.000000000000000000000000 (00000000), dut=0.000000000000000000000000 (00000000), rounding_error=0.00000000 % (exp_error = 0.00001192 %)
[ZERO][SUB]i_32_a=00000000 (0.000000000000000000000000) - i_32_b=00000000 (0.000000000000000000000000) 	| o_32_s=00000000 (0.000000000000000000000000) 	| o_ov_flow=0, o_un_flow=1
=> PASS: expect=0.000000000000000000000000 (00000000), dut=0.000000000000000000000000 (00000000), rounding_error=0.00000000 % (exp_error = 0.00001192 %)
[ZERO][SUB]i_32_a=00000000 (0.000000000000000000000000) - i_32_b=00000000 (0.000000000000000000000000) 	| o_32_s=00000000 (0.000000000000000000000000) 	| o_ov_flow=0, o_un_flow=1
=> PASS: expect=0.000000000000000000000000 (00000000), dut=0.000000000000000000000000 (00000000), rounding_error=0.00000000 % (exp_error = 0.00001192 %)
==========[ (0.0 & -0.0) ]==========
[ZERO][ADD]i_32_a=00000000 (0.000000000000000000000000) + i_32_b=80000000 (0.000000000000000000000000) 	| o_32_s=00000000 (0.000000000000000000000000) 	| o_ov_flow=0, o_un_flow=1
=> FAIL: expect=0.000000000000000000000000 (80000000), dut=0.000000000000000000000000 (80000000), rounding_error=100.00000000 % (exp_error = 0.00001192 %)
[ZERO][ADD]i_32_a=80000000 (0.000000000000000000000000) + i_32_b=00000000 (0.000000000000000000000000) 	| o_32_s=80000000 (0.000000000000000000000000) 	| o_ov_flow=0, o_un_flow=1
=> PASS: expect=0.000000000000000000000000 (80000000), dut=0.000000000000000000000000 (80000000), rounding_error=0.00000000 % (exp_error = 0.00001192 %)
[ZERO][SUB]i_32_a=00000000 (0.000000000000000000000000) - i_32_b=80000000 (0.000000000000000000000000) 	| o_32_s=00000000 (0.000000000000000000000000) 	| o_ov_flow=1, o_un_flow=1
=> FAIL: expect=-0.000000000000000000000000 (80000000), dut=0.000000000000000000000000 (80000000), rounding_error=100.00000000 % (exp_error = 0.00001192 %)
[ZERO][SUB]i_32_a=80000000 (0.000000000000000000000000) - i_32_b=00000000 (0.000000000000000000000000) 	| o_32_s=80000000 (0.000000000000000000000000) 	| o_ov_flow=1, o_un_flow=1
=> PASS: expect=0.000000000000000000000000 (80000000), dut=0.000000000000000000000000 (80000000), rounding_error=0.00000000 % (exp_error = 0.00001192 %)
==========[ (0.0 & -0.0) ]==========
[ZERO][ADD]i_32_a=4016a197 (0.000000000000000000000000) + i_32_b=4016a197 (0.000000000000000000000000) 	| o_32_s=4096a197 (0.000000000000000000000000) 	| o_ov_flow=1, o_un_flow=1
=> FAIL: expect=0.000000000000000000000000 (802d432e), dut=0.000000000000000000000000 (802d432e), rounding_error=49.60991383 % (exp_error = 0.00001192 %)
[ZERO][ADD]i_32_a=4016a197 (0.000000000000000000000000) + i_32_b=4016a197 (0.000000000000000000000000) 	| o_32_s=4096a197 (0.000000000000000000000000) 	| o_ov_flow=1, o_un_flow=1
=> FAIL: expect=0.000000000000000000000000 (802d432e), dut=0.000000000000000000000000 (802d432e), rounding_error=49.60991383 % (exp_error = 0.00001192 %)
[ZERO][SUB]i_32_a=4016a197 (0.000000000000000000000000) - i_32_b=4016a197 (0.000000000000000000000000) 	| o_32_s=00000000 (0.000000000000000000000000) 	| o_ov_flow=0, o_un_flow=1
=> PASS: expect=0.000000000000000000000000 (00000000), dut=0.000000000000000000000000 (00000000), rounding_error=0.00000000 % (exp_error = 0.00001192 %)
[ZERO][SUB]i_32_a=4016a197 (0.000000000000000000000000) - i_32_b=4016a197 (0.000000000000000000000000) 	| o_32_s=00000000 (0.000000000000000000000000) 	| o_ov_flow=0, o_un_flow=1
=> PASS: expect=0.000000000000000000000000 (00000000), dut=0.000000000000000000000000 (00000000), rounding_error=0.00000000 % (exp_error = 0.00001192 %)
==========[ (0.0 & -0.0) ]==========
[ZERO][ADD]i_32_a=40aed834 (0.000000000000000000000000) + i_32_b=40aed834 (0.000000000000000000000000) 	| o_32_s=412ed834 (0.000000000000000000000000) 	| o_ov_flow=1, o_un_flow=1
=> FAIL: expect=0.000000000000000000000000 (815db068), dut=0.000000000000000000000000 (815db068), rounding_error=49.61349960 % (exp_error = 0.00001192 %)
[ZERO][ADD]i_32_a=40aed834 (0.000000000000000000000000) + i_32_b=40aed834 (0.000000000000000000000000) 	| o_32_s=412ed834 (0.000000000000000000000000) 	| o_ov_flow=1, o_un_flow=1
=> FAIL: expect=0.000000000000000000000000 (815db068), dut=0.000000000000000000000000 (815db068), rounding_error=49.61349960 % (exp_error = 0.00001192 %)
[ZERO][SUB]i_32_a=40aed834 (0.000000000000000000000000) - i_32_b=40aed834 (0.000000000000000000000000) 	| o_32_s=00000000 (0.000000000000000000000000) 	| o_ov_flow=0, o_un_flow=1
=> PASS: expect=0.000000000000000000000000 (00000000), dut=0.000000000000000000000000 (00000000), rounding_error=0.00000000 % (exp_error = 0.00001192 %)
[ZERO][SUB]i_32_a=40aed834 (0.000000000000000000000000) - i_32_b=40aed834 (0.000000000000000000000000) 	| o_32_s=00000000 (0.000000000000000000000000) 	| o_ov_flow=0, o_un_flow=1
=> PASS: expect=0.000000000000000000000000 (00000000), dut=0.000000000000000000000000 (00000000), rounding_error=0.00000000 % (exp_error = 0.00001192 %)
==========[ (inf & inf) ]==========
[INF][ADD]i_32_a=7f800000 (0.000000000000000000000000) + i_32_b=7f800000 (0.000000000000000000000000) 	| o_32_s=7f800000 (0.000000000000000000000000) 	| o_ov_flow=1, o_un_flow=1
=> FAIL: expect=0.000000000000000000000000 (ff000000), dut=0.000000000000000000000000 (ff000000), rounding_error=100.00000000 % (exp_error = 0.00001192 %)
[INF][ADD]i_32_a=7f800000 (0.000000000000000000000000) + i_32_b=7f800000 (0.000000000000000000000000) 	| o_32_s=7f800000 (0.000000000000000000000000) 	| o_ov_flow=1, o_un_flow=1
=> FAIL: expect=0.000000000000000000000000 (ff000000), dut=0.000000000000000000000000 (ff000000), rounding_error=100.00000000 % (exp_error = 0.00001192 %)
[INF][SUB]i_32_a=7f800000 (0.000000000000000000000000) - i_32_b=7f800000 (0.000000000000000000000000) 	| o_32_s=7f800001 (0.000000000000000000000000) 	| o_ov_flow=0, o_un_flow=1
=> FAIL: expect=0.000000000000000000000000 (00000000), dut=0.000000000000000000000000 (00000000), rounding_error=100.00000000 % (exp_error = 0.00001192 %)
[INF][SUB]i_32_a=7f800000 (0.000000000000000000000000) - i_32_b=7f800000 (0.000000000000000000000000) 	| o_32_s=7f800001 (0.000000000000000000000000) 	| o_ov_flow=0, o_un_flow=1
=> FAIL: expect=0.000000000000000000000000 (00000000), dut=0.000000000000000000000000 (00000000), rounding_error=100.00000000 % (exp_error = 0.00001192 %)
==========[ (-inf & -inf) ]==========
[INF][ADD]i_32_a=ff800000 (0.000000000000000000000000) + i_32_b=ff800000 (0.000000000000000000000000) 	| o_32_s=ff800000 (0.000000000000000000000000) 	| o_ov_flow=1, o_un_flow=1
=> FAIL: expect=0.000000000000000000000000 (ff000000), dut=0.000000000000000000000000 (ff000000), rounding_error=100.00000000 % (exp_error = 0.00001192 %)
[INF][ADD]i_32_a=ff800000 (0.000000000000000000000000) + i_32_b=ff800000 (0.000000000000000000000000) 	| o_32_s=ff800000 (0.000000000000000000000000) 	| o_ov_flow=1, o_un_flow=1
=> FAIL: expect=0.000000000000000000000000 (ff000000), dut=0.000000000000000000000000 (ff000000), rounding_error=100.00000000 % (exp_error = 0.00001192 %)
[INF][SUB]i_32_a=ff800000 (0.000000000000000000000000) - i_32_b=ff800000 (0.000000000000000000000000) 	| o_32_s=ff800001 (0.000000000000000000000000) 	| o_ov_flow=0, o_un_flow=1
=> FAIL: expect=0.000000000000000000000000 (00000000), dut=0.000000000000000000000000 (00000000), rounding_error=100.00000000 % (exp_error = 0.00001192 %)
[INF][SUB]i_32_a=ff800000 (0.000000000000000000000000) - i_32_b=ff800000 (0.000000000000000000000000) 	| o_32_s=ff800001 (0.000000000000000000000000) 	| o_ov_flow=0, o_un_flow=1
=> FAIL: expect=0.000000000000000000000000 (00000000), dut=0.000000000000000000000000 (00000000), rounding_error=100.00000000 % (exp_error = 0.00001192 %)
==========[ (inf & -inf) ]==========
[INF][ADD]i_32_a=ff800000 (0.000000000000000000000000) + i_32_b=7f800000 (0.000000000000000000000000) 	| o_32_s=ff800000 (0.000000000000000000000000) 	| o_ov_flow=0, o_un_flow=1
=> FAIL: expect=0.000000000000000000000000 (7f000000), dut=0.000000000000000000000000 (7f000000), rounding_error=100.00000000 % (exp_error = 0.00001192 %)
[INF][ADD]i_32_a=7f800000 (0.000000000000000000000000) + i_32_b=ff800000 (0.000000000000000000000000) 	| o_32_s=7f800001 (0.000000000000000000000000) 	| o_ov_flow=0, o_un_flow=1
=> FAIL: expect=0.000000000000000000000000 (7f000000), dut=0.000000000000000000000000 (7f000000), rounding_error=100.00000000 % (exp_error = 0.00001192 %)
[INF][SUB]i_32_a=ff800000 (0.000000000000000000000000) - i_32_b=7f800000 (0.000000000000000000000000) 	| o_32_s=ff800000 (0.000000000000000000000000) 	| o_ov_flow=1, o_un_flow=1
=> FAIL: expect=0.000000000000000000000000 (80000000), dut=0.000000000000000000000000 (80000000), rounding_error=100.00000000 % (exp_error = 0.00001192 %)
[INF][SUB]i_32_a=7f800000 (0.000000000000000000000000) - i_32_b=ff800000 (0.000000000000000000000000) 	| o_32_s=7f800000 (0.000000000000000000000000) 	| o_ov_flow=1, o_un_flow=1
=> FAIL: expect=-0.000000000000000000000000 (80000000), dut=0.000000000000000000000000 (80000000), rounding_error=100.00000000 % (exp_error = 0.00001192 %)
==========[ (inf & 0) ]==========
[INF][ADD]i_32_a=7f800000 (0.000000000000000000000000) + i_32_b=00000000 (0.000000000000000000000000) 	| o_32_s=7f800000 (0.000000000000000000000000) 	| o_ov_flow=0, o_un_flow=0
=> PASS: expect=0.000000000000000000000000 (7f800000), dut=0.000000000000000000000000 (7f800000), rounding_error=0.00000000 % (exp_error = 0.00001192 %)
[INF][ADD]i_32_a=00000000 (0.000000000000000000000000) + i_32_b=7f800000 (0.000000000000000000000000) 	| o_32_s=7f800000 (0.000000000000000000000000) 	| o_ov_flow=0, o_un_flow=0
=> PASS: expect=0.000000000000000000000000 (7f800000), dut=0.000000000000000000000000 (7f800000), rounding_error=0.00000000 % (exp_error = 0.00001192 %)
[INF][SUB]i_32_a=7f800000 (0.000000000000000000000000) - i_32_b=00000000 (0.000000000000000000000000) 	| o_32_s=7f800000 (0.000000000000000000000000) 	| o_ov_flow=0, o_un_flow=0
=> PASS: expect=0.000000000000000000000000 (7f800000), dut=0.000000000000000000000000 (7f800000), rounding_error=0.00000000 % (exp_error = 0.00001192 %)
[INF][SUB]i_32_a=00000000 (0.000000000000000000000000) - i_32_b=7f800000 (0.000000000000000000000000) 	| o_32_s=ff800000 (0.000000000000000000000000) 	| o_ov_flow=0, o_un_flow=0
=> PASS: expect=-0.000000000000000000000000 (7f800000), dut=0.000000000000000000000000 (7f800000), rounding_error=0.00000000 % (exp_error = 0.00001192 %)
==========[ (-inf & 0) ]==========
[INF][ADD]i_32_a=ff800000 (0.000000000000000000000000) + i_32_b=00000000 (0.000000000000000000000000) 	| o_32_s=ff800000 (0.000000000000000000000000) 	| o_ov_flow=0, o_un_flow=0
=> PASS: expect=0.000000000000000000000000 (ff800000), dut=0.000000000000000000000000 (ff800000), rounding_error=0.00000000 % (exp_error = 0.00001192 %)
[INF][ADD]i_32_a=00000000 (0.000000000000000000000000) + i_32_b=ff800000 (0.000000000000000000000000) 	| o_32_s=ff800000 (0.000000000000000000000000) 	| o_ov_flow=0, o_un_flow=0
=> PASS: expect=0.000000000000000000000000 (ff800000), dut=0.000000000000000000000000 (ff800000), rounding_error=0.00000000 % (exp_error = 0.00001192 %)
[INF][SUB]i_32_a=ff800000 (0.000000000000000000000000) - i_32_b=00000000 (0.000000000000000000000000) 	| o_32_s=ff800000 (0.000000000000000000000000) 	| o_ov_flow=0, o_un_flow=0
=> PASS: expect=0.000000000000000000000000 (ff800000), dut=0.000000000000000000000000 (ff800000), rounding_error=0.00000000 % (exp_error = 0.00001192 %)
[INF][SUB]i_32_a=00000000 (0.000000000000000000000000) - i_32_b=ff800000 (0.000000000000000000000000) 	| o_32_s=7f800000 (0.000000000000000000000000) 	| o_ov_flow=0, o_un_flow=0
=> PASS: expect=-0.000000000000000000000000 (ff800000), dut=0.000000000000000000000000 (ff800000), rounding_error=0.00000000 % (exp_error = 0.00001192 %)
==========[ (inf & Number) ]==========
[INF][ADD]i_32_a=7f800000 (0.000000000000000000000000) + i_32_b=40533333 (0.000000000000000000000000) 	| o_32_s=7f800000 (0.000000000000000000000000) 	| o_ov_flow=0, o_un_flow=0
=> FAIL: expect=0.000000000000000000000000 (bfd33333), dut=0.000000000000000000000000 (bfd33333), rounding_error=100.00000000 % (exp_error = 0.00001192 %)
[INF][ADD]i_32_a=40533333 (0.000000000000000000000000) + i_32_b=7f800000 (0.000000000000000000000000) 	| o_32_s=7f800000 (0.000000000000000000000000) 	| o_ov_flow=0, o_un_flow=0
=> FAIL: expect=0.000000000000000000000000 (bfd33333), dut=0.000000000000000000000000 (bfd33333), rounding_error=100.00000000 % (exp_error = 0.00001192 %)
[INF][SUB]i_32_a=7f800000 (0.000000000000000000000000) - i_32_b=40533333 (0.000000000000000000000000) 	| o_32_s=7f800000 (0.000000000000000000000000) 	| o_ov_flow=0, o_un_flow=0
=> FAIL: expect=0.000000000000000000000000 (3f2ccccd), dut=0.000000000000000000000000 (3f2ccccd), rounding_error=100.00000000 % (exp_error = 0.00001192 %)
[INF][SUB]i_32_a=40533333 (0.000000000000000000000000) - i_32_b=7f800000 (0.000000000000000000000000) 	| o_32_s=ff800000 (0.000000000000000000000000) 	| o_ov_flow=0, o_un_flow=0
=> FAIL: expect=-0.000000000000000000000000 (3f2ccccd), dut=0.000000000000000000000000 (3f2ccccd), rounding_error=100.00000000 % (exp_error = 0.00001192 %)
==========[ (-inf & Number) ]==========
[INF][ADD]i_32_a=ff800000 (0.000000000000000000000000) + i_32_b=40533333 (0.000000000000000000000000) 	| o_32_s=ff800000 (0.000000000000000000000000) 	| o_ov_flow=0, o_un_flow=0
=> FAIL: expect=0.000000000000000000000000 (3fd33333), dut=0.000000000000000000000000 (3fd33333), rounding_error=100.00000000 % (exp_error = 0.00001192 %)
[INF][ADD]i_32_a=40533333 (0.000000000000000000000000) + i_32_b=ff800000 (0.000000000000000000000000) 	| o_32_s=ff800000 (0.000000000000000000000000) 	| o_ov_flow=0, o_un_flow=0
=> FAIL: expect=0.000000000000000000000000 (3fd33333), dut=0.000000000000000000000000 (3fd33333), rounding_error=100.00000000 % (exp_error = 0.00001192 %)
[INF][SUB]i_32_a=ff800000 (0.000000000000000000000000) - i_32_b=40533333 (0.000000000000000000000000) 	| o_32_s=ff800000 (0.000000000000000000000000) 	| o_ov_flow=0, o_un_flow=0
=> FAIL: expect=0.000000000000000000000000 (bf2ccccd), dut=0.000000000000000000000000 (bf2ccccd), rounding_error=100.00000000 % (exp_error = 0.00001192 %)
[INF][SUB]i_32_a=40533333 (0.000000000000000000000000) - i_32_b=ff800000 (0.000000000000000000000000) 	| o_32_s=7f800000 (0.000000000000000000000000) 	| o_ov_flow=0, o_un_flow=0
=> FAIL: expect=-0.000000000000000000000000 (bf2ccccd), dut=0.000000000000000000000000 (bf2ccccd), rounding_error=100.00000000 % (exp_error = 0.00001192 %)
==========[ (inf & -Number) ]==========
[INF][ADD]i_32_a=7f800000 (0.000000000000000000000000) + i_32_b=c00ccccd (0.000000000000000000000000) 	| o_32_s=7f800000 (0.000000000000000000000000) 	| o_ov_flow=0, o_un_flow=0
=> FAIL: expect=0.000000000000000000000000 (3f8ccccd), dut=0.000000000000000000000000 (3f8ccccd), rounding_error=100.00000000 % (exp_error = 0.00001192 %)
[INF][ADD]i_32_a=c00ccccd (0.000000000000000000000000) + i_32_b=7f800000 (0.000000000000000000000000) 	| o_32_s=7f800000 (0.000000000000000000000000) 	| o_ov_flow=0, o_un_flow=0
=> FAIL: expect=0.000000000000000000000000 (3f8ccccd), dut=0.000000000000000000000000 (3f8ccccd), rounding_error=100.00000000 % (exp_error = 0.00001192 %)
[INF][SUB]i_32_a=7f800000 (0.000000000000000000000000) - i_32_b=c00ccccd (0.000000000000000000000000) 	| o_32_s=7f800000 (0.000000000000000000000000) 	| o_ov_flow=0, o_un_flow=0
=> FAIL: expect=-0.000000000000000000000000 (408ccccd), dut=0.000000000000000000000000 (408ccccd), rounding_error=100.00000000 % (exp_error = 0.00001192 %)
[INF][SUB]i_32_a=c00ccccd (0.000000000000000000000000) - i_32_b=7f800000 (0.000000000000000000000000) 	| o_32_s=ff800000 (0.000000000000000000000000) 	| o_ov_flow=0, o_un_flow=0
=> FAIL: expect=0.000000000000000000000000 (408ccccd), dut=0.000000000000000000000000 (408ccccd), rounding_error=100.00000000 % (exp_error = 0.00001192 %)
==========[ (-inf & -Number) ]==========
[INF][ADD]i_32_a=ff800000 (0.000000000000000000000000) + i_32_b=c00ccccd (0.000000000000000000000000) 	| o_32_s=ff800000 (0.000000000000000000000000) 	| o_ov_flow=0, o_un_flow=0
=> FAIL: expect=0.000000000000000000000000 (bf8ccccd), dut=0.000000000000000000000000 (bf8ccccd), rounding_error=100.00000000 % (exp_error = 0.00001192 %)
[INF][ADD]i_32_a=c00ccccd (0.000000000000000000000000) + i_32_b=ff800000 (0.000000000000000000000000) 	| o_32_s=ff800000 (0.000000000000000000000000) 	| o_ov_flow=0, o_un_flow=0
=> FAIL: expect=0.000000000000000000000000 (bf8ccccd), dut=0.000000000000000000000000 (bf8ccccd), rounding_error=100.00000000 % (exp_error = 0.00001192 %)
[INF][SUB]i_32_a=ff800000 (0.000000000000000000000000) - i_32_b=c00ccccd (0.000000000000000000000000) 	| o_32_s=ff800000 (0.000000000000000000000000) 	| o_ov_flow=0, o_un_flow=0
=> FAIL: expect=0.000000000000000000000000 (3f733333), dut=0.000000000000000000000000 (3f733333), rounding_error=100.00000000 % (exp_error = 0.00001192 %)
[INF][SUB]i_32_a=c00ccccd (0.000000000000000000000000) - i_32_b=ff800000 (0.000000000000000000000000) 	| o_32_s=7f800000 (0.000000000000000000000000) 	| o_ov_flow=0, o_un_flow=0
=> FAIL: expect=-0.000000000000000000000000 (3f733333), dut=0.000000000000000000000000 (3f733333), rounding_error=100.00000000 % (exp_error = 0.00001192 %)
==========[ (NaN & -Number) ]==========
[NaN][ADD]i_32_a=7f800001 (0.000000000000000000000000) + i_32_b=c00ccccd (0.000000000000000000000000) 	| o_32_s=7f800001 (0.000000000000000000000000) 	| o_ov_flow=0, o_un_flow=0
=> FAIL: expect=0.000000000000000000000000 (3f8cccce), dut=0.000000000000000000000000 (3f8cccce), rounding_error=100.00000000 % (exp_error = 0.00001192 %)
[NaN][ADD]i_32_a=c00ccccd (0.000000000000000000000000) + i_32_b=7f800001 (0.000000000000000000000000) 	| o_32_s=7f800001 (0.000000000000000000000000) 	| o_ov_flow=0, o_un_flow=0
=> FAIL: expect=0.000000000000000000000000 (3f8cccce), dut=0.000000000000000000000000 (3f8cccce), rounding_error=100.00000000 % (exp_error = 0.00001192 %)
[NaN][SUB]i_32_a=7f800001 (0.000000000000000000000000) - i_32_b=c00ccccd (0.000000000000000000000000) 	| o_32_s=7f800001 (0.000000000000000000000000) 	| o_ov_flow=0, o_un_flow=0
=> FAIL: expect=-0.000000000000000000000000 (408ccccc), dut=0.000000000000000000000000 (408ccccc), rounding_error=100.00000000 % (exp_error = 0.00001192 %)
[NaN][SUB]i_32_a=c00ccccd (0.000000000000000000000000) - i_32_b=7f800001 (0.000000000000000000000000) 	| o_32_s=ff800001 (0.000000000000000000000000) 	| o_ov_flow=0, o_un_flow=0
=> FAIL: expect=0.000000000000000000000000 (408ccccc), dut=0.000000000000000000000000 (408ccccc), rounding_error=100.00000000 % (exp_error = 0.00001192 %)
==========[ (-NaN & -Number) ]==========
[NaN][ADD]i_32_a=ff800001 (0.000000000000000000000000) + i_32_b=c00ccccd (0.000000000000000000000000) 	| o_32_s=ff800001 (0.000000000000000000000000) 	| o_ov_flow=0, o_un_flow=0
=> FAIL: expect=0.000000000000000000000000 (bf8cccce), dut=0.000000000000000000000000 (bf8cccce), rounding_error=100.00000000 % (exp_error = 0.00001192 %)
[NaN][ADD]i_32_a=c00ccccd (0.000000000000000000000000) + i_32_b=ff800001 (0.000000000000000000000000) 	| o_32_s=ff800001 (0.000000000000000000000000) 	| o_ov_flow=0, o_un_flow=0
=> FAIL: expect=0.000000000000000000000000 (bf8cccce), dut=0.000000000000000000000000 (bf8cccce), rounding_error=100.00000000 % (exp_error = 0.00001192 %)
[NaN][SUB]i_32_a=ff800001 (0.000000000000000000000000) - i_32_b=c00ccccd (0.000000000000000000000000) 	| o_32_s=ff800001 (0.000000000000000000000000) 	| o_ov_flow=0, o_un_flow=0
=> FAIL: expect=0.000000000000000000000000 (3f733334), dut=0.000000000000000000000000 (3f733334), rounding_error=100.00000000 % (exp_error = 0.00001192 %)
[NaN][SUB]i_32_a=c00ccccd (0.000000000000000000000000) - i_32_b=ff800001 (0.000000000000000000000000) 	| o_32_s=7f800001 (0.000000000000000000000000) 	| o_ov_flow=0, o_un_flow=0
=> FAIL: expect=-0.000000000000000000000000 (3f733334), dut=0.000000000000000000000000 (3f733334), rounding_error=100.00000000 % (exp_error = 0.00001192 %)
==========[ (NaN &  Number) ]==========
[NaN][ADD]i_32_a=ff800001 (0.000000000000000000000000) + i_32_b=40533333 (0.000000000000000000000000) 	| o_32_s=ff800001 (0.000000000000000000000000) 	| o_ov_flow=0, o_un_flow=0
=> FAIL: expect=0.000000000000000000000000 (3fd33334), dut=0.000000000000000000000000 (3fd33334), rounding_error=100.00000000 % (exp_error = 0.00001192 %)
[NaN][ADD]i_32_a=40533333 (0.000000000000000000000000) + i_32_b=ff800001 (0.000000000000000000000000) 	| o_32_s=ff800001 (0.000000000000000000000000) 	| o_ov_flow=0, o_un_flow=0
=> FAIL: expect=0.000000000000000000000000 (3fd33334), dut=0.000000000000000000000000 (3fd33334), rounding_error=100.00000000 % (exp_error = 0.00001192 %)
[NaN][SUB]i_32_a=ff800001 (0.000000000000000000000000) - i_32_b=40533333 (0.000000000000000000000000) 	| o_32_s=ff800001 (0.000000000000000000000000) 	| o_ov_flow=0, o_un_flow=0
=> FAIL: expect=0.000000000000000000000000 (bf2cccce), dut=0.000000000000000000000000 (bf2cccce), rounding_error=100.00000000 % (exp_error = 0.00001192 %)
[NaN][SUB]i_32_a=40533333 (0.000000000000000000000000) - i_32_b=ff800001 (0.000000000000000000000000) 	| o_32_s=7f800001 (0.000000000000000000000000) 	| o_ov_flow=0, o_un_flow=0
=> FAIL: expect=-0.000000000000000000000000 (bf2cccce), dut=0.000000000000000000000000 (bf2cccce), rounding_error=100.00000000 % (exp_error = 0.00001192 %)
==========[ (-NaN &  Number) ]==========
[NaN][ADD]i_32_a=7f800001 (0.000000000000000000000000) + i_32_b=40533333 (0.000000000000000000000000) 	| o_32_s=7f800001 (0.000000000000000000000000) 	| o_ov_flow=0, o_un_flow=0
=> FAIL: expect=0.000000000000000000000000 (bfd33334), dut=0.000000000000000000000000 (bfd33334), rounding_error=100.00000000 % (exp_error = 0.00001192 %)
[NaN][ADD]i_32_a=40533333 (0.000000000000000000000000) + i_32_b=7f800001 (0.000000000000000000000000) 	| o_32_s=7f800001 (0.000000000000000000000000) 	| o_ov_flow=0, o_un_flow=0
=> FAIL: expect=0.000000000000000000000000 (bfd33334), dut=0.000000000000000000000000 (bfd33334), rounding_error=100.00000000 % (exp_error = 0.00001192 %)
[NaN][SUB]i_32_a=7f800001 (0.000000000000000000000000) - i_32_b=40533333 (0.000000000000000000000000) 	| o_32_s=7f800001 (0.000000000000000000000000) 	| o_ov_flow=0, o_un_flow=0
=> FAIL: expect=0.000000000000000000000000 (3f2cccce), dut=0.000000000000000000000000 (3f2cccce), rounding_error=100.00000000 % (exp_error = 0.00001192 %)
[NaN][SUB]i_32_a=40533333 (0.000000000000000000000000) - i_32_b=7f800001 (0.000000000000000000000000) 	| o_32_s=ff800001 (0.000000000000000000000000) 	| o_ov_flow=0, o_un_flow=0
=> FAIL: expect=-0.000000000000000000000000 (3f2cccce), dut=0.000000000000000000000000 (3f2cccce), rounding_error=100.00000000 % (exp_error = 0.00001192 %)
==========[ APPR INF ]==========
[APPRO][ADD]i_32_a=7f21616f (0.000000000000000000000000) + i_32_b=007fffff (0.000000000000000000000000) 	| o_32_s=7f21616f (0.000000000000000000000000) 	| o_ov_flow=0, o_un_flow=0
=> FAIL: expect=0.000000000000000000000000 (7fa1616e), dut=0.000000000000000000000000 (7fa1616e), rounding_error=100.00000000 % (exp_error = 0.00001192 %)
[APPRO][ADD]i_32_a=007fffff (0.000000000000000000000000) + i_32_b=7f21616f (0.000000000000000000000000) 	| o_32_s=7f21616f (0.000000000000000000000000) 	| o_ov_flow=0, o_un_flow=0
=> FAIL: expect=0.000000000000000000000000 (7fa1616e), dut=0.000000000000000000000000 (7fa1616e), rounding_error=100.00000000 % (exp_error = 0.00001192 %)
[APPRO][SUB]i_32_a=7f21616f (0.000000000000000000000000) - i_32_b=007fffff (0.000000000000000000000000) 	| o_32_s=7f21616f (0.000000000000000000000000) 	| o_ov_flow=0, o_un_flow=0
=> FAIL: expect=0.000000000000000000000000 (7ea16170), dut=0.000000000000000000000000 (7ea16170), rounding_error=0.39484987 % (exp_error = 0.00001192 %)
[APPRO][SUB]i_32_a=007fffff (0.000000000000000000000000) - i_32_b=7f21616f (0.000000000000000000000000) 	| o_32_s=ff21616f (0.000000000000000000000000) 	| o_ov_flow=0, o_un_flow=0
=> FAIL: expect=-0.000000000000000000000000 (7ea16170), dut=0.000000000000000000000000 (7ea16170), rounding_error=301.47642826 % (exp_error = 0.00001192 %)
==========[ APPR INF ]==========
[APPRO][ADD]i_32_a=7f7fffff (0.000000000000000000000000) + i_32_b=00ffffff (0.000000000000000000000000) 	| o_32_s=7f7fffff (0.000000000000000000000000) 	| o_ov_flow=0, o_un_flow=0
=> FAIL: expect=0.000000000000000000000000 (807ffffe), dut=0.000000000000000000000000 (807ffffe), rounding_error=0.77821007 % (exp_error = 0.00001192 %)
[APPRO][ADD]i_32_a=00ffffff (0.000000000000000000000000) + i_32_b=7f7fffff (0.000000000000000000000000) 	| o_32_s=7f7fffff (0.000000000000000000000000) 	| o_ov_flow=0, o_un_flow=0
=> FAIL: expect=0.000000000000000000000000 (807ffffe), dut=0.000000000000000000000000 (807ffffe), rounding_error=0.77821007 % (exp_error = 0.00001192 %)
[APPRO][SUB]i_32_a=7f7fffff (0.000000000000000000000000) - i_32_b=00ffffff (0.000000000000000000000000) 	| o_32_s=7f7fffff (0.000000000000000000000000) 	| o_ov_flow=0, o_un_flow=0
=> FAIL: expect=0.000000000000000000000000 (7e800000), dut=0.000000000000000000000000 (7e800000), rounding_error=0.79051379 % (exp_error = 0.00001192 %)
[APPRO][SUB]i_32_a=00ffffff (0.000000000000000000000000) - i_32_b=7f7fffff (0.000000000000000000000000) 	| o_32_s=ff7fffff (0.000000000000000000000000) 	| o_ov_flow=0, o_un_flow=0
=> FAIL: expect=-0.000000000000000000000000 (7e800000), dut=0.000000000000000000000000 (7e800000), rounding_error=301.97628454 % (exp_error = 0.00001192 %)
==========[ APPR INF ]==========
[APPRO][ADD]i_32_a=7f7fffff (0.000000000000000000000000) + i_32_b=007fffff (0.000000000000000000000000) 	| o_32_s=7f7fffff (0.000000000000000000000000) 	| o_ov_flow=0, o_un_flow=0
=> FAIL: expect=0.000000000000000000000000 (7ffffffe), dut=0.000000000000000000000000 (7ffffffe), rounding_error=100.00000000 % (exp_error = 0.00001192 %)
[APPRO][ADD]i_32_a=007fffff (0.000000000000000000000000) + i_32_b=7f7fffff (0.000000000000000000000000) 	| o_32_s=7f7fffff (0.000000000000000000000000) 	| o_ov_flow=0, o_un_flow=0
=> FAIL: expect=0.000000000000000000000000 (7ffffffe), dut=0.000000000000000000000000 (7ffffffe), rounding_error=100.00000000 % (exp_error = 0.00001192 %)
[APPRO][SUB]i_32_a=7f7fffff (0.000000000000000000000000) - i_32_b=007fffff (0.000000000000000000000000) 	| o_32_s=7f7fffff (0.000000000000000000000000) 	| o_ov_flow=0, o_un_flow=0
=> FAIL: expect=0.000000000000000000000000 (7f000000), dut=0.000000000000000000000000 (7f000000), rounding_error=0.39370074 % (exp_error = 0.00001192 %)
[APPRO][SUB]i_32_a=007fffff (0.000000000000000000000000) - i_32_b=7f7fffff (0.000000000000000000000000) 	| o_32_s=ff7fffff (0.000000000000000000000000) 	| o_ov_flow=0, o_un_flow=0
=> FAIL: expect=-0.000000000000000000000000 (7f000000), dut=0.000000000000000000000000 (7f000000), rounding_error=301.18110232 % (exp_error = 0.00001192 %)
==========[ APPR ZERO ]==========
[APPRO][ADD]i_32_a=00ffffff (0.000000000000000000000000) + i_32_b=007fffff (0.000000000000000000000000) 	| o_32_s=013fffff (0.000000000000000000000000) 	| o_ov_flow=1, o_un_flow=1
=> FAIL: expect=0.000000000000000000000000 (017ffffe), dut=0.000000000000000000000000 (017ffffe), rounding_error=16.66666402 % (exp_error = 0.00001192 %)
[APPRO][ADD]i_32_a=007fffff (0.000000000000000000000000) + i_32_b=00ffffff (0.000000000000000000000000) 	| o_32_s=013fffff (0.000000000000000000000000) 	| o_ov_flow=1, o_un_flow=1
=> FAIL: expect=0.000000000000000000000000 (017ffffe), dut=0.000000000000000000000000 (017ffffe), rounding_error=16.66666402 % (exp_error = 0.00001192 %)
[APPRO][SUB]i_32_a=00ffffff (0.000000000000000000000000) - i_32_b=007fffff (0.000000000000000000000000) 	| o_32_s=007fffff (0.000000000000000000000000) 	| o_ov_flow=0, o_un_flow=1
=> PASS: expect=0.000000000000000000000000 (00800000), dut=0.000000000000000000000000 (00800000), rounding_error=0.00001192 % (exp_error = 0.00001192 %)
[APPRO][SUB]i_32_a=007fffff (0.000000000000000000000000) - i_32_b=00ffffff (0.000000000000000000000000) 	| o_32_s=807fffff (0.000000000000000000000000) 	| o_ov_flow=0, o_un_flow=1
=> FAIL: expect=-0.000000000000000000000000 (00800000), dut=0.000000000000000000000000 (00800000), rounding_error=25799.99998808 % (exp_error = 0.00001192 %)
==========[ APPR ZERO ]==========
[APPRO][ADD]i_32_a=00ffffff (0.000000000000000000000000) + i_32_b=00ffffff (0.000000000000000000000000) 	| o_32_s=017fffff (0.000000000000000000000000) 	| o_ov_flow=1, o_un_flow=0
=> FAIL: expect=0.000000000000000000000000 (01fffffe), dut=0.000000000000000000000000 (01fffffe), rounding_error=24.99999851 % (exp_error = 0.00001192 %)
[APPRO][ADD]i_32_a=00ffffff (0.000000000000000000000000) + i_32_b=00ffffff (0.000000000000000000000000) 	| o_32_s=017fffff (0.000000000000000000000000) 	| o_ov_flow=1, o_un_flow=0
=> FAIL: expect=0.000000000000000000000000 (01fffffe), dut=0.000000000000000000000000 (01fffffe), rounding_error=24.99999851 % (exp_error = 0.00001192 %)
[APPRO][SUB]i_32_a=00ffffff (0.000000000000000000000000) - i_32_b=00ffffff (0.000000000000000000000000) 	| o_32_s=00000000 (0.000000000000000000000000) 	| o_ov_flow=0, o_un_flow=1
=> PASS: expect=0.000000000000000000000000 (00000000), dut=0.000000000000000000000000 (00000000), rounding_error=0.00000000 % (exp_error = 0.00001192 %)
[APPRO][SUB]i_32_a=00ffffff (0.000000000000000000000000) - i_32_b=00ffffff (0.000000000000000000000000) 	| o_32_s=00000000 (0.000000000000000000000000) 	| o_ov_flow=0, o_un_flow=1
=> PASS: expect=0.000000000000000000000000 (00000000), dut=0.000000000000000000000000 (00000000), rounding_error=0.00000000 % (exp_error = 0.00001192 %)
==========[ (-A + B) ]==========
[SIGN][ADD]i_32_a=c00ccccd (0.000000000000000000000000) + i_32_b=40533333 (0.000000000000000000000000) 	| o_32_s=3f8ccccc (0.000000000000000000000000) 	| o_ov_flow=0, o_un_flow=1
=> FAIL: expect=0.000000000000000000000000 (00600000), dut=0.000000000000000000000000 (00600000), rounding_error=75.21209168 % (exp_error = 0.00001192 %)
[SIGN][ADD]i_32_a=40533333 (0.000000000000000000000000) + i_32_b=c00ccccd (0.000000000000000000000000) 	| o_32_s=3f8ccccc (0.000000000000000000000000) 	| o_ov_flow=0, o_un_flow=1
=> FAIL: expect=0.000000000000000000000000 (00600000), dut=0.000000000000000000000000 (00600000), rounding_error=75.21209168 % (exp_error = 0.00001192 %)
[SIGN][SUB]i_32_a=c00ccccd (0.000000000000000000000000) - i_32_b=40533333 (0.000000000000000000000000) 	| o_32_s=c0b00000 (0.000000000000000000000000) 	| o_ov_flow=1, o_un_flow=1
=> FAIL: expect=0.000000000000000000000000 (7fb9999a), dut=0.000000000000000000000000 (7fb9999a), rounding_error=100.00000000 % (exp_error = 0.00001192 %)
[SIGN][SUB]i_32_a=40533333 (0.000000000000000000000000) - i_32_b=c00ccccd (0.000000000000000000000000) 	| o_32_s=40b00000 (0.000000000000000000000000) 	| o_ov_flow=1, o_un_flow=1
=> FAIL: expect=-0.000000000000000000000000 (7fb9999a), dut=0.000000000000000000000000 (7fb9999a), rounding_error=100.00000000 % (exp_error = 0.00001192 %)
==========[ TEST SIGN ]==========
[SIGN][ADD]i_32_a=c00ccccd (0.000000000000000000000000) + i_32_b=c0533333 (0.000000000000000000000000) 	| o_32_s=c0b00000 (0.000000000000000000000000) 	| o_ov_flow=1, o_un_flow=1
=> FAIL: expect=0.000000000000000000000000 (80600000), dut=0.000000000000000000000000 (80600000), rounding_error=49.86991870 % (exp_error = 0.00001192 %)
[SIGN][ADD]i_32_a=c0533333 (0.000000000000000000000000) + i_32_b=c00ccccd (0.000000000000000000000000) 	| o_32_s=c0b00000 (0.000000000000000000000000) 	| o_ov_flow=1, o_un_flow=1
=> FAIL: expect=0.000000000000000000000000 (80600000), dut=0.000000000000000000000000 (80600000), rounding_error=49.86991870 % (exp_error = 0.00001192 %)
[SIGN][SUB]i_32_a=c00ccccd (0.000000000000000000000000) - i_32_b=c0533333 (0.000000000000000000000000) 	| o_32_s=3f8ccccc (0.000000000000000000000000) 	| o_ov_flow=0, o_un_flow=1
=> FAIL: expect=-0.000000000000000000000000 (00466666), dut=0.000000000000000000000000 (00466666), rounding_error=23209.09289526 % (exp_error = 0.00001192 %)
[SIGN][SUB]i_32_a=c0533333 (0.000000000000000000000000) - i_32_b=c00ccccd (0.000000000000000000000000) 	| o_32_s=bf8ccccc (0.000000000000000000000000) 	| o_ov_flow=0, o_un_flow=1
=> FAIL: expect=0.000000000000000000000000 (00466666), dut=0.000000000000000000000000 (00466666), rounding_error=69554.55147609 % (exp_error = 0.00001192 %)
==========[ TEST SIGN ]==========
[SIGN][ADD]i_32_a=c00ccccd (0.000000000000000000000000) + i_32_b=c1b1999a (0.000000000000000000000000) 	| o_32_s=c1c33333 (0.000000000000000000000000) 	| o_ov_flow=0, o_un_flow=0
=> FAIL: expect=0.000000000000000000000000 (81be6667), dut=0.000000000000000000000000 (81be6667), rounding_error=49.76911487 % (exp_error = 0.00001192 %)
[SIGN][ADD]i_32_a=c1b1999a (0.000000000000000000000000) + i_32_b=c00ccccd (0.000000000000000000000000) 	| o_32_s=c1c33333 (0.000000000000000000000000) 	| o_ov_flow=0, o_un_flow=0
=> FAIL: expect=0.000000000000000000000000 (81be6667), dut=0.000000000000000000000000 (81be6667), rounding_error=49.76911487 % (exp_error = 0.00001192 %)
[SIGN][SUB]i_32_a=c00ccccd (0.000000000000000000000000) - i_32_b=c1b1999a (0.000000000000000000000000) 	| o_32_s=41a00001 (0.000000000000000000000000) 	| o_ov_flow=0, o_un_flow=0
=> FAIL: expect=-0.000000000000000000000000 (01a4cccd), dut=0.000000000000000000000000 (01a4cccd), rounding_error=4092.39541193 % (exp_error = 0.00001192 %)
[SIGN][SUB]i_32_a=c1b1999a (0.000000000000000000000000) - i_32_b=c00ccccd (0.000000000000000000000000) 	| o_32_s=c1a00001 (0.000000000000000000000000) 	| o_ov_flow=0, o_un_flow=0
=> FAIL: expect=0.000000000000000000000000 (01a4cccd), dut=0.000000000000000000000000 (01a4cccd), rounding_error=11679.46759881 % (exp_error = 0.00001192 %)
==========[ Overflow rouding ]==========
[PRE_NOR_EXP][ADD]i_32_a=0cffffff (0.000000000000000000000000) + i_32_b=00f80000 (0.000000000000000000000000) 	| o_32_s=0d000000 (0.000000000000000000000000) 	| o_ov_flow=1, o_un_flow=0
=> FAIL: expect=0.000000000000000000000000 (0df7ffff), dut=0.000000000000000000000000 (0df7ffff), rounding_error=6.93512265 % (exp_error = 0.00001192 %)
[PRE_NOR_EXP][ADD]i_32_a=00f80000 (0.000000000000000000000000) + i_32_b=0cffffff (0.000000000000000000000000) 	| o_32_s=0d000000 (0.000000000000000000000000) 	| o_ov_flow=1, o_un_flow=0
=> FAIL: expect=0.000000000000000000000000 (0df7ffff), dut=0.000000000000000000000000 (0df7ffff), rounding_error=6.93512265 % (exp_error = 0.00001192 %)
[PRE_NOR_EXP][SUB]i_32_a=0cffffff (0.000000000000000000000000) - i_32_b=00f80000 (0.000000000000000000000000) 	| o_32_s=0cfffffe (0.000000000000000000000000) 	| o_ov_flow=0, o_un_flow=0
=> FAIL: expect=0.000000000000000000000000 (0c07ffff), dut=0.000000000000000000000000 (0c07ffff), rounding_error=8.05194760 % (exp_error = 0.00001192 %)
[PRE_NOR_EXP][SUB]i_32_a=00f80000 (0.000000000000000000000000) - i_32_b=0cffffff (0.000000000000000000000000) 	| o_32_s=8cfffffe (0.000000000000000000000000) 	| o_ov_flow=0, o_un_flow=0
=> FAIL: expect=-0.000000000000000000000000 (0c07ffff), dut=0.000000000000000000000000 (0c07ffff), rounding_error=1271.94805676 % (exp_error = 0.00001192 %)
==========[ Read data from ROM ]==========
[Random][ADD]i_32_a=00000000 (0.000000000000000000000000) + i_32_b=00000000 (0.000000000000000000000000) 	| o_32_s=00000000 (0.000000000000000000000000) 	| o_ov_flow=1, o_un_flow=1
=> PASS: expect=0.000000000000000000000000 (00000000), dut=0.000000000000000000000000 (00000000), rounding_error=0.00000000 % (exp_error = 0.00001192 %)
[Random][ADD]i_32_a=00000000 (0.000000000000000000000000) + i_32_b=00000000 (0.000000000000000000000000) 	| o_32_s=00000000 (0.000000000000000000000000) 	| o_ov_flow=1, o_un_flow=1
=> PASS: expect=0.000000000000000000000000 (00000000), dut=0.000000000000000000000000 (00000000), rounding_error=0.00000000 % (exp_error = 0.00001192 %)
[Random][SUB]i_32_a=00000000 (0.000000000000000000000000) - i_32_b=00000000 (0.000000000000000000000000) 	| o_32_s=00000000 (0.000000000000000000000000) 	| o_ov_flow=0, o_un_flow=1
=> PASS: expect=0.000000000000000000000000 (00000000), dut=0.000000000000000000000000 (00000000), rounding_error=0.00000000 % (exp_error = 0.00001192 %)
[Random][SUB]i_32_a=00000000 (0.000000000000000000000000) - i_32_b=00000000 (0.000000000000000000000000) 	| o_32_s=00000000 (0.000000000000000000000000) 	| o_ov_flow=0, o_un_flow=1
=> PASS: expect=0.000000000000000000000000 (00000000), dut=0.000000000000000000000000 (00000000), rounding_error=0.00000000 % (exp_error = 0.00001192 %)
==========[ Read data from ROM ]==========
[Random][ADD]i_32_a=00000000 (0.000000000000000000000000) + i_32_b=00000000 (0.000000000000000000000000) 	| o_32_s=00000000 (0.000000000000000000000000) 	| o_ov_flow=1, o_un_flow=1
=> PASS: expect=0.000000000000000000000000 (00000000), dut=0.000000000000000000000000 (00000000), rounding_error=0.00000000 % (exp_error = 0.00001192 %)
[Random][ADD]i_32_a=00000000 (0.000000000000000000000000) + i_32_b=00000000 (0.000000000000000000000000) 	| o_32_s=00000000 (0.000000000000000000000000) 	| o_ov_flow=1, o_un_flow=1
=> PASS: expect=0.000000000000000000000000 (00000000), dut=0.000000000000000000000000 (00000000), rounding_error=0.00000000 % (exp_error = 0.00001192 %)
[Random][SUB]i_32_a=00000000 (0.000000000000000000000000) - i_32_b=00000000 (0.000000000000000000000000) 	| o_32_s=00000000 (0.000000000000000000000000) 	| o_ov_flow=0, o_un_flow=1
=> PASS: expect=0.000000000000000000000000 (00000000), dut=0.000000000000000000000000 (00000000), rounding_error=0.00000000 % (exp_error = 0.00001192 %)
[Random][SUB]i_32_a=00000000 (0.000000000000000000000000) - i_32_b=00000000 (0.000000000000000000000000) 	| o_32_s=00000000 (0.000000000000000000000000) 	| o_ov_flow=0, o_un_flow=1
=> PASS: expect=0.000000000000000000000000 (00000000), dut=0.000000000000000000000000 (00000000), rounding_error=0.00000000 % (exp_error = 0.00001192 %)
==========[ Read data from ROM ]==========
[Random][ADD]i_32_a=00000000 (0.000000000000000000000000) + i_32_b=00000000 (0.000000000000000000000000) 	| o_32_s=00000000 (0.000000000000000000000000) 	| o_ov_flow=1, o_un_flow=1
=> PASS: expect=0.000000000000000000000000 (00000000), dut=0.000000000000000000000000 (00000000), rounding_error=0.00000000 % (exp_error = 0.00001192 %)
[Random][ADD]i_32_a=00000000 (0.000000000000000000000000) + i_32_b=00000000 (0.000000000000000000000000) 	| o_32_s=00000000 (0.000000000000000000000000) 	| o_ov_flow=1, o_un_flow=1
=> PASS: expect=0.000000000000000000000000 (00000000), dut=0.000000000000000000000000 (00000000), rounding_error=0.00000000 % (exp_error = 0.00001192 %)
[Random][SUB]i_32_a=00000000 (0.000000000000000000000000) - i_32_b=00000000 (0.000000000000000000000000) 	| o_32_s=00000000 (0.000000000000000000000000) 	| o_ov_flow=0, o_un_flow=1
=> PASS: expect=0.000000000000000000000000 (00000000), dut=0.000000000000000000000000 (00000000), rounding_error=0.00000000 % (exp_error = 0.00001192 %)
[Random][SUB]i_32_a=00000000 (0.000000000000000000000000) - i_32_b=00000000 (0.000000000000000000000000) 	| o_32_s=00000000 (0.000000000000000000000000) 	| o_ov_flow=0, o_un_flow=1
=> PASS: expect=0.000000000000000000000000 (00000000), dut=0.000000000000000000000000 (00000000), rounding_error=0.00000000 % (exp_error = 0.00001192 %)
==========[ Read data from ROM ]==========
[Random][ADD]i_32_a=00000000 (0.000000000000000000000000) + i_32_b=00000000 (0.000000000000000000000000) 	| o_32_s=00000000 (0.000000000000000000000000) 	| o_ov_flow=1, o_un_flow=1
=> PASS: expect=0.000000000000000000000000 (00000000), dut=0.000000000000000000000000 (00000000), rounding_error=0.00000000 % (exp_error = 0.00001192 %)
[Random][ADD]i_32_a=00000000 (0.000000000000000000000000) + i_32_b=00000000 (0.000000000000000000000000) 	| o_32_s=00000000 (0.000000000000000000000000) 	| o_ov_flow=1, o_un_flow=1
=> PASS: expect=0.000000000000000000000000 (00000000), dut=0.000000000000000000000000 (00000000), rounding_error=0.00000000 % (exp_error = 0.00001192 %)
[Random][SUB]i_32_a=00000000 (0.000000000000000000000000) - i_32_b=00000000 (0.000000000000000000000000) 	| o_32_s=00000000 (0.000000000000000000000000) 	| o_ov_flow=0, o_un_flow=1
=> PASS: expect=0.000000000000000000000000 (00000000), dut=0.000000000000000000000000 (00000000), rounding_error=0.00000000 % (exp_error = 0.00001192 %)
[Random][SUB]i_32_a=00000000 (0.000000000000000000000000) - i_32_b=00000000 (0.000000000000000000000000) 	| o_32_s=00000000 (0.000000000000000000000000) 	| o_ov_flow=0, o_un_flow=1
=> PASS: expect=0.000000000000000000000000 (00000000), dut=0.000000000000000000000000 (00000000), rounding_error=0.00000000 % (exp_error = 0.00001192 %)
==========[ Read data from ROM ]==========
[Random][ADD]i_32_a=00000000 (0.000000000000000000000000) + i_32_b=00000000 (0.000000000000000000000000) 	| o_32_s=00000000 (0.000000000000000000000000) 	| o_ov_flow=1, o_un_flow=1
=> PASS: expect=0.000000000000000000000000 (00000000), dut=0.000000000000000000000000 (00000000), rounding_error=0.00000000 % (exp_error = 0.00001192 %)
[Random][ADD]i_32_a=00000000 (0.000000000000000000000000) + i_32_b=00000000 (0.000000000000000000000000) 	| o_32_s=00000000 (0.000000000000000000000000) 	| o_ov_flow=1, o_un_flow=1
=> PASS: expect=0.000000000000000000000000 (00000000), dut=0.000000000000000000000000 (00000000), rounding_error=0.00000000 % (exp_error = 0.00001192 %)
[Random][SUB]i_32_a=00000000 (0.000000000000000000000000) - i_32_b=00000000 (0.000000000000000000000000) 	| o_32_s=00000000 (0.000000000000000000000000) 	| o_ov_flow=0, o_un_flow=1
=> PASS: expect=0.000000000000000000000000 (00000000), dut=0.000000000000000000000000 (00000000), rounding_error=0.00000000 % (exp_error = 0.00001192 %)
[Random][SUB]i_32_a=00000000 (0.000000000000000000000000) - i_32_b=00000000 (0.000000000000000000000000) 	| o_32_s=00000000 (0.000000000000000000000000) 	| o_ov_flow=0, o_un_flow=1
=> PASS: expect=0.000000000000000000000000 (00000000), dut=0.000000000000000000000000 (00000000), rounding_error=0.00000000 % (exp_error = 0.00001192 %)
==========[ Read data from ROM ]==========
[Random][ADD]i_32_a=00000000 (0.000000000000000000000000) + i_32_b=00000000 (0.000000000000000000000000) 	| o_32_s=00000000 (0.000000000000000000000000) 	| o_ov_flow=1, o_un_flow=1
=> PASS: expect=0.000000000000000000000000 (00000000), dut=0.000000000000000000000000 (00000000), rounding_error=0.00000000 % (exp_error = 0.00001192 %)
[Random][ADD]i_32_a=00000000 (0.000000000000000000000000) + i_32_b=00000000 (0.000000000000000000000000) 	| o_32_s=00000000 (0.000000000000000000000000) 	| o_ov_flow=1, o_un_flow=1
=> PASS: expect=0.000000000000000000000000 (00000000), dut=0.000000000000000000000000 (00000000), rounding_error=0.00000000 % (exp_error = 0.00001192 %)
[Random][SUB]i_32_a=00000000 (0.000000000000000000000000) - i_32_b=00000000 (0.000000000000000000000000) 	| o_32_s=00000000 (0.000000000000000000000000) 	| o_ov_flow=0, o_un_flow=1
=> PASS: expect=0.000000000000000000000000 (00000000), dut=0.000000000000000000000000 (00000000), rounding_error=0.00000000 % (exp_error = 0.00001192 %)
[Random][SUB]i_32_a=00000000 (0.000000000000000000000000) - i_32_b=00000000 (0.000000000000000000000000) 	| o_32_s=00000000 (0.000000000000000000000000) 	| o_ov_flow=0, o_un_flow=1
=> PASS: expect=0.000000000000000000000000 (00000000), dut=0.000000000000000000000000 (00000000), rounding_error=0.00000000 % (exp_error = 0.00001192 %)
==========[ Read data from ROM ]==========
[Random][ADD]i_32_a=00000000 (0.000000000000000000000000) + i_32_b=00000000 (0.000000000000000000000000) 	| o_32_s=00000000 (0.000000000000000000000000) 	| o_ov_flow=1, o_un_flow=1
=> PASS: expect=0.000000000000000000000000 (00000000), dut=0.000000000000000000000000 (00000000), rounding_error=0.00000000 % (exp_error = 0.00001192 %)
[Random][ADD]i_32_a=00000000 (0.000000000000000000000000) + i_32_b=00000000 (0.000000000000000000000000) 	| o_32_s=00000000 (0.000000000000000000000000) 	| o_ov_flow=1, o_un_flow=1
=> PASS: expect=0.000000000000000000000000 (00000000), dut=0.000000000000000000000000 (00000000), rounding_error=0.00000000 % (exp_error = 0.00001192 %)
[Random][SUB]i_32_a=00000000 (0.000000000000000000000000) - i_32_b=00000000 (0.000000000000000000000000) 	| o_32_s=00000000 (0.000000000000000000000000) 	| o_ov_flow=0, o_un_flow=1
=> PASS: expect=0.000000000000000000000000 (00000000), dut=0.000000000000000000000000 (00000000), rounding_error=0.00000000 % (exp_error = 0.00001192 %)
[Random][SUB]i_32_a=00000000 (0.000000000000000000000000) - i_32_b=00000000 (0.000000000000000000000000) 	| o_32_s=00000000 (0.000000000000000000000000) 	| o_ov_flow=0, o_un_flow=1
=> PASS: expect=0.000000000000000000000000 (00000000), dut=0.000000000000000000000000 (00000000), rounding_error=0.00000000 % (exp_error = 0.00001192 %)
==========[ Read data from ROM ]==========
[Random][ADD]i_32_a=00000000 (0.000000000000000000000000) + i_32_b=00000000 (0.000000000000000000000000) 	| o_32_s=00000000 (0.000000000000000000000000) 	| o_ov_flow=1, o_un_flow=1
=> PASS: expect=0.000000000000000000000000 (00000000), dut=0.000000000000000000000000 (00000000), rounding_error=0.00000000 % (exp_error = 0.00001192 %)
[Random][ADD]i_32_a=00000000 (0.000000000000000000000000) + i_32_b=00000000 (0.000000000000000000000000) 	| o_32_s=00000000 (0.000000000000000000000000) 	| o_ov_flow=1, o_un_flow=1
=> PASS: expect=0.000000000000000000000000 (00000000), dut=0.000000000000000000000000 (00000000), rounding_error=0.00000000 % (exp_error = 0.00001192 %)
[Random][SUB]i_32_a=00000000 (0.000000000000000000000000) - i_32_b=00000000 (0.000000000000000000000000) 	| o_32_s=00000000 (0.000000000000000000000000) 	| o_ov_flow=0, o_un_flow=1
=> PASS: expect=0.000000000000000000000000 (00000000), dut=0.000000000000000000000000 (00000000), rounding_error=0.00000000 % (exp_error = 0.00001192 %)
[Random][SUB]i_32_a=00000000 (0.000000000000000000000000) - i_32_b=00000000 (0.000000000000000000000000) 	| o_32_s=00000000 (0.000000000000000000000000) 	| o_ov_flow=0, o_un_flow=1
=> PASS: expect=0.000000000000000000000000 (00000000), dut=0.000000000000000000000000 (00000000), rounding_error=0.00000000 % (exp_error = 0.00001192 %)
==========[ Read data from ROM ]==========
[Random][ADD]i_32_a=00000000 (0.000000000000000000000000) + i_32_b=00000000 (0.000000000000000000000000) 	| o_32_s=00000000 (0.000000000000000000000000) 	| o_ov_flow=1, o_un_flow=1
=> PASS: expect=0.000000000000000000000000 (00000000), dut=0.000000000000000000000000 (00000000), rounding_error=0.00000000 % (exp_error = 0.00001192 %)
[Random][ADD]i_32_a=00000000 (0.000000000000000000000000) + i_32_b=00000000 (0.000000000000000000000000) 	| o_32_s=00000000 (0.000000000000000000000000) 	| o_ov_flow=1, o_un_flow=1
=> PASS: expect=0.000000000000000000000000 (00000000), dut=0.000000000000000000000000 (00000000), rounding_error=0.00000000 % (exp_error = 0.00001192 %)
[Random][SUB]i_32_a=00000000 (0.000000000000000000000000) - i_32_b=00000000 (0.000000000000000000000000) 	| o_32_s=00000000 (0.000000000000000000000000) 	| o_ov_flow=0, o_un_flow=1
=> PASS: expect=0.000000000000000000000000 (00000000), dut=0.000000000000000000000000 (00000000), rounding_error=0.00000000 % (exp_error = 0.00001192 %)
[Random][SUB]i_32_a=00000000 (0.000000000000000000000000) - i_32_b=00000000 (0.000000000000000000000000) 	| o_32_s=00000000 (0.000000000000000000000000) 	| o_ov_flow=0, o_un_flow=1
=> PASS: expect=0.000000000000000000000000 (00000000), dut=0.000000000000000000000000 (00000000), rounding_error=0.00000000 % (exp_error = 0.00001192 %)
==========[ Read data from ROM ]==========
[Random][ADD]i_32_a=00000000 (0.000000000000000000000000) + i_32_b=00000000 (0.000000000000000000000000) 	| o_32_s=00000000 (0.000000000000000000000000) 	| o_ov_flow=1, o_un_flow=1
=> PASS: expect=0.000000000000000000000000 (00000000), dut=0.000000000000000000000000 (00000000), rounding_error=0.00000000 % (exp_error = 0.00001192 %)
[Random][ADD]i_32_a=00000000 (0.000000000000000000000000) + i_32_b=00000000 (0.000000000000000000000000) 	| o_32_s=00000000 (0.000000000000000000000000) 	| o_ov_flow=1, o_un_flow=1
=> PASS: expect=0.000000000000000000000000 (00000000), dut=0.000000000000000000000000 (00000000), rounding_error=0.00000000 % (exp_error = 0.00001192 %)
[Random][SUB]i_32_a=00000000 (0.000000000000000000000000) - i_32_b=00000000 (0.000000000000000000000000) 	| o_32_s=00000000 (0.000000000000000000000000) 	| o_ov_flow=0, o_un_flow=1
=> PASS: expect=0.000000000000000000000000 (00000000), dut=0.000000000000000000000000 (00000000), rounding_error=0.00000000 % (exp_error = 0.00001192 %)
[Random][SUB]i_32_a=00000000 (0.000000000000000000000000) - i_32_b=00000000 (0.000000000000000000000000) 	| o_32_s=00000000 (0.000000000000000000000000) 	| o_ov_flow=0, o_un_flow=1
=> PASS: expect=0.000000000000000000000000 (00000000), dut=0.000000000000000000000000 (00000000), rounding_error=0.00000000 % (exp_error = 0.00001192 %)
==========[ Read data from ROM ]==========
[Random][ADD]i_32_a=00000000 (0.000000000000000000000000) + i_32_b=00000000 (0.000000000000000000000000) 	| o_32_s=00000000 (0.000000000000000000000000) 	| o_ov_flow=1, o_un_flow=1
=> PASS: expect=0.000000000000000000000000 (00000000), dut=0.000000000000000000000000 (00000000), rounding_error=0.00000000 % (exp_error = 0.00001192 %)
[Random][ADD]i_32_a=00000000 (0.000000000000000000000000) + i_32_b=00000000 (0.000000000000000000000000) 	| o_32_s=00000000 (0.000000000000000000000000) 	| o_ov_flow=1, o_un_flow=1
=> PASS: expect=0.000000000000000000000000 (00000000), dut=0.000000000000000000000000 (00000000), rounding_error=0.00000000 % (exp_error = 0.00001192 %)
[Random][SUB]i_32_a=00000000 (0.000000000000000000000000) - i_32_b=00000000 (0.000000000000000000000000) 	| o_32_s=00000000 (0.000000000000000000000000) 	| o_ov_flow=0, o_un_flow=1
=> PASS: expect=0.000000000000000000000000 (00000000), dut=0.000000000000000000000000 (00000000), rounding_error=0.00000000 % (exp_error = 0.00001192 %)
[Random][SUB]i_32_a=00000000 (0.000000000000000000000000) - i_32_b=00000000 (0.000000000000000000000000) 	| o_32_s=00000000 (0.000000000000000000000000) 	| o_ov_flow=0, o_un_flow=1
=> PASS: expect=0.000000000000000000000000 (00000000), dut=0.000000000000000000000000 (00000000), rounding_error=0.00000000 % (exp_error = 0.00001192 %)
==========[ Read data from ROM ]==========
[Random][ADD]i_32_a=00000000 (0.000000000000000000000000) + i_32_b=00000000 (0.000000000000000000000000) 	| o_32_s=00000000 (0.000000000000000000000000) 	| o_ov_flow=1, o_un_flow=1
=> PASS: expect=0.000000000000000000000000 (00000000), dut=0.000000000000000000000000 (00000000), rounding_error=0.00000000 % (exp_error = 0.00001192 %)
[Random][ADD]i_32_a=00000000 (0.000000000000000000000000) + i_32_b=00000000 (0.000000000000000000000000) 	| o_32_s=00000000 (0.000000000000000000000000) 	| o_ov_flow=1, o_un_flow=1
=> PASS: expect=0.000000000000000000000000 (00000000), dut=0.000000000000000000000000 (00000000), rounding_error=0.00000000 % (exp_error = 0.00001192 %)
[Random][SUB]i_32_a=00000000 (0.000000000000000000000000) - i_32_b=00000000 (0.000000000000000000000000) 	| o_32_s=00000000 (0.000000000000000000000000) 	| o_ov_flow=0, o_un_flow=1
=> PASS: expect=0.000000000000000000000000 (00000000), dut=0.000000000000000000000000 (00000000), rounding_error=0.00000000 % (exp_error = 0.00001192 %)
[Random][SUB]i_32_a=00000000 (0.000000000000000000000000) - i_32_b=00000000 (0.000000000000000000000000) 	| o_32_s=00000000 (0.000000000000000000000000) 	| o_ov_flow=0, o_un_flow=1
=> PASS: expect=0.000000000000000000000000 (00000000), dut=0.000000000000000000000000 (00000000), rounding_error=0.00000000 % (exp_error = 0.00001192 %)
==========[ Read data from ROM ]==========
[Random][ADD]i_32_a=00000000 (0.000000000000000000000000) + i_32_b=00000000 (0.000000000000000000000000) 	| o_32_s=00000000 (0.000000000000000000000000) 	| o_ov_flow=1, o_un_flow=1
=> PASS: expect=0.000000000000000000000000 (00000000), dut=0.000000000000000000000000 (00000000), rounding_error=0.00000000 % (exp_error = 0.00001192 %)
[Random][ADD]i_32_a=00000000 (0.000000000000000000000000) + i_32_b=00000000 (0.000000000000000000000000) 	| o_32_s=00000000 (0.000000000000000000000000) 	| o_ov_flow=1, o_un_flow=1
=> PASS: expect=0.000000000000000000000000 (00000000), dut=0.000000000000000000000000 (00000000), rounding_error=0.00000000 % (exp_error = 0.00001192 %)
[Random][SUB]i_32_a=00000000 (0.000000000000000000000000) - i_32_b=00000000 (0.000000000000000000000000) 	| o_32_s=00000000 (0.000000000000000000000000) 	| o_ov_flow=0, o_un_flow=1
=> PASS: expect=0.000000000000000000000000 (00000000), dut=0.000000000000000000000000 (00000000), rounding_error=0.00000000 % (exp_error = 0.00001192 %)
[Random][SUB]i_32_a=00000000 (0.000000000000000000000000) - i_32_b=00000000 (0.000000000000000000000000) 	| o_32_s=00000000 (0.000000000000000000000000) 	| o_ov_flow=0, o_un_flow=1
=> PASS: expect=0.000000000000000000000000 (00000000), dut=0.000000000000000000000000 (00000000), rounding_error=0.00000000 % (exp_error = 0.00001192 %)
==========[ Read data from ROM ]==========
[Random][ADD]i_32_a=00000000 (0.000000000000000000000000) + i_32_b=00000000 (0.000000000000000000000000) 	| o_32_s=00000000 (0.000000000000000000000000) 	| o_ov_flow=1, o_un_flow=1
=> PASS: expect=0.000000000000000000000000 (00000000), dut=0.000000000000000000000000 (00000000), rounding_error=0.00000000 % (exp_error = 0.00001192 %)
[Random][ADD]i_32_a=00000000 (0.000000000000000000000000) + i_32_b=00000000 (0.000000000000000000000000) 	| o_32_s=00000000 (0.000000000000000000000000) 	| o_ov_flow=1, o_un_flow=1
=> PASS: expect=0.000000000000000000000000 (00000000), dut=0.000000000000000000000000 (00000000), rounding_error=0.00000000 % (exp_error = 0.00001192 %)
[Random][SUB]i_32_a=00000000 (0.000000000000000000000000) - i_32_b=00000000 (0.000000000000000000000000) 	| o_32_s=00000000 (0.000000000000000000000000) 	| o_ov_flow=0, o_un_flow=1
=> PASS: expect=0.000000000000000000000000 (00000000), dut=0.000000000000000000000000 (00000000), rounding_error=0.00000000 % (exp_error = 0.00001192 %)
[Random][SUB]i_32_a=00000000 (0.000000000000000000000000) - i_32_b=00000000 (0.000000000000000000000000) 	| o_32_s=00000000 (0.000000000000000000000000) 	| o_ov_flow=0, o_un_flow=1
=> PASS: expect=0.000000000000000000000000 (00000000), dut=0.000000000000000000000000 (00000000), rounding_error=0.00000000 % (exp_error = 0.00001192 %)
==========[ Read data from ROM ]==========
[Random][ADD]i_32_a=00000000 (0.000000000000000000000000) + i_32_b=00000000 (0.000000000000000000000000) 	| o_32_s=00000000 (0.000000000000000000000000) 	| o_ov_flow=1, o_un_flow=1
=> PASS: expect=0.000000000000000000000000 (00000000), dut=0.000000000000000000000000 (00000000), rounding_error=0.00000000 % (exp_error = 0.00001192 %)
[Random][ADD]i_32_a=00000000 (0.000000000000000000000000) + i_32_b=00000000 (0.000000000000000000000000) 	| o_32_s=00000000 (0.000000000000000000000000) 	| o_ov_flow=1, o_un_flow=1
=> PASS: expect=0.000000000000000000000000 (00000000), dut=0.000000000000000000000000 (00000000), rounding_error=0.00000000 % (exp_error = 0.00001192 %)
[Random][SUB]i_32_a=00000000 (0.000000000000000000000000) - i_32_b=00000000 (0.000000000000000000000000) 	| o_32_s=00000000 (0.000000000000000000000000) 	| o_ov_flow=0, o_un_flow=1
=> PASS: expect=0.000000000000000000000000 (00000000), dut=0.000000000000000000000000 (00000000), rounding_error=0.00000000 % (exp_error = 0.00001192 %)
[Random][SUB]i_32_a=00000000 (0.000000000000000000000000) - i_32_b=00000000 (0.000000000000000000000000) 	| o_32_s=00000000 (0.000000000000000000000000) 	| o_ov_flow=0, o_un_flow=1
=> PASS: expect=0.000000000000000000000000 (00000000), dut=0.000000000000000000000000 (00000000), rounding_error=0.00000000 % (exp_error = 0.00001192 %)
==========[ Read data from ROM ]==========
[Random][ADD]i_32_a=00000000 (0.000000000000000000000000) + i_32_b=00000000 (0.000000000000000000000000) 	| o_32_s=00000000 (0.000000000000000000000000) 	| o_ov_flow=1, o_un_flow=1
=> PASS: expect=0.000000000000000000000000 (00000000), dut=0.000000000000000000000000 (00000000), rounding_error=0.00000000 % (exp_error = 0.00001192 %)
[Random][ADD]i_32_a=00000000 (0.000000000000000000000000) + i_32_b=00000000 (0.000000000000000000000000) 	| o_32_s=00000000 (0.000000000000000000000000) 	| o_ov_flow=1, o_un_flow=1
=> PASS: expect=0.000000000000000000000000 (00000000), dut=0.000000000000000000000000 (00000000), rounding_error=0.00000000 % (exp_error = 0.00001192 %)
[Random][SUB]i_32_a=00000000 (0.000000000000000000000000) - i_32_b=00000000 (0.000000000000000000000000) 	| o_32_s=00000000 (0.000000000000000000000000) 	| o_ov_flow=0, o_un_flow=1
=> PASS: expect=0.000000000000000000000000 (00000000), dut=0.000000000000000000000000 (00000000), rounding_error=0.00000000 % (exp_error = 0.00001192 %)
[Random][SUB]i_32_a=00000000 (0.000000000000000000000000) - i_32_b=00000000 (0.000000000000000000000000) 	| o_32_s=00000000 (0.000000000000000000000000) 	| o_ov_flow=0, o_un_flow=1
=> PASS: expect=0.000000000000000000000000 (00000000), dut=0.000000000000000000000000 (00000000), rounding_error=0.00000000 % (exp_error = 0.00001192 %)
==========[ Read data from ROM ]==========
[Random][ADD]i_32_a=00000000 (0.000000000000000000000000) + i_32_b=00000000 (0.000000000000000000000000) 	| o_32_s=00000000 (0.000000000000000000000000) 	| o_ov_flow=1, o_un_flow=1
=> PASS: expect=0.000000000000000000000000 (00000000), dut=0.000000000000000000000000 (00000000), rounding_error=0.00000000 % (exp_error = 0.00001192 %)
[Random][ADD]i_32_a=00000000 (0.000000000000000000000000) + i_32_b=00000000 (0.000000000000000000000000) 	| o_32_s=00000000 (0.000000000000000000000000) 	| o_ov_flow=1, o_un_flow=1
=> PASS: expect=0.000000000000000000000000 (00000000), dut=0.000000000000000000000000 (00000000), rounding_error=0.00000000 % (exp_error = 0.00001192 %)
[Random][SUB]i_32_a=00000000 (0.000000000000000000000000) - i_32_b=00000000 (0.000000000000000000000000) 	| o_32_s=00000000 (0.000000000000000000000000) 	| o_ov_flow=0, o_un_flow=1
=> PASS: expect=0.000000000000000000000000 (00000000), dut=0.000000000000000000000000 (00000000), rounding_error=0.00000000 % (exp_error = 0.00001192 %)
[Random][SUB]i_32_a=00000000 (0.000000000000000000000000) - i_32_b=00000000 (0.000000000000000000000000) 	| o_32_s=00000000 (0.000000000000000000000000) 	| o_ov_flow=0, o_un_flow=1
=> PASS: expect=0.000000000000000000000000 (00000000), dut=0.000000000000000000000000 (00000000), rounding_error=0.00000000 % (exp_error = 0.00001192 %)
==========[ Read data from ROM ]==========
[Random][ADD]i_32_a=00000000 (0.000000000000000000000000) + i_32_b=00000000 (0.000000000000000000000000) 	| o_32_s=00000000 (0.000000000000000000000000) 	| o_ov_flow=1, o_un_flow=1
=> PASS: expect=0.000000000000000000000000 (00000000), dut=0.000000000000000000000000 (00000000), rounding_error=0.00000000 % (exp_error = 0.00001192 %)
[Random][ADD]i_32_a=00000000 (0.000000000000000000000000) + i_32_b=00000000 (0.000000000000000000000000) 	| o_32_s=00000000 (0.000000000000000000000000) 	| o_ov_flow=1, o_un_flow=1
=> PASS: expect=0.000000000000000000000000 (00000000), dut=0.000000000000000000000000 (00000000), rounding_error=0.00000000 % (exp_error = 0.00001192 %)
[Random][SUB]i_32_a=00000000 (0.000000000000000000000000) - i_32_b=00000000 (0.000000000000000000000000) 	| o_32_s=00000000 (0.000000000000000000000000) 	| o_ov_flow=0, o_un_flow=1
=> PASS: expect=0.000000000000000000000000 (00000000), dut=0.000000000000000000000000 (00000000), rounding_error=0.00000000 % (exp_error = 0.00001192 %)
[Random][SUB]i_32_a=00000000 (0.000000000000000000000000) - i_32_b=00000000 (0.000000000000000000000000) 	| o_32_s=00000000 (0.000000000000000000000000) 	| o_ov_flow=0, o_un_flow=1
=> PASS: expect=0.000000000000000000000000 (00000000), dut=0.000000000000000000000000 (00000000), rounding_error=0.00000000 % (exp_error = 0.00001192 %)
==========[ Read data from ROM ]==========
[Random][ADD]i_32_a=00000000 (0.000000000000000000000000) + i_32_b=00000000 (0.000000000000000000000000) 	| o_32_s=00000000 (0.000000000000000000000000) 	| o_ov_flow=1, o_un_flow=1
=> PASS: expect=0.000000000000000000000000 (00000000), dut=0.000000000000000000000000 (00000000), rounding_error=0.00000000 % (exp_error = 0.00001192 %)
[Random][ADD]i_32_a=00000000 (0.000000000000000000000000) + i_32_b=00000000 (0.000000000000000000000000) 	| o_32_s=00000000 (0.000000000000000000000000) 	| o_ov_flow=1, o_un_flow=1
=> PASS: expect=0.000000000000000000000000 (00000000), dut=0.000000000000000000000000 (00000000), rounding_error=0.00000000 % (exp_error = 0.00001192 %)
[Random][SUB]i_32_a=00000000 (0.000000000000000000000000) - i_32_b=00000000 (0.000000000000000000000000) 	| o_32_s=00000000 (0.000000000000000000000000) 	| o_ov_flow=0, o_un_flow=1
=> PASS: expect=0.000000000000000000000000 (00000000), dut=0.000000000000000000000000 (00000000), rounding_error=0.00000000 % (exp_error = 0.00001192 %)
[Random][SUB]i_32_a=00000000 (0.000000000000000000000000) - i_32_b=00000000 (0.000000000000000000000000) 	| o_32_s=00000000 (0.000000000000000000000000) 	| o_ov_flow=0, o_un_flow=1
=> PASS: expect=0.000000000000000000000000 (00000000), dut=0.000000000000000000000000 (00000000), rounding_error=0.00000000 % (exp_error = 0.00001192 %)
==========[ Read data from ROM ]==========
[Random][ADD]i_32_a=00000000 (0.000000000000000000000000) + i_32_b=00000000 (0.000000000000000000000000) 	| o_32_s=00000000 (0.000000000000000000000000) 	| o_ov_flow=1, o_un_flow=1
=> PASS: expect=0.000000000000000000000000 (00000000), dut=0.000000000000000000000000 (00000000), rounding_error=0.00000000 % (exp_error = 0.00001192 %)
[Random][ADD]i_32_a=00000000 (0.000000000000000000000000) + i_32_b=00000000 (0.000000000000000000000000) 	| o_32_s=00000000 (0.000000000000000000000000) 	| o_ov_flow=1, o_un_flow=1
=> PASS: expect=0.000000000000000000000000 (00000000), dut=0.000000000000000000000000 (00000000), rounding_error=0.00000000 % (exp_error = 0.00001192 %)
[Random][SUB]i_32_a=00000000 (0.000000000000000000000000) - i_32_b=00000000 (0.000000000000000000000000) 	| o_32_s=00000000 (0.000000000000000000000000) 	| o_ov_flow=0, o_un_flow=1
=> PASS: expect=0.000000000000000000000000 (00000000), dut=0.000000000000000000000000 (00000000), rounding_error=0.00000000 % (exp_error = 0.00001192 %)
[Random][SUB]i_32_a=00000000 (0.000000000000000000000000) - i_32_b=00000000 (0.000000000000000000000000) 	| o_32_s=00000000 (0.000000000000000000000000) 	| o_ov_flow=0, o_un_flow=1
=> PASS: expect=0.000000000000000000000000 (00000000), dut=0.000000000000000000000000 (00000000), rounding_error=0.00000000 % (exp_error = 0.00001192 %)
==========[ Read data from ROM ]==========
[Random][ADD]i_32_a=00000000 (0.000000000000000000000000) + i_32_b=00000000 (0.000000000000000000000000) 	| o_32_s=00000000 (0.000000000000000000000000) 	| o_ov_flow=1, o_un_flow=1
=> PASS: expect=0.000000000000000000000000 (00000000), dut=0.000000000000000000000000 (00000000), rounding_error=0.00000000 % (exp_error = 0.00001192 %)
[Random][ADD]i_32_a=00000000 (0.000000000000000000000000) + i_32_b=00000000 (0.000000000000000000000000) 	| o_32_s=00000000 (0.000000000000000000000000) 	| o_ov_flow=1, o_un_flow=1
=> PASS: expect=0.000000000000000000000000 (00000000), dut=0.000000000000000000000000 (00000000), rounding_error=0.00000000 % (exp_error = 0.00001192 %)
[Random][SUB]i_32_a=00000000 (0.000000000000000000000000) - i_32_b=00000000 (0.000000000000000000000000) 	| o_32_s=00000000 (0.000000000000000000000000) 	| o_ov_flow=0, o_un_flow=1
=> PASS: expect=0.000000000000000000000000 (00000000), dut=0.000000000000000000000000 (00000000), rounding_error=0.00000000 % (exp_error = 0.00001192 %)
[Random][SUB]i_32_a=00000000 (0.000000000000000000000000) - i_32_b=00000000 (0.000000000000000000000000) 	| o_32_s=00000000 (0.000000000000000000000000) 	| o_ov_flow=0, o_un_flow=1
=> PASS: expect=0.000000000000000000000000 (00000000), dut=0.000000000000000000000000 (00000000), rounding_error=0.00000000 % (exp_error = 0.00001192 %)
==========[ Read data from ROM ]==========
[Random][ADD]i_32_a=00000000 (0.000000000000000000000000) + i_32_b=00000000 (0.000000000000000000000000) 	| o_32_s=00000000 (0.000000000000000000000000) 	| o_ov_flow=1, o_un_flow=1
=> PASS: expect=0.000000000000000000000000 (00000000), dut=0.000000000000000000000000 (00000000), rounding_error=0.00000000 % (exp_error = 0.00001192 %)
[Random][ADD]i_32_a=00000000 (0.000000000000000000000000) + i_32_b=00000000 (0.000000000000000000000000) 	| o_32_s=00000000 (0.000000000000000000000000) 	| o_ov_flow=1, o_un_flow=1
=> PASS: expect=0.000000000000000000000000 (00000000), dut=0.000000000000000000000000 (00000000), rounding_error=0.00000000 % (exp_error = 0.00001192 %)
[Random][SUB]i_32_a=00000000 (0.000000000000000000000000) - i_32_b=00000000 (0.000000000000000000000000) 	| o_32_s=00000000 (0.000000000000000000000000) 	| o_ov_flow=0, o_un_flow=1
=> PASS: expect=0.000000000000000000000000 (00000000), dut=0.000000000000000000000000 (00000000), rounding_error=0.00000000 % (exp_error = 0.00001192 %)
[Random][SUB]i_32_a=00000000 (0.000000000000000000000000) - i_32_b=00000000 (0.000000000000000000000000) 	| o_32_s=00000000 (0.000000000000000000000000) 	| o_ov_flow=0, o_un_flow=1
=> PASS: expect=0.000000000000000000000000 (00000000), dut=0.000000000000000000000000 (00000000), rounding_error=0.00000000 % (exp_error = 0.00001192 %)
==========[ Read data from ROM ]==========
[Random][ADD]i_32_a=00000000 (0.000000000000000000000000) + i_32_b=00000000 (0.000000000000000000000000) 	| o_32_s=00000000 (0.000000000000000000000000) 	| o_ov_flow=1, o_un_flow=1
=> PASS: expect=0.000000000000000000000000 (00000000), dut=0.000000000000000000000000 (00000000), rounding_error=0.00000000 % (exp_error = 0.00001192 %)
[Random][ADD]i_32_a=00000000 (0.000000000000000000000000) + i_32_b=00000000 (0.000000000000000000000000) 	| o_32_s=00000000 (0.000000000000000000000000) 	| o_ov_flow=1, o_un_flow=1
=> PASS: expect=0.000000000000000000000000 (00000000), dut=0.000000000000000000000000 (00000000), rounding_error=0.00000000 % (exp_error = 0.00001192 %)
[Random][SUB]i_32_a=00000000 (0.000000000000000000000000) - i_32_b=00000000 (0.000000000000000000000000) 	| o_32_s=00000000 (0.000000000000000000000000) 	| o_ov_flow=0, o_un_flow=1
=> PASS: expect=0.000000000000000000000000 (00000000), dut=0.000000000000000000000000 (00000000), rounding_error=0.00000000 % (exp_error = 0.00001192 %)
[Random][SUB]i_32_a=00000000 (0.000000000000000000000000) - i_32_b=00000000 (0.000000000000000000000000) 	| o_32_s=00000000 (0.000000000000000000000000) 	| o_ov_flow=0, o_un_flow=1
=> PASS: expect=0.000000000000000000000000 (00000000), dut=0.000000000000000000000000 (00000000), rounding_error=0.00000000 % (exp_error = 0.00001192 %)
==========[ Read data from ROM ]==========
[Random][ADD]i_32_a=00000000 (0.000000000000000000000000) + i_32_b=00000000 (0.000000000000000000000000) 	| o_32_s=00000000 (0.000000000000000000000000) 	| o_ov_flow=1, o_un_flow=1
=> PASS: expect=0.000000000000000000000000 (00000000), dut=0.000000000000000000000000 (00000000), rounding_error=0.00000000 % (exp_error = 0.00001192 %)
[Random][ADD]i_32_a=00000000 (0.000000000000000000000000) + i_32_b=00000000 (0.000000000000000000000000) 	| o_32_s=00000000 (0.000000000000000000000000) 	| o_ov_flow=1, o_un_flow=1
=> PASS: expect=0.000000000000000000000000 (00000000), dut=0.000000000000000000000000 (00000000), rounding_error=0.00000000 % (exp_error = 0.00001192 %)
[Random][SUB]i_32_a=00000000 (0.000000000000000000000000) - i_32_b=00000000 (0.000000000000000000000000) 	| o_32_s=00000000 (0.000000000000000000000000) 	| o_ov_flow=0, o_un_flow=1
=> PASS: expect=0.000000000000000000000000 (00000000), dut=0.000000000000000000000000 (00000000), rounding_error=0.00000000 % (exp_error = 0.00001192 %)
[Random][SUB]i_32_a=00000000 (0.000000000000000000000000) - i_32_b=00000000 (0.000000000000000000000000) 	| o_32_s=00000000 (0.000000000000000000000000) 	| o_ov_flow=0, o_un_flow=1
=> PASS: expect=0.000000000000000000000000 (00000000), dut=0.000000000000000000000000 (00000000), rounding_error=0.00000000 % (exp_error = 0.00001192 %)
==========[ Read data from ROM ]==========
[Random][ADD]i_32_a=00000000 (0.000000000000000000000000) + i_32_b=00000000 (0.000000000000000000000000) 	| o_32_s=00000000 (0.000000000000000000000000) 	| o_ov_flow=1, o_un_flow=1
=> PASS: expect=0.000000000000000000000000 (00000000), dut=0.000000000000000000000000 (00000000), rounding_error=0.00000000 % (exp_error = 0.00001192 %)
[Random][ADD]i_32_a=00000000 (0.000000000000000000000000) + i_32_b=00000000 (0.000000000000000000000000) 	| o_32_s=00000000 (0.000000000000000000000000) 	| o_ov_flow=1, o_un_flow=1
=> PASS: expect=0.000000000000000000000000 (00000000), dut=0.000000000000000000000000 (00000000), rounding_error=0.00000000 % (exp_error = 0.00001192 %)
[Random][SUB]i_32_a=00000000 (0.000000000000000000000000) - i_32_b=00000000 (0.000000000000000000000000) 	| o_32_s=00000000 (0.000000000000000000000000) 	| o_ov_flow=0, o_un_flow=1
=> PASS: expect=0.000000000000000000000000 (00000000), dut=0.000000000000000000000000 (00000000), rounding_error=0.00000000 % (exp_error = 0.00001192 %)
[Random][SUB]i_32_a=00000000 (0.000000000000000000000000) - i_32_b=00000000 (0.000000000000000000000000) 	| o_32_s=00000000 (0.000000000000000000000000) 	| o_ov_flow=0, o_un_flow=1
=> PASS: expect=0.000000000000000000000000 (00000000), dut=0.000000000000000000000000 (00000000), rounding_error=0.00000000 % (exp_error = 0.00001192 %)
==========[ Read data from ROM ]==========
[Random][ADD]i_32_a=00000000 (0.000000000000000000000000) + i_32_b=00000000 (0.000000000000000000000000) 	| o_32_s=00000000 (0.000000000000000000000000) 	| o_ov_flow=1, o_un_flow=1
=> PASS: expect=0.000000000000000000000000 (00000000), dut=0.000000000000000000000000 (00000000), rounding_error=0.00000000 % (exp_error = 0.00001192 %)
[Random][ADD]i_32_a=00000000 (0.000000000000000000000000) + i_32_b=00000000 (0.000000000000000000000000) 	| o_32_s=00000000 (0.000000000000000000000000) 	| o_ov_flow=1, o_un_flow=1
=> PASS: expect=0.000000000000000000000000 (00000000), dut=0.000000000000000000000000 (00000000), rounding_error=0.00000000 % (exp_error = 0.00001192 %)
[Random][SUB]i_32_a=00000000 (0.000000000000000000000000) - i_32_b=00000000 (0.000000000000000000000000) 	| o_32_s=00000000 (0.000000000000000000000000) 	| o_ov_flow=0, o_un_flow=1
=> PASS: expect=0.000000000000000000000000 (00000000), dut=0.000000000000000000000000 (00000000), rounding_error=0.00000000 % (exp_error = 0.00001192 %)
[Random][SUB]i_32_a=00000000 (0.000000000000000000000000) - i_32_b=00000000 (0.000000000000000000000000) 	| o_32_s=00000000 (0.000000000000000000000000) 	| o_ov_flow=0, o_un_flow=1
=> PASS: expect=0.000000000000000000000000 (00000000), dut=0.000000000000000000000000 (00000000), rounding_error=0.00000000 % (exp_error = 0.00001192 %)
==========[ Read data from ROM ]==========
[Random][ADD]i_32_a=00000000 (0.000000000000000000000000) + i_32_b=00000000 (0.000000000000000000000000) 	| o_32_s=00000000 (0.000000000000000000000000) 	| o_ov_flow=1, o_un_flow=1
=> PASS: expect=0.000000000000000000000000 (00000000), dut=0.000000000000000000000000 (00000000), rounding_error=0.00000000 % (exp_error = 0.00001192 %)
[Random][ADD]i_32_a=00000000 (0.000000000000000000000000) + i_32_b=00000000 (0.000000000000000000000000) 	| o_32_s=00000000 (0.000000000000000000000000) 	| o_ov_flow=1, o_un_flow=1
=> PASS: expect=0.000000000000000000000000 (00000000), dut=0.000000000000000000000000 (00000000), rounding_error=0.00000000 % (exp_error = 0.00001192 %)
[Random][SUB]i_32_a=00000000 (0.000000000000000000000000) - i_32_b=00000000 (0.000000000000000000000000) 	| o_32_s=00000000 (0.000000000000000000000000) 	| o_ov_flow=0, o_un_flow=1
=> PASS: expect=0.000000000000000000000000 (00000000), dut=0.000000000000000000000000 (00000000), rounding_error=0.00000000 % (exp_error = 0.00001192 %)
[Random][SUB]i_32_a=00000000 (0.000000000000000000000000) - i_32_b=00000000 (0.000000000000000000000000) 	| o_32_s=00000000 (0.000000000000000000000000) 	| o_ov_flow=0, o_un_flow=1
=> PASS: expect=0.000000000000000000000000 (00000000), dut=0.000000000000000000000000 (00000000), rounding_error=0.00000000 % (exp_error = 0.00001192 %)
==========[ Read data from ROM ]==========
[Random][ADD]i_32_a=00000000 (0.000000000000000000000000) + i_32_b=00000000 (0.000000000000000000000000) 	| o_32_s=00000000 (0.000000000000000000000000) 	| o_ov_flow=1, o_un_flow=1
=> PASS: expect=0.000000000000000000000000 (00000000), dut=0.000000000000000000000000 (00000000), rounding_error=0.00000000 % (exp_error = 0.00001192 %)
[Random][ADD]i_32_a=00000000 (0.000000000000000000000000) + i_32_b=00000000 (0.000000000000000000000000) 	| o_32_s=00000000 (0.000000000000000000000000) 	| o_ov_flow=1, o_un_flow=1
=> PASS: expect=0.000000000000000000000000 (00000000), dut=0.000000000000000000000000 (00000000), rounding_error=0.00000000 % (exp_error = 0.00001192 %)
[Random][SUB]i_32_a=00000000 (0.000000000000000000000000) - i_32_b=00000000 (0.000000000000000000000000) 	| o_32_s=00000000 (0.000000000000000000000000) 	| o_ov_flow=0, o_un_flow=1
=> PASS: expect=0.000000000000000000000000 (00000000), dut=0.000000000000000000000000 (00000000), rounding_error=0.00000000 % (exp_error = 0.00001192 %)
[Random][SUB]i_32_a=00000000 (0.000000000000000000000000) - i_32_b=00000000 (0.000000000000000000000000) 	| o_32_s=00000000 (0.000000000000000000000000) 	| o_ov_flow=0, o_un_flow=1
=> PASS: expect=0.000000000000000000000000 (00000000), dut=0.000000000000000000000000 (00000000), rounding_error=0.00000000 % (exp_error = 0.00001192 %)
==========[ Read data from ROM ]==========
[Random][ADD]i_32_a=00000000 (0.000000000000000000000000) + i_32_b=00000000 (0.000000000000000000000000) 	| o_32_s=00000000 (0.000000000000000000000000) 	| o_ov_flow=1, o_un_flow=1
=> PASS: expect=0.000000000000000000000000 (00000000), dut=0.000000000000000000000000 (00000000), rounding_error=0.00000000 % (exp_error = 0.00001192 %)
[Random][ADD]i_32_a=00000000 (0.000000000000000000000000) + i_32_b=00000000 (0.000000000000000000000000) 	| o_32_s=00000000 (0.000000000000000000000000) 	| o_ov_flow=1, o_un_flow=1
=> PASS: expect=0.000000000000000000000000 (00000000), dut=0.000000000000000000000000 (00000000), rounding_error=0.00000000 % (exp_error = 0.00001192 %)
[Random][SUB]i_32_a=00000000 (0.000000000000000000000000) - i_32_b=00000000 (0.000000000000000000000000) 	| o_32_s=00000000 (0.000000000000000000000000) 	| o_ov_flow=0, o_un_flow=1
=> PASS: expect=0.000000000000000000000000 (00000000), dut=0.000000000000000000000000 (00000000), rounding_error=0.00000000 % (exp_error = 0.00001192 %)
[Random][SUB]i_32_a=00000000 (0.000000000000000000000000) - i_32_b=00000000 (0.000000000000000000000000) 	| o_32_s=00000000 (0.000000000000000000000000) 	| o_ov_flow=0, o_un_flow=1
=> PASS: expect=0.000000000000000000000000 (00000000), dut=0.000000000000000000000000 (00000000), rounding_error=0.00000000 % (exp_error = 0.00001192 %)
==========[ Read data from ROM ]==========
[Random][ADD]i_32_a=00000000 (0.000000000000000000000000) + i_32_b=00000000 (0.000000000000000000000000) 	| o_32_s=00000000 (0.000000000000000000000000) 	| o_ov_flow=1, o_un_flow=1
=> PASS: expect=0.000000000000000000000000 (00000000), dut=0.000000000000000000000000 (00000000), rounding_error=0.00000000 % (exp_error = 0.00001192 %)
[Random][ADD]i_32_a=00000000 (0.000000000000000000000000) + i_32_b=00000000 (0.000000000000000000000000) 	| o_32_s=00000000 (0.000000000000000000000000) 	| o_ov_flow=1, o_un_flow=1
=> PASS: expect=0.000000000000000000000000 (00000000), dut=0.000000000000000000000000 (00000000), rounding_error=0.00000000 % (exp_error = 0.00001192 %)
[Random][SUB]i_32_a=00000000 (0.000000000000000000000000) - i_32_b=00000000 (0.000000000000000000000000) 	| o_32_s=00000000 (0.000000000000000000000000) 	| o_ov_flow=0, o_un_flow=1
=> PASS: expect=0.000000000000000000000000 (00000000), dut=0.000000000000000000000000 (00000000), rounding_error=0.00000000 % (exp_error = 0.00001192 %)
[Random][SUB]i_32_a=00000000 (0.000000000000000000000000) - i_32_b=00000000 (0.000000000000000000000000) 	| o_32_s=00000000 (0.000000000000000000000000) 	| o_ov_flow=0, o_un_flow=1
=> PASS: expect=0.000000000000000000000000 (00000000), dut=0.000000000000000000000000 (00000000), rounding_error=0.00000000 % (exp_error = 0.00001192 %)
==========[ Read data from ROM ]==========
[Random][ADD]i_32_a=00000000 (0.000000000000000000000000) + i_32_b=00000000 (0.000000000000000000000000) 	| o_32_s=00000000 (0.000000000000000000000000) 	| o_ov_flow=1, o_un_flow=1
=> PASS: expect=0.000000000000000000000000 (00000000), dut=0.000000000000000000000000 (00000000), rounding_error=0.00000000 % (exp_error = 0.00001192 %)
[Random][ADD]i_32_a=00000000 (0.000000000000000000000000) + i_32_b=00000000 (0.000000000000000000000000) 	| o_32_s=00000000 (0.000000000000000000000000) 	| o_ov_flow=1, o_un_flow=1
=> PASS: expect=0.000000000000000000000000 (00000000), dut=0.000000000000000000000000 (00000000), rounding_error=0.00000000 % (exp_error = 0.00001192 %)
[Random][SUB]i_32_a=00000000 (0.000000000000000000000000) - i_32_b=00000000 (0.000000000000000000000000) 	| o_32_s=00000000 (0.000000000000000000000000) 	| o_ov_flow=0, o_un_flow=1
=> PASS: expect=0.000000000000000000000000 (00000000), dut=0.000000000000000000000000 (00000000), rounding_error=0.00000000 % (exp_error = 0.00001192 %)
[Random][SUB]i_32_a=00000000 (0.000000000000000000000000) - i_32_b=00000000 (0.000000000000000000000000) 	| o_32_s=00000000 (0.000000000000000000000000) 	| o_ov_flow=0, o_un_flow=1
=> PASS: expect=0.000000000000000000000000 (00000000), dut=0.000000000000000000000000 (00000000), rounding_error=0.00000000 % (exp_error = 0.00001192 %)
==========[ Read data from ROM ]==========
[Random][ADD]i_32_a=00000000 (0.000000000000000000000000) + i_32_b=00000000 (0.000000000000000000000000) 	| o_32_s=00000000 (0.000000000000000000000000) 	| o_ov_flow=1, o_un_flow=1
=> PASS: expect=0.000000000000000000000000 (00000000), dut=0.000000000000000000000000 (00000000), rounding_error=0.00000000 % (exp_error = 0.00001192 %)
[Random][ADD]i_32_a=00000000 (0.000000000000000000000000) + i_32_b=00000000 (0.000000000000000000000000) 	| o_32_s=00000000 (0.000000000000000000000000) 	| o_ov_flow=1, o_un_flow=1
=> PASS: expect=0.000000000000000000000000 (00000000), dut=0.000000000000000000000000 (00000000), rounding_error=0.00000000 % (exp_error = 0.00001192 %)
[Random][SUB]i_32_a=00000000 (0.000000000000000000000000) - i_32_b=00000000 (0.000000000000000000000000) 	| o_32_s=00000000 (0.000000000000000000000000) 	| o_ov_flow=0, o_un_flow=1
=> PASS: expect=0.000000000000000000000000 (00000000), dut=0.000000000000000000000000 (00000000), rounding_error=0.00000000 % (exp_error = 0.00001192 %)
[Random][SUB]i_32_a=00000000 (0.000000000000000000000000) - i_32_b=00000000 (0.000000000000000000000000) 	| o_32_s=00000000 (0.000000000000000000000000) 	| o_ov_flow=0, o_un_flow=1
=> PASS: expect=0.000000000000000000000000 (00000000), dut=0.000000000000000000000000 (00000000), rounding_error=0.00000000 % (exp_error = 0.00001192 %)
==========[ Read data from ROM ]==========
[Random][ADD]i_32_a=00000000 (0.000000000000000000000000) + i_32_b=00000000 (0.000000000000000000000000) 	| o_32_s=00000000 (0.000000000000000000000000) 	| o_ov_flow=1, o_un_flow=1
=> PASS: expect=0.000000000000000000000000 (00000000), dut=0.000000000000000000000000 (00000000), rounding_error=0.00000000 % (exp_error = 0.00001192 %)
[Random][ADD]i_32_a=00000000 (0.000000000000000000000000) + i_32_b=00000000 (0.000000000000000000000000) 	| o_32_s=00000000 (0.000000000000000000000000) 	| o_ov_flow=1, o_un_flow=1
=> PASS: expect=0.000000000000000000000000 (00000000), dut=0.000000000000000000000000 (00000000), rounding_error=0.00000000 % (exp_error = 0.00001192 %)
[Random][SUB]i_32_a=00000000 (0.000000000000000000000000) - i_32_b=00000000 (0.000000000000000000000000) 	| o_32_s=00000000 (0.000000000000000000000000) 	| o_ov_flow=0, o_un_flow=1
=> PASS: expect=0.000000000000000000000000 (00000000), dut=0.000000000000000000000000 (00000000), rounding_error=0.00000000 % (exp_error = 0.00001192 %)
[Random][SUB]i_32_a=00000000 (0.000000000000000000000000) - i_32_b=00000000 (0.000000000000000000000000) 	| o_32_s=00000000 (0.000000000000000000000000) 	| o_ov_flow=0, o_un_flow=1
=> PASS: expect=0.000000000000000000000000 (00000000), dut=0.000000000000000000000000 (00000000), rounding_error=0.00000000 % (exp_error = 0.00001192 %)
==========[ Read data from ROM ]==========
[Random][ADD]i_32_a=00000000 (0.000000000000000000000000) + i_32_b=00000000 (0.000000000000000000000000) 	| o_32_s=00000000 (0.000000000000000000000000) 	| o_ov_flow=1, o_un_flow=1
=> PASS: expect=0.000000000000000000000000 (00000000), dut=0.000000000000000000000000 (00000000), rounding_error=0.00000000 % (exp_error = 0.00001192 %)
[Random][ADD]i_32_a=00000000 (0.000000000000000000000000) + i_32_b=00000000 (0.000000000000000000000000) 	| o_32_s=00000000 (0.000000000000000000000000) 	| o_ov_flow=1, o_un_flow=1
=> PASS: expect=0.000000000000000000000000 (00000000), dut=0.000000000000000000000000 (00000000), rounding_error=0.00000000 % (exp_error = 0.00001192 %)
[Random][SUB]i_32_a=00000000 (0.000000000000000000000000) - i_32_b=00000000 (0.000000000000000000000000) 	| o_32_s=00000000 (0.000000000000000000000000) 	| o_ov_flow=0, o_un_flow=1
=> PASS: expect=0.000000000000000000000000 (00000000), dut=0.000000000000000000000000 (00000000), rounding_error=0.00000000 % (exp_error = 0.00001192 %)
[Random][SUB]i_32_a=00000000 (0.000000000000000000000000) - i_32_b=00000000 (0.000000000000000000000000) 	| o_32_s=00000000 (0.000000000000000000000000) 	| o_ov_flow=0, o_un_flow=1
=> PASS: expect=0.000000000000000000000000 (00000000), dut=0.000000000000000000000000 (00000000), rounding_error=0.00000000 % (exp_error = 0.00001192 %)
==========[ Read data from ROM ]==========
[Random][ADD]i_32_a=00000000 (0.000000000000000000000000) + i_32_b=00000000 (0.000000000000000000000000) 	| o_32_s=00000000 (0.000000000000000000000000) 	| o_ov_flow=1, o_un_flow=1
=> PASS: expect=0.000000000000000000000000 (00000000), dut=0.000000000000000000000000 (00000000), rounding_error=0.00000000 % (exp_error = 0.00001192 %)
[Random][ADD]i_32_a=00000000 (0.000000000000000000000000) + i_32_b=00000000 (0.000000000000000000000000) 	| o_32_s=00000000 (0.000000000000000000000000) 	| o_ov_flow=1, o_un_flow=1
=> PASS: expect=0.000000000000000000000000 (00000000), dut=0.000000000000000000000000 (00000000), rounding_error=0.00000000 % (exp_error = 0.00001192 %)
[Random][SUB]i_32_a=00000000 (0.000000000000000000000000) - i_32_b=00000000 (0.000000000000000000000000) 	| o_32_s=00000000 (0.000000000000000000000000) 	| o_ov_flow=0, o_un_flow=1
=> PASS: expect=0.000000000000000000000000 (00000000), dut=0.000000000000000000000000 (00000000), rounding_error=0.00000000 % (exp_error = 0.00001192 %)
[Random][SUB]i_32_a=00000000 (0.000000000000000000000000) - i_32_b=00000000 (0.000000000000000000000000) 	| o_32_s=00000000 (0.000000000000000000000000) 	| o_ov_flow=0, o_un_flow=1
=> PASS: expect=0.000000000000000000000000 (00000000), dut=0.000000000000000000000000 (00000000), rounding_error=0.00000000 % (exp_error = 0.00001192 %)
==========[ Read data from ROM ]==========
[Random][ADD]i_32_a=00000000 (0.000000000000000000000000) + i_32_b=00000000 (0.000000000000000000000000) 	| o_32_s=00000000 (0.000000000000000000000000) 	| o_ov_flow=1, o_un_flow=1
=> PASS: expect=0.000000000000000000000000 (00000000), dut=0.000000000000000000000000 (00000000), rounding_error=0.00000000 % (exp_error = 0.00001192 %)
[Random][ADD]i_32_a=00000000 (0.000000000000000000000000) + i_32_b=00000000 (0.000000000000000000000000) 	| o_32_s=00000000 (0.000000000000000000000000) 	| o_ov_flow=1, o_un_flow=1
=> PASS: expect=0.000000000000000000000000 (00000000), dut=0.000000000000000000000000 (00000000), rounding_error=0.00000000 % (exp_error = 0.00001192 %)
[Random][SUB]i_32_a=00000000 (0.000000000000000000000000) - i_32_b=00000000 (0.000000000000000000000000) 	| o_32_s=00000000 (0.000000000000000000000000) 	| o_ov_flow=0, o_un_flow=1
=> PASS: expect=0.000000000000000000000000 (00000000), dut=0.000000000000000000000000 (00000000), rounding_error=0.00000000 % (exp_error = 0.00001192 %)
[Random][SUB]i_32_a=00000000 (0.000000000000000000000000) - i_32_b=00000000 (0.000000000000000000000000) 	| o_32_s=00000000 (0.000000000000000000000000) 	| o_ov_flow=0, o_un_flow=1
=> PASS: expect=0.000000000000000000000000 (00000000), dut=0.000000000000000000000000 (00000000), rounding_error=0.00000000 % (exp_error = 0.00001192 %)
==========[ Read data from ROM ]==========
[Random][ADD]i_32_a=00000000 (0.000000000000000000000000) + i_32_b=00000000 (0.000000000000000000000000) 	| o_32_s=00000000 (0.000000000000000000000000) 	| o_ov_flow=1, o_un_flow=1
=> PASS: expect=0.000000000000000000000000 (00000000), dut=0.000000000000000000000000 (00000000), rounding_error=0.00000000 % (exp_error = 0.00001192 %)
[Random][ADD]i_32_a=00000000 (0.000000000000000000000000) + i_32_b=00000000 (0.000000000000000000000000) 	| o_32_s=00000000 (0.000000000000000000000000) 	| o_ov_flow=1, o_un_flow=1
=> PASS: expect=0.000000000000000000000000 (00000000), dut=0.000000000000000000000000 (00000000), rounding_error=0.00000000 % (exp_error = 0.00001192 %)
[Random][SUB]i_32_a=00000000 (0.000000000000000000000000) - i_32_b=00000000 (0.000000000000000000000000) 	| o_32_s=00000000 (0.000000000000000000000000) 	| o_ov_flow=0, o_un_flow=1
=> PASS: expect=0.000000000000000000000000 (00000000), dut=0.000000000000000000000000 (00000000), rounding_error=0.00000000 % (exp_error = 0.00001192 %)
[Random][SUB]i_32_a=00000000 (0.000000000000000000000000) - i_32_b=00000000 (0.000000000000000000000000) 	| o_32_s=00000000 (0.000000000000000000000000) 	| o_ov_flow=0, o_un_flow=1
=> PASS: expect=0.000000000000000000000000 (00000000), dut=0.000000000000000000000000 (00000000), rounding_error=0.00000000 % (exp_error = 0.00001192 %)
==========[ Read data from ROM ]==========
[Random][ADD]i_32_a=00000000 (0.000000000000000000000000) + i_32_b=00000000 (0.000000000000000000000000) 	| o_32_s=00000000 (0.000000000000000000000000) 	| o_ov_flow=1, o_un_flow=1
=> PASS: expect=0.000000000000000000000000 (00000000), dut=0.000000000000000000000000 (00000000), rounding_error=0.00000000 % (exp_error = 0.00001192 %)
[Random][ADD]i_32_a=00000000 (0.000000000000000000000000) + i_32_b=00000000 (0.000000000000000000000000) 	| o_32_s=00000000 (0.000000000000000000000000) 	| o_ov_flow=1, o_un_flow=1
=> PASS: expect=0.000000000000000000000000 (00000000), dut=0.000000000000000000000000 (00000000), rounding_error=0.00000000 % (exp_error = 0.00001192 %)
[Random][SUB]i_32_a=00000000 (0.000000000000000000000000) - i_32_b=00000000 (0.000000000000000000000000) 	| o_32_s=00000000 (0.000000000000000000000000) 	| o_ov_flow=0, o_un_flow=1
=> PASS: expect=0.000000000000000000000000 (00000000), dut=0.000000000000000000000000 (00000000), rounding_error=0.00000000 % (exp_error = 0.00001192 %)
[Random][SUB]i_32_a=00000000 (0.000000000000000000000000) - i_32_b=00000000 (0.000000000000000000000000) 	| o_32_s=00000000 (0.000000000000000000000000) 	| o_ov_flow=0, o_un_flow=1
=> PASS: expect=0.000000000000000000000000 (00000000), dut=0.000000000000000000000000 (00000000), rounding_error=0.00000000 % (exp_error = 0.00001192 %)
==========[ Read data from ROM ]==========
[Random][ADD]i_32_a=00000000 (0.000000000000000000000000) + i_32_b=00000000 (0.000000000000000000000000) 	| o_32_s=00000000 (0.000000000000000000000000) 	| o_ov_flow=1, o_un_flow=1
=> PASS: expect=0.000000000000000000000000 (00000000), dut=0.000000000000000000000000 (00000000), rounding_error=0.00000000 % (exp_error = 0.00001192 %)
[Random][ADD]i_32_a=00000000 (0.000000000000000000000000) + i_32_b=00000000 (0.000000000000000000000000) 	| o_32_s=00000000 (0.000000000000000000000000) 	| o_ov_flow=1, o_un_flow=1
=> PASS: expect=0.000000000000000000000000 (00000000), dut=0.000000000000000000000000 (00000000), rounding_error=0.00000000 % (exp_error = 0.00001192 %)
[Random][SUB]i_32_a=00000000 (0.000000000000000000000000) - i_32_b=00000000 (0.000000000000000000000000) 	| o_32_s=00000000 (0.000000000000000000000000) 	| o_ov_flow=0, o_un_flow=1
=> PASS: expect=0.000000000000000000000000 (00000000), dut=0.000000000000000000000000 (00000000), rounding_error=0.00000000 % (exp_error = 0.00001192 %)
[Random][SUB]i_32_a=00000000 (0.000000000000000000000000) - i_32_b=00000000 (0.000000000000000000000000) 	| o_32_s=00000000 (0.000000000000000000000000) 	| o_ov_flow=0, o_un_flow=1
=> PASS: expect=0.000000000000000000000000 (00000000), dut=0.000000000000000000000000 (00000000), rounding_error=0.00000000 % (exp_error = 0.00001192 %)
==========[ Read data from ROM ]==========
[Random][ADD]i_32_a=00000000 (0.000000000000000000000000) + i_32_b=00000000 (0.000000000000000000000000) 	| o_32_s=00000000 (0.000000000000000000000000) 	| o_ov_flow=1, o_un_flow=1
=> PASS: expect=0.000000000000000000000000 (00000000), dut=0.000000000000000000000000 (00000000), rounding_error=0.00000000 % (exp_error = 0.00001192 %)
[Random][ADD]i_32_a=00000000 (0.000000000000000000000000) + i_32_b=00000000 (0.000000000000000000000000) 	| o_32_s=00000000 (0.000000000000000000000000) 	| o_ov_flow=1, o_un_flow=1
=> PASS: expect=0.000000000000000000000000 (00000000), dut=0.000000000000000000000000 (00000000), rounding_error=0.00000000 % (exp_error = 0.00001192 %)
[Random][SUB]i_32_a=00000000 (0.000000000000000000000000) - i_32_b=00000000 (0.000000000000000000000000) 	| o_32_s=00000000 (0.000000000000000000000000) 	| o_ov_flow=0, o_un_flow=1
=> PASS: expect=0.000000000000000000000000 (00000000), dut=0.000000000000000000000000 (00000000), rounding_error=0.00000000 % (exp_error = 0.00001192 %)
[Random][SUB]i_32_a=00000000 (0.000000000000000000000000) - i_32_b=00000000 (0.000000000000000000000000) 	| o_32_s=00000000 (0.000000000000000000000000) 	| o_ov_flow=0, o_un_flow=1
=> PASS: expect=0.000000000000000000000000 (00000000), dut=0.000000000000000000000000 (00000000), rounding_error=0.00000000 % (exp_error = 0.00001192 %)
==========[ Read data from ROM ]==========
[Random][ADD]i_32_a=00000000 (0.000000000000000000000000) + i_32_b=00000000 (0.000000000000000000000000) 	| o_32_s=00000000 (0.000000000000000000000000) 	| o_ov_flow=1, o_un_flow=1
=> PASS: expect=0.000000000000000000000000 (00000000), dut=0.000000000000000000000000 (00000000), rounding_error=0.00000000 % (exp_error = 0.00001192 %)
[Random][ADD]i_32_a=00000000 (0.000000000000000000000000) + i_32_b=00000000 (0.000000000000000000000000) 	| o_32_s=00000000 (0.000000000000000000000000) 	| o_ov_flow=1, o_un_flow=1
=> PASS: expect=0.000000000000000000000000 (00000000), dut=0.000000000000000000000000 (00000000), rounding_error=0.00000000 % (exp_error = 0.00001192 %)
[Random][SUB]i_32_a=00000000 (0.000000000000000000000000) - i_32_b=00000000 (0.000000000000000000000000) 	| o_32_s=00000000 (0.000000000000000000000000) 	| o_ov_flow=0, o_un_flow=1
=> PASS: expect=0.000000000000000000000000 (00000000), dut=0.000000000000000000000000 (00000000), rounding_error=0.00000000 % (exp_error = 0.00001192 %)
[Random][SUB]i_32_a=00000000 (0.000000000000000000000000) - i_32_b=00000000 (0.000000000000000000000000) 	| o_32_s=00000000 (0.000000000000000000000000) 	| o_ov_flow=0, o_un_flow=1
=> PASS: expect=0.000000000000000000000000 (00000000), dut=0.000000000000000000000000 (00000000), rounding_error=0.00000000 % (exp_error = 0.00001192 %)
==========[ Read data from ROM ]==========
[Random][ADD]i_32_a=00000000 (0.000000000000000000000000) + i_32_b=00000000 (0.000000000000000000000000) 	| o_32_s=00000000 (0.000000000000000000000000) 	| o_ov_flow=1, o_un_flow=1
=> PASS: expect=0.000000000000000000000000 (00000000), dut=0.000000000000000000000000 (00000000), rounding_error=0.00000000 % (exp_error = 0.00001192 %)
[Random][ADD]i_32_a=00000000 (0.000000000000000000000000) + i_32_b=00000000 (0.000000000000000000000000) 	| o_32_s=00000000 (0.000000000000000000000000) 	| o_ov_flow=1, o_un_flow=1
=> PASS: expect=0.000000000000000000000000 (00000000), dut=0.000000000000000000000000 (00000000), rounding_error=0.00000000 % (exp_error = 0.00001192 %)
[Random][SUB]i_32_a=00000000 (0.000000000000000000000000) - i_32_b=00000000 (0.000000000000000000000000) 	| o_32_s=00000000 (0.000000000000000000000000) 	| o_ov_flow=0, o_un_flow=1
=> PASS: expect=0.000000000000000000000000 (00000000), dut=0.000000000000000000000000 (00000000), rounding_error=0.00000000 % (exp_error = 0.00001192 %)
[Random][SUB]i_32_a=00000000 (0.000000000000000000000000) - i_32_b=00000000 (0.000000000000000000000000) 	| o_32_s=00000000 (0.000000000000000000000000) 	| o_ov_flow=0, o_un_flow=1
=> PASS: expect=0.000000000000000000000000 (00000000), dut=0.000000000000000000000000 (00000000), rounding_error=0.00000000 % (exp_error = 0.00001192 %)
==========[ Read data from ROM ]==========
[Random][ADD]i_32_a=00000000 (0.000000000000000000000000) + i_32_b=00000000 (0.000000000000000000000000) 	| o_32_s=00000000 (0.000000000000000000000000) 	| o_ov_flow=1, o_un_flow=1
=> PASS: expect=0.000000000000000000000000 (00000000), dut=0.000000000000000000000000 (00000000), rounding_error=0.00000000 % (exp_error = 0.00001192 %)
[Random][ADD]i_32_a=00000000 (0.000000000000000000000000) + i_32_b=00000000 (0.000000000000000000000000) 	| o_32_s=00000000 (0.000000000000000000000000) 	| o_ov_flow=1, o_un_flow=1
=> PASS: expect=0.000000000000000000000000 (00000000), dut=0.000000000000000000000000 (00000000), rounding_error=0.00000000 % (exp_error = 0.00001192 %)
[Random][SUB]i_32_a=00000000 (0.000000000000000000000000) - i_32_b=00000000 (0.000000000000000000000000) 	| o_32_s=00000000 (0.000000000000000000000000) 	| o_ov_flow=0, o_un_flow=1
=> PASS: expect=0.000000000000000000000000 (00000000), dut=0.000000000000000000000000 (00000000), rounding_error=0.00000000 % (exp_error = 0.00001192 %)
[Random][SUB]i_32_a=00000000 (0.000000000000000000000000) - i_32_b=00000000 (0.000000000000000000000000) 	| o_32_s=00000000 (0.000000000000000000000000) 	| o_ov_flow=0, o_un_flow=1
=> PASS: expect=0.000000000000000000000000 (00000000), dut=0.000000000000000000000000 (00000000), rounding_error=0.00000000 % (exp_error = 0.00001192 %)
==========[ Read data from ROM ]==========
[Random][ADD]i_32_a=00000000 (0.000000000000000000000000) + i_32_b=00000000 (0.000000000000000000000000) 	| o_32_s=00000000 (0.000000000000000000000000) 	| o_ov_flow=1, o_un_flow=1
=> PASS: expect=0.000000000000000000000000 (00000000), dut=0.000000000000000000000000 (00000000), rounding_error=0.00000000 % (exp_error = 0.00001192 %)
[Random][ADD]i_32_a=00000000 (0.000000000000000000000000) + i_32_b=00000000 (0.000000000000000000000000) 	| o_32_s=00000000 (0.000000000000000000000000) 	| o_ov_flow=1, o_un_flow=1
=> PASS: expect=0.000000000000000000000000 (00000000), dut=0.000000000000000000000000 (00000000), rounding_error=0.00000000 % (exp_error = 0.00001192 %)
[Random][SUB]i_32_a=00000000 (0.000000000000000000000000) - i_32_b=00000000 (0.000000000000000000000000) 	| o_32_s=00000000 (0.000000000000000000000000) 	| o_ov_flow=0, o_un_flow=1
=> PASS: expect=0.000000000000000000000000 (00000000), dut=0.000000000000000000000000 (00000000), rounding_error=0.00000000 % (exp_error = 0.00001192 %)
[Random][SUB]i_32_a=00000000 (0.000000000000000000000000) - i_32_b=00000000 (0.000000000000000000000000) 	| o_32_s=00000000 (0.000000000000000000000000) 	| o_ov_flow=0, o_un_flow=1
=> PASS: expect=0.000000000000000000000000 (00000000), dut=0.000000000000000000000000 (00000000), rounding_error=0.00000000 % (exp_error = 0.00001192 %)
==========[ Read data from ROM ]==========
[Random][ADD]i_32_a=00000000 (0.000000000000000000000000) + i_32_b=00000000 (0.000000000000000000000000) 	| o_32_s=00000000 (0.000000000000000000000000) 	| o_ov_flow=1, o_un_flow=1
=> PASS: expect=0.000000000000000000000000 (00000000), dut=0.000000000000000000000000 (00000000), rounding_error=0.00000000 % (exp_error = 0.00001192 %)
[Random][ADD]i_32_a=00000000 (0.000000000000000000000000) + i_32_b=00000000 (0.000000000000000000000000) 	| o_32_s=00000000 (0.000000000000000000000000) 	| o_ov_flow=1, o_un_flow=1
=> PASS: expect=0.000000000000000000000000 (00000000), dut=0.000000000000000000000000 (00000000), rounding_error=0.00000000 % (exp_error = 0.00001192 %)
[Random][SUB]i_32_a=00000000 (0.000000000000000000000000) - i_32_b=00000000 (0.000000000000000000000000) 	| o_32_s=00000000 (0.000000000000000000000000) 	| o_ov_flow=0, o_un_flow=1
=> PASS: expect=0.000000000000000000000000 (00000000), dut=0.000000000000000000000000 (00000000), rounding_error=0.00000000 % (exp_error = 0.00001192 %)
[Random][SUB]i_32_a=00000000 (0.000000000000000000000000) - i_32_b=00000000 (0.000000000000000000000000) 	| o_32_s=00000000 (0.000000000000000000000000) 	| o_ov_flow=0, o_un_flow=1
=> PASS: expect=0.000000000000000000000000 (00000000), dut=0.000000000000000000000000 (00000000), rounding_error=0.00000000 % (exp_error = 0.00001192 %)
==========[ Read data from ROM ]==========
[Random][ADD]i_32_a=00000000 (0.000000000000000000000000) + i_32_b=00000000 (0.000000000000000000000000) 	| o_32_s=00000000 (0.000000000000000000000000) 	| o_ov_flow=1, o_un_flow=1
=> PASS: expect=0.000000000000000000000000 (00000000), dut=0.000000000000000000000000 (00000000), rounding_error=0.00000000 % (exp_error = 0.00001192 %)
[Random][ADD]i_32_a=00000000 (0.000000000000000000000000) + i_32_b=00000000 (0.000000000000000000000000) 	| o_32_s=00000000 (0.000000000000000000000000) 	| o_ov_flow=1, o_un_flow=1
=> PASS: expect=0.000000000000000000000000 (00000000), dut=0.000000000000000000000000 (00000000), rounding_error=0.00000000 % (exp_error = 0.00001192 %)
[Random][SUB]i_32_a=00000000 (0.000000000000000000000000) - i_32_b=00000000 (0.000000000000000000000000) 	| o_32_s=00000000 (0.000000000000000000000000) 	| o_ov_flow=0, o_un_flow=1
=> PASS: expect=0.000000000000000000000000 (00000000), dut=0.000000000000000000000000 (00000000), rounding_error=0.00000000 % (exp_error = 0.00001192 %)
[Random][SUB]i_32_a=00000000 (0.000000000000000000000000) - i_32_b=00000000 (0.000000000000000000000000) 	| o_32_s=00000000 (0.000000000000000000000000) 	| o_ov_flow=0, o_un_flow=1
=> PASS: expect=0.000000000000000000000000 (00000000), dut=0.000000000000000000000000 (00000000), rounding_error=0.00000000 % (exp_error = 0.00001192 %)
==========[ Read data from ROM ]==========
[Random][ADD]i_32_a=00000000 (0.000000000000000000000000) + i_32_b=00000000 (0.000000000000000000000000) 	| o_32_s=00000000 (0.000000000000000000000000) 	| o_ov_flow=1, o_un_flow=1
=> PASS: expect=0.000000000000000000000000 (00000000), dut=0.000000000000000000000000 (00000000), rounding_error=0.00000000 % (exp_error = 0.00001192 %)
[Random][ADD]i_32_a=00000000 (0.000000000000000000000000) + i_32_b=00000000 (0.000000000000000000000000) 	| o_32_s=00000000 (0.000000000000000000000000) 	| o_ov_flow=1, o_un_flow=1
=> PASS: expect=0.000000000000000000000000 (00000000), dut=0.000000000000000000000000 (00000000), rounding_error=0.00000000 % (exp_error = 0.00001192 %)
[Random][SUB]i_32_a=00000000 (0.000000000000000000000000) - i_32_b=00000000 (0.000000000000000000000000) 	| o_32_s=00000000 (0.000000000000000000000000) 	| o_ov_flow=0, o_un_flow=1
=> PASS: expect=0.000000000000000000000000 (00000000), dut=0.000000000000000000000000 (00000000), rounding_error=0.00000000 % (exp_error = 0.00001192 %)
[Random][SUB]i_32_a=00000000 (0.000000000000000000000000) - i_32_b=00000000 (0.000000000000000000000000) 	| o_32_s=00000000 (0.000000000000000000000000) 	| o_ov_flow=0, o_un_flow=1
=> PASS: expect=0.000000000000000000000000 (00000000), dut=0.000000000000000000000000 (00000000), rounding_error=0.00000000 % (exp_error = 0.00001192 %)
==========[ Read data from ROM ]==========
[Random][ADD]i_32_a=00000000 (0.000000000000000000000000) + i_32_b=00000000 (0.000000000000000000000000) 	| o_32_s=00000000 (0.000000000000000000000000) 	| o_ov_flow=1, o_un_flow=1
=> PASS: expect=0.000000000000000000000000 (00000000), dut=0.000000000000000000000000 (00000000), rounding_error=0.00000000 % (exp_error = 0.00001192 %)
[Random][ADD]i_32_a=00000000 (0.000000000000000000000000) + i_32_b=00000000 (0.000000000000000000000000) 	| o_32_s=00000000 (0.000000000000000000000000) 	| o_ov_flow=1, o_un_flow=1
=> PASS: expect=0.000000000000000000000000 (00000000), dut=0.000000000000000000000000 (00000000), rounding_error=0.00000000 % (exp_error = 0.00001192 %)
[Random][SUB]i_32_a=00000000 (0.000000000000000000000000) - i_32_b=00000000 (0.000000000000000000000000) 	| o_32_s=00000000 (0.000000000000000000000000) 	| o_ov_flow=0, o_un_flow=1
=> PASS: expect=0.000000000000000000000000 (00000000), dut=0.000000000000000000000000 (00000000), rounding_error=0.00000000 % (exp_error = 0.00001192 %)
[Random][SUB]i_32_a=00000000 (0.000000000000000000000000) - i_32_b=00000000 (0.000000000000000000000000) 	| o_32_s=00000000 (0.000000000000000000000000) 	| o_ov_flow=0, o_un_flow=1
=> PASS: expect=0.000000000000000000000000 (00000000), dut=0.000000000000000000000000 (00000000), rounding_error=0.00000000 % (exp_error = 0.00001192 %)
==========[ Read data from ROM ]==========
[Random][ADD]i_32_a=00000000 (0.000000000000000000000000) + i_32_b=00000000 (0.000000000000000000000000) 	| o_32_s=00000000 (0.000000000000000000000000) 	| o_ov_flow=1, o_un_flow=1
=> PASS: expect=0.000000000000000000000000 (00000000), dut=0.000000000000000000000000 (00000000), rounding_error=0.00000000 % (exp_error = 0.00001192 %)
[Random][ADD]i_32_a=00000000 (0.000000000000000000000000) + i_32_b=00000000 (0.000000000000000000000000) 	| o_32_s=00000000 (0.000000000000000000000000) 	| o_ov_flow=1, o_un_flow=1
=> PASS: expect=0.000000000000000000000000 (00000000), dut=0.000000000000000000000000 (00000000), rounding_error=0.00000000 % (exp_error = 0.00001192 %)
[Random][SUB]i_32_a=00000000 (0.000000000000000000000000) - i_32_b=00000000 (0.000000000000000000000000) 	| o_32_s=00000000 (0.000000000000000000000000) 	| o_ov_flow=0, o_un_flow=1
=> PASS: expect=0.000000000000000000000000 (00000000), dut=0.000000000000000000000000 (00000000), rounding_error=0.00000000 % (exp_error = 0.00001192 %)
[Random][SUB]i_32_a=00000000 (0.000000000000000000000000) - i_32_b=00000000 (0.000000000000000000000000) 	| o_32_s=00000000 (0.000000000000000000000000) 	| o_ov_flow=0, o_un_flow=1
=> PASS: expect=0.000000000000000000000000 (00000000), dut=0.000000000000000000000000 (00000000), rounding_error=0.00000000 % (exp_error = 0.00001192 %)
==========[ Read data from ROM ]==========
[Random][ADD]i_32_a=00000000 (0.000000000000000000000000) + i_32_b=00000000 (0.000000000000000000000000) 	| o_32_s=00000000 (0.000000000000000000000000) 	| o_ov_flow=1, o_un_flow=1
=> PASS: expect=0.000000000000000000000000 (00000000), dut=0.000000000000000000000000 (00000000), rounding_error=0.00000000 % (exp_error = 0.00001192 %)
[Random][ADD]i_32_a=00000000 (0.000000000000000000000000) + i_32_b=00000000 (0.000000000000000000000000) 	| o_32_s=00000000 (0.000000000000000000000000) 	| o_ov_flow=1, o_un_flow=1
=> PASS: expect=0.000000000000000000000000 (00000000), dut=0.000000000000000000000000 (00000000), rounding_error=0.00000000 % (exp_error = 0.00001192 %)
[Random][SUB]i_32_a=00000000 (0.000000000000000000000000) - i_32_b=00000000 (0.000000000000000000000000) 	| o_32_s=00000000 (0.000000000000000000000000) 	| o_ov_flow=0, o_un_flow=1
=> PASS: expect=0.000000000000000000000000 (00000000), dut=0.000000000000000000000000 (00000000), rounding_error=0.00000000 % (exp_error = 0.00001192 %)
[Random][SUB]i_32_a=00000000 (0.000000000000000000000000) - i_32_b=00000000 (0.000000000000000000000000) 	| o_32_s=00000000 (0.000000000000000000000000) 	| o_ov_flow=0, o_un_flow=1
=> PASS: expect=0.000000000000000000000000 (00000000), dut=0.000000000000000000000000 (00000000), rounding_error=0.00000000 % (exp_error = 0.00001192 %)
==========[ Read data from ROM ]==========
[Random][ADD]i_32_a=00000000 (0.000000000000000000000000) + i_32_b=00000000 (0.000000000000000000000000) 	| o_32_s=00000000 (0.000000000000000000000000) 	| o_ov_flow=1, o_un_flow=1
=> PASS: expect=0.000000000000000000000000 (00000000), dut=0.000000000000000000000000 (00000000), rounding_error=0.00000000 % (exp_error = 0.00001192 %)
[Random][ADD]i_32_a=00000000 (0.000000000000000000000000) + i_32_b=00000000 (0.000000000000000000000000) 	| o_32_s=00000000 (0.000000000000000000000000) 	| o_ov_flow=1, o_un_flow=1
=> PASS: expect=0.000000000000000000000000 (00000000), dut=0.000000000000000000000000 (00000000), rounding_error=0.00000000 % (exp_error = 0.00001192 %)
[Random][SUB]i_32_a=00000000 (0.000000000000000000000000) - i_32_b=00000000 (0.000000000000000000000000) 	| o_32_s=00000000 (0.000000000000000000000000) 	| o_ov_flow=0, o_un_flow=1
=> PASS: expect=0.000000000000000000000000 (00000000), dut=0.000000000000000000000000 (00000000), rounding_error=0.00000000 % (exp_error = 0.00001192 %)
[Random][SUB]i_32_a=00000000 (0.000000000000000000000000) - i_32_b=00000000 (0.000000000000000000000000) 	| o_32_s=00000000 (0.000000000000000000000000) 	| o_ov_flow=0, o_un_flow=1
=> PASS: expect=0.000000000000000000000000 (00000000), dut=0.000000000000000000000000 (00000000), rounding_error=0.00000000 % (exp_error = 0.00001192 %)
==========[ Read data from ROM ]==========
[Random][ADD]i_32_a=00000000 (0.000000000000000000000000) + i_32_b=00000000 (0.000000000000000000000000) 	| o_32_s=00000000 (0.000000000000000000000000) 	| o_ov_flow=1, o_un_flow=1
=> PASS: expect=0.000000000000000000000000 (00000000), dut=0.000000000000000000000000 (00000000), rounding_error=0.00000000 % (exp_error = 0.00001192 %)
[Random][ADD]i_32_a=00000000 (0.000000000000000000000000) + i_32_b=00000000 (0.000000000000000000000000) 	| o_32_s=00000000 (0.000000000000000000000000) 	| o_ov_flow=1, o_un_flow=1
=> PASS: expect=0.000000000000000000000000 (00000000), dut=0.000000000000000000000000 (00000000), rounding_error=0.00000000 % (exp_error = 0.00001192 %)
[Random][SUB]i_32_a=00000000 (0.000000000000000000000000) - i_32_b=00000000 (0.000000000000000000000000) 	| o_32_s=00000000 (0.000000000000000000000000) 	| o_ov_flow=0, o_un_flow=1
=> PASS: expect=0.000000000000000000000000 (00000000), dut=0.000000000000000000000000 (00000000), rounding_error=0.00000000 % (exp_error = 0.00001192 %)
[Random][SUB]i_32_a=00000000 (0.000000000000000000000000) - i_32_b=00000000 (0.000000000000000000000000) 	| o_32_s=00000000 (0.000000000000000000000000) 	| o_ov_flow=0, o_un_flow=1
=> PASS: expect=0.000000000000000000000000 (00000000), dut=0.000000000000000000000000 (00000000), rounding_error=0.00000000 % (exp_error = 0.00001192 %)
==========[ Read data from ROM ]==========
[Random][ADD]i_32_a=00000000 (0.000000000000000000000000) + i_32_b=00000000 (0.000000000000000000000000) 	| o_32_s=00000000 (0.000000000000000000000000) 	| o_ov_flow=1, o_un_flow=1
=> PASS: expect=0.000000000000000000000000 (00000000), dut=0.000000000000000000000000 (00000000), rounding_error=0.00000000 % (exp_error = 0.00001192 %)
[Random][ADD]i_32_a=00000000 (0.000000000000000000000000) + i_32_b=00000000 (0.000000000000000000000000) 	| o_32_s=00000000 (0.000000000000000000000000) 	| o_ov_flow=1, o_un_flow=1
=> PASS: expect=0.000000000000000000000000 (00000000), dut=0.000000000000000000000000 (00000000), rounding_error=0.00000000 % (exp_error = 0.00001192 %)
[Random][SUB]i_32_a=00000000 (0.000000000000000000000000) - i_32_b=00000000 (0.000000000000000000000000) 	| o_32_s=00000000 (0.000000000000000000000000) 	| o_ov_flow=0, o_un_flow=1
=> PASS: expect=0.000000000000000000000000 (00000000), dut=0.000000000000000000000000 (00000000), rounding_error=0.00000000 % (exp_error = 0.00001192 %)
[Random][SUB]i_32_a=00000000 (0.000000000000000000000000) - i_32_b=00000000 (0.000000000000000000000000) 	| o_32_s=00000000 (0.000000000000000000000000) 	| o_ov_flow=0, o_un_flow=1
=> PASS: expect=0.000000000000000000000000 (00000000), dut=0.000000000000000000000000 (00000000), rounding_error=0.00000000 % (exp_error = 0.00001192 %)
==========[ Read data from ROM ]==========
[Random][ADD]i_32_a=00000000 (0.000000000000000000000000) + i_32_b=00000000 (0.000000000000000000000000) 	| o_32_s=00000000 (0.000000000000000000000000) 	| o_ov_flow=1, o_un_flow=1
=> PASS: expect=0.000000000000000000000000 (00000000), dut=0.000000000000000000000000 (00000000), rounding_error=0.00000000 % (exp_error = 0.00001192 %)
[Random][ADD]i_32_a=00000000 (0.000000000000000000000000) + i_32_b=00000000 (0.000000000000000000000000) 	| o_32_s=00000000 (0.000000000000000000000000) 	| o_ov_flow=1, o_un_flow=1
=> PASS: expect=0.000000000000000000000000 (00000000), dut=0.000000000000000000000000 (00000000), rounding_error=0.00000000 % (exp_error = 0.00001192 %)
[Random][SUB]i_32_a=00000000 (0.000000000000000000000000) - i_32_b=00000000 (0.000000000000000000000000) 	| o_32_s=00000000 (0.000000000000000000000000) 	| o_ov_flow=0, o_un_flow=1
=> PASS: expect=0.000000000000000000000000 (00000000), dut=0.000000000000000000000000 (00000000), rounding_error=0.00000000 % (exp_error = 0.00001192 %)
[Random][SUB]i_32_a=00000000 (0.000000000000000000000000) - i_32_b=00000000 (0.000000000000000000000000) 	| o_32_s=00000000 (0.000000000000000000000000) 	| o_ov_flow=0, o_un_flow=1
=> PASS: expect=0.000000000000000000000000 (00000000), dut=0.000000000000000000000000 (00000000), rounding_error=0.00000000 % (exp_error = 0.00001192 %)
==========[ Read data from ROM ]==========
[Random][ADD]i_32_a=00000000 (0.000000000000000000000000) + i_32_b=00000000 (0.000000000000000000000000) 	| o_32_s=00000000 (0.000000000000000000000000) 	| o_ov_flow=1, o_un_flow=1
=> PASS: expect=0.000000000000000000000000 (00000000), dut=0.000000000000000000000000 (00000000), rounding_error=0.00000000 % (exp_error = 0.00001192 %)
[Random][ADD]i_32_a=00000000 (0.000000000000000000000000) + i_32_b=00000000 (0.000000000000000000000000) 	| o_32_s=00000000 (0.000000000000000000000000) 	| o_ov_flow=1, o_un_flow=1
=> PASS: expect=0.000000000000000000000000 (00000000), dut=0.000000000000000000000000 (00000000), rounding_error=0.00000000 % (exp_error = 0.00001192 %)
[Random][SUB]i_32_a=00000000 (0.000000000000000000000000) - i_32_b=00000000 (0.000000000000000000000000) 	| o_32_s=00000000 (0.000000000000000000000000) 	| o_ov_flow=0, o_un_flow=1
=> PASS: expect=0.000000000000000000000000 (00000000), dut=0.000000000000000000000000 (00000000), rounding_error=0.00000000 % (exp_error = 0.00001192 %)
[Random][SUB]i_32_a=00000000 (0.000000000000000000000000) - i_32_b=00000000 (0.000000000000000000000000) 	| o_32_s=00000000 (0.000000000000000000000000) 	| o_ov_flow=0, o_un_flow=1
=> PASS: expect=0.000000000000000000000000 (00000000), dut=0.000000000000000000000000 (00000000), rounding_error=0.00000000 % (exp_error = 0.00001192 %)
==========[ Read data from ROM ]==========
[Random][ADD]i_32_a=00000000 (0.000000000000000000000000) + i_32_b=00000000 (0.000000000000000000000000) 	| o_32_s=00000000 (0.000000000000000000000000) 	| o_ov_flow=1, o_un_flow=1
=> PASS: expect=0.000000000000000000000000 (00000000), dut=0.000000000000000000000000 (00000000), rounding_error=0.00000000 % (exp_error = 0.00001192 %)
[Random][ADD]i_32_a=00000000 (0.000000000000000000000000) + i_32_b=00000000 (0.000000000000000000000000) 	| o_32_s=00000000 (0.000000000000000000000000) 	| o_ov_flow=1, o_un_flow=1
=> PASS: expect=0.000000000000000000000000 (00000000), dut=0.000000000000000000000000 (00000000), rounding_error=0.00000000 % (exp_error = 0.00001192 %)
[Random][SUB]i_32_a=00000000 (0.000000000000000000000000) - i_32_b=00000000 (0.000000000000000000000000) 	| o_32_s=00000000 (0.000000000000000000000000) 	| o_ov_flow=0, o_un_flow=1
=> PASS: expect=0.000000000000000000000000 (00000000), dut=0.000000000000000000000000 (00000000), rounding_error=0.00000000 % (exp_error = 0.00001192 %)
[Random][SUB]i_32_a=00000000 (0.000000000000000000000000) - i_32_b=00000000 (0.000000000000000000000000) 	| o_32_s=00000000 (0.000000000000000000000000) 	| o_ov_flow=0, o_un_flow=1
=> PASS: expect=0.000000000000000000000000 (00000000), dut=0.000000000000000000000000 (00000000), rounding_error=0.00000000 % (exp_error = 0.00001192 %)
==========[ Read data from ROM ]==========
[Random][ADD]i_32_a=00000000 (0.000000000000000000000000) + i_32_b=00000000 (0.000000000000000000000000) 	| o_32_s=00000000 (0.000000000000000000000000) 	| o_ov_flow=1, o_un_flow=1
=> PASS: expect=0.000000000000000000000000 (00000000), dut=0.000000000000000000000000 (00000000), rounding_error=0.00000000 % (exp_error = 0.00001192 %)
[Random][ADD]i_32_a=00000000 (0.000000000000000000000000) + i_32_b=00000000 (0.000000000000000000000000) 	| o_32_s=00000000 (0.000000000000000000000000) 	| o_ov_flow=1, o_un_flow=1
=> PASS: expect=0.000000000000000000000000 (00000000), dut=0.000000000000000000000000 (00000000), rounding_error=0.00000000 % (exp_error = 0.00001192 %)
[Random][SUB]i_32_a=00000000 (0.000000000000000000000000) - i_32_b=00000000 (0.000000000000000000000000) 	| o_32_s=00000000 (0.000000000000000000000000) 	| o_ov_flow=0, o_un_flow=1
=> PASS: expect=0.000000000000000000000000 (00000000), dut=0.000000000000000000000000 (00000000), rounding_error=0.00000000 % (exp_error = 0.00001192 %)
[Random][SUB]i_32_a=00000000 (0.000000000000000000000000) - i_32_b=00000000 (0.000000000000000000000000) 	| o_32_s=00000000 (0.000000000000000000000000) 	| o_ov_flow=0, o_un_flow=1
=> PASS: expect=0.000000000000000000000000 (00000000), dut=0.000000000000000000000000 (00000000), rounding_error=0.00000000 % (exp_error = 0.00001192 %)
==========[ Read data from ROM ]==========
[Random][ADD]i_32_a=00000000 (0.000000000000000000000000) + i_32_b=00000000 (0.000000000000000000000000) 	| o_32_s=00000000 (0.000000000000000000000000) 	| o_ov_flow=1, o_un_flow=1
=> PASS: expect=0.000000000000000000000000 (00000000), dut=0.000000000000000000000000 (00000000), rounding_error=0.00000000 % (exp_error = 0.00001192 %)
[Random][ADD]i_32_a=00000000 (0.000000000000000000000000) + i_32_b=00000000 (0.000000000000000000000000) 	| o_32_s=00000000 (0.000000000000000000000000) 	| o_ov_flow=1, o_un_flow=1
=> PASS: expect=0.000000000000000000000000 (00000000), dut=0.000000000000000000000000 (00000000), rounding_error=0.00000000 % (exp_error = 0.00001192 %)
[Random][SUB]i_32_a=00000000 (0.000000000000000000000000) - i_32_b=00000000 (0.000000000000000000000000) 	| o_32_s=00000000 (0.000000000000000000000000) 	| o_ov_flow=0, o_un_flow=1
=> PASS: expect=0.000000000000000000000000 (00000000), dut=0.000000000000000000000000 (00000000), rounding_error=0.00000000 % (exp_error = 0.00001192 %)
[Random][SUB]i_32_a=00000000 (0.000000000000000000000000) - i_32_b=00000000 (0.000000000000000000000000) 	| o_32_s=00000000 (0.000000000000000000000000) 	| o_ov_flow=0, o_un_flow=1
=> PASS: expect=0.000000000000000000000000 (00000000), dut=0.000000000000000000000000 (00000000), rounding_error=0.00000000 % (exp_error = 0.00001192 %)
==========[ Read data from ROM ]==========
[Random][ADD]i_32_a=00000000 (0.000000000000000000000000) + i_32_b=00000000 (0.000000000000000000000000) 	| o_32_s=00000000 (0.000000000000000000000000) 	| o_ov_flow=1, o_un_flow=1
=> PASS: expect=0.000000000000000000000000 (00000000), dut=0.000000000000000000000000 (00000000), rounding_error=0.00000000 % (exp_error = 0.00001192 %)
[Random][ADD]i_32_a=00000000 (0.000000000000000000000000) + i_32_b=00000000 (0.000000000000000000000000) 	| o_32_s=00000000 (0.000000000000000000000000) 	| o_ov_flow=1, o_un_flow=1
=> PASS: expect=0.000000000000000000000000 (00000000), dut=0.000000000000000000000000 (00000000), rounding_error=0.00000000 % (exp_error = 0.00001192 %)
[Random][SUB]i_32_a=00000000 (0.000000000000000000000000) - i_32_b=00000000 (0.000000000000000000000000) 	| o_32_s=00000000 (0.000000000000000000000000) 	| o_ov_flow=0, o_un_flow=1
=> PASS: expect=0.000000000000000000000000 (00000000), dut=0.000000000000000000000000 (00000000), rounding_error=0.00000000 % (exp_error = 0.00001192 %)
[Random][SUB]i_32_a=00000000 (0.000000000000000000000000) - i_32_b=00000000 (0.000000000000000000000000) 	| o_32_s=00000000 (0.000000000000000000000000) 	| o_ov_flow=0, o_un_flow=1
=> PASS: expect=0.000000000000000000000000 (00000000), dut=0.000000000000000000000000 (00000000), rounding_error=0.00000000 % (exp_error = 0.00001192 %)
==========[ Read data from ROM ]==========
[Random][ADD]i_32_a=00000000 (0.000000000000000000000000) + i_32_b=00000000 (0.000000000000000000000000) 	| o_32_s=00000000 (0.000000000000000000000000) 	| o_ov_flow=1, o_un_flow=1
=> PASS: expect=0.000000000000000000000000 (00000000), dut=0.000000000000000000000000 (00000000), rounding_error=0.00000000 % (exp_error = 0.00001192 %)
[Random][ADD]i_32_a=00000000 (0.000000000000000000000000) + i_32_b=00000000 (0.000000000000000000000000) 	| o_32_s=00000000 (0.000000000000000000000000) 	| o_ov_flow=1, o_un_flow=1
=> PASS: expect=0.000000000000000000000000 (00000000), dut=0.000000000000000000000000 (00000000), rounding_error=0.00000000 % (exp_error = 0.00001192 %)
[Random][SUB]i_32_a=00000000 (0.000000000000000000000000) - i_32_b=00000000 (0.000000000000000000000000) 	| o_32_s=00000000 (0.000000000000000000000000) 	| o_ov_flow=0, o_un_flow=1
=> PASS: expect=0.000000000000000000000000 (00000000), dut=0.000000000000000000000000 (00000000), rounding_error=0.00000000 % (exp_error = 0.00001192 %)
[Random][SUB]i_32_a=00000000 (0.000000000000000000000000) - i_32_b=00000000 (0.000000000000000000000000) 	| o_32_s=00000000 (0.000000000000000000000000) 	| o_ov_flow=0, o_un_flow=1
=> PASS: expect=0.000000000000000000000000 (00000000), dut=0.000000000000000000000000 (00000000), rounding_error=0.00000000 % (exp_error = 0.00001192 %)
==========[ Read data from ROM ]==========
[Random][ADD]i_32_a=00000000 (0.000000000000000000000000) + i_32_b=00000000 (0.000000000000000000000000) 	| o_32_s=00000000 (0.000000000000000000000000) 	| o_ov_flow=1, o_un_flow=1
=> PASS: expect=0.000000000000000000000000 (00000000), dut=0.000000000000000000000000 (00000000), rounding_error=0.00000000 % (exp_error = 0.00001192 %)
[Random][ADD]i_32_a=00000000 (0.000000000000000000000000) + i_32_b=00000000 (0.000000000000000000000000) 	| o_32_s=00000000 (0.000000000000000000000000) 	| o_ov_flow=1, o_un_flow=1
=> PASS: expect=0.000000000000000000000000 (00000000), dut=0.000000000000000000000000 (00000000), rounding_error=0.00000000 % (exp_error = 0.00001192 %)
[Random][SUB]i_32_a=00000000 (0.000000000000000000000000) - i_32_b=00000000 (0.000000000000000000000000) 	| o_32_s=00000000 (0.000000000000000000000000) 	| o_ov_flow=0, o_un_flow=1
=> PASS: expect=0.000000000000000000000000 (00000000), dut=0.000000000000000000000000 (00000000), rounding_error=0.00000000 % (exp_error = 0.00001192 %)
[Random][SUB]i_32_a=00000000 (0.000000000000000000000000) - i_32_b=00000000 (0.000000000000000000000000) 	| o_32_s=00000000 (0.000000000000000000000000) 	| o_ov_flow=0, o_un_flow=1
=> PASS: expect=0.000000000000000000000000 (00000000), dut=0.000000000000000000000000 (00000000), rounding_error=0.00000000 % (exp_error = 0.00001192 %)
==========[ Read data from ROM ]==========
[Random][ADD]i_32_a=00000000 (0.000000000000000000000000) + i_32_b=00000000 (0.000000000000000000000000) 	| o_32_s=00000000 (0.000000000000000000000000) 	| o_ov_flow=1, o_un_flow=1
=> PASS: expect=0.000000000000000000000000 (00000000), dut=0.000000000000000000000000 (00000000), rounding_error=0.00000000 % (exp_error = 0.00001192 %)
[Random][ADD]i_32_a=00000000 (0.000000000000000000000000) + i_32_b=00000000 (0.000000000000000000000000) 	| o_32_s=00000000 (0.000000000000000000000000) 	| o_ov_flow=1, o_un_flow=1
=> PASS: expect=0.000000000000000000000000 (00000000), dut=0.000000000000000000000000 (00000000), rounding_error=0.00000000 % (exp_error = 0.00001192 %)
[Random][SUB]i_32_a=00000000 (0.000000000000000000000000) - i_32_b=00000000 (0.000000000000000000000000) 	| o_32_s=00000000 (0.000000000000000000000000) 	| o_ov_flow=0, o_un_flow=1
=> PASS: expect=0.000000000000000000000000 (00000000), dut=0.000000000000000000000000 (00000000), rounding_error=0.00000000 % (exp_error = 0.00001192 %)
[Random][SUB]i_32_a=00000000 (0.000000000000000000000000) - i_32_b=00000000 (0.000000000000000000000000) 	| o_32_s=00000000 (0.000000000000000000000000) 	| o_ov_flow=0, o_un_flow=1
=> PASS: expect=0.000000000000000000000000 (00000000), dut=0.000000000000000000000000 (00000000), rounding_error=0.00000000 % (exp_error = 0.00001192 %)
==========[ Read data from ROM ]==========
[Random][ADD]i_32_a=00000000 (0.000000000000000000000000) + i_32_b=00000000 (0.000000000000000000000000) 	| o_32_s=00000000 (0.000000000000000000000000) 	| o_ov_flow=1, o_un_flow=1
=> PASS: expect=0.000000000000000000000000 (00000000), dut=0.000000000000000000000000 (00000000), rounding_error=0.00000000 % (exp_error = 0.00001192 %)
[Random][ADD]i_32_a=00000000 (0.000000000000000000000000) + i_32_b=00000000 (0.000000000000000000000000) 	| o_32_s=00000000 (0.000000000000000000000000) 	| o_ov_flow=1, o_un_flow=1
=> PASS: expect=0.000000000000000000000000 (00000000), dut=0.000000000000000000000000 (00000000), rounding_error=0.00000000 % (exp_error = 0.00001192 %)
[Random][SUB]i_32_a=00000000 (0.000000000000000000000000) - i_32_b=00000000 (0.000000000000000000000000) 	| o_32_s=00000000 (0.000000000000000000000000) 	| o_ov_flow=0, o_un_flow=1
=> PASS: expect=0.000000000000000000000000 (00000000), dut=0.000000000000000000000000 (00000000), rounding_error=0.00000000 % (exp_error = 0.00001192 %)
[Random][SUB]i_32_a=00000000 (0.000000000000000000000000) - i_32_b=00000000 (0.000000000000000000000000) 	| o_32_s=00000000 (0.000000000000000000000000) 	| o_ov_flow=0, o_un_flow=1
=> PASS: expect=0.000000000000000000000000 (00000000), dut=0.000000000000000000000000 (00000000), rounding_error=0.00000000 % (exp_error = 0.00001192 %)
==========[ Read data from ROM ]==========
[Random][ADD]i_32_a=00000000 (0.000000000000000000000000) + i_32_b=00000000 (0.000000000000000000000000) 	| o_32_s=00000000 (0.000000000000000000000000) 	| o_ov_flow=1, o_un_flow=1
=> PASS: expect=0.000000000000000000000000 (00000000), dut=0.000000000000000000000000 (00000000), rounding_error=0.00000000 % (exp_error = 0.00001192 %)
[Random][ADD]i_32_a=00000000 (0.000000000000000000000000) + i_32_b=00000000 (0.000000000000000000000000) 	| o_32_s=00000000 (0.000000000000000000000000) 	| o_ov_flow=1, o_un_flow=1
=> PASS: expect=0.000000000000000000000000 (00000000), dut=0.000000000000000000000000 (00000000), rounding_error=0.00000000 % (exp_error = 0.00001192 %)
[Random][SUB]i_32_a=00000000 (0.000000000000000000000000) - i_32_b=00000000 (0.000000000000000000000000) 	| o_32_s=00000000 (0.000000000000000000000000) 	| o_ov_flow=0, o_un_flow=1
=> PASS: expect=0.000000000000000000000000 (00000000), dut=0.000000000000000000000000 (00000000), rounding_error=0.00000000 % (exp_error = 0.00001192 %)
[Random][SUB]i_32_a=00000000 (0.000000000000000000000000) - i_32_b=00000000 (0.000000000000000000000000) 	| o_32_s=00000000 (0.000000000000000000000000) 	| o_ov_flow=0, o_un_flow=1
=> PASS: expect=0.000000000000000000000000 (00000000), dut=0.000000000000000000000000 (00000000), rounding_error=0.00000000 % (exp_error = 0.00001192 %)
==========[ Read data from ROM ]==========
[Random][ADD]i_32_a=00000000 (0.000000000000000000000000) + i_32_b=00000000 (0.000000000000000000000000) 	| o_32_s=00000000 (0.000000000000000000000000) 	| o_ov_flow=1, o_un_flow=1
=> PASS: expect=0.000000000000000000000000 (00000000), dut=0.000000000000000000000000 (00000000), rounding_error=0.00000000 % (exp_error = 0.00001192 %)
[Random][ADD]i_32_a=00000000 (0.000000000000000000000000) + i_32_b=00000000 (0.000000000000000000000000) 	| o_32_s=00000000 (0.000000000000000000000000) 	| o_ov_flow=1, o_un_flow=1
=> PASS: expect=0.000000000000000000000000 (00000000), dut=0.000000000000000000000000 (00000000), rounding_error=0.00000000 % (exp_error = 0.00001192 %)
[Random][SUB]i_32_a=00000000 (0.000000000000000000000000) - i_32_b=00000000 (0.000000000000000000000000) 	| o_32_s=00000000 (0.000000000000000000000000) 	| o_ov_flow=0, o_un_flow=1
=> PASS: expect=0.000000000000000000000000 (00000000), dut=0.000000000000000000000000 (00000000), rounding_error=0.00000000 % (exp_error = 0.00001192 %)
[Random][SUB]i_32_a=00000000 (0.000000000000000000000000) - i_32_b=00000000 (0.000000000000000000000000) 	| o_32_s=00000000 (0.000000000000000000000000) 	| o_ov_flow=0, o_un_flow=1
=> PASS: expect=0.000000000000000000000000 (00000000), dut=0.000000000000000000000000 (00000000), rounding_error=0.00000000 % (exp_error = 0.00001192 %)
==========[ Read data from ROM ]==========
[Random][ADD]i_32_a=00000000 (0.000000000000000000000000) + i_32_b=00000000 (0.000000000000000000000000) 	| o_32_s=00000000 (0.000000000000000000000000) 	| o_ov_flow=1, o_un_flow=1
=> PASS: expect=0.000000000000000000000000 (00000000), dut=0.000000000000000000000000 (00000000), rounding_error=0.00000000 % (exp_error = 0.00001192 %)
[Random][ADD]i_32_a=00000000 (0.000000000000000000000000) + i_32_b=00000000 (0.000000000000000000000000) 	| o_32_s=00000000 (0.000000000000000000000000) 	| o_ov_flow=1, o_un_flow=1
=> PASS: expect=0.000000000000000000000000 (00000000), dut=0.000000000000000000000000 (00000000), rounding_error=0.00000000 % (exp_error = 0.00001192 %)
[Random][SUB]i_32_a=00000000 (0.000000000000000000000000) - i_32_b=00000000 (0.000000000000000000000000) 	| o_32_s=00000000 (0.000000000000000000000000) 	| o_ov_flow=0, o_un_flow=1
=> PASS: expect=0.000000000000000000000000 (00000000), dut=0.000000000000000000000000 (00000000), rounding_error=0.00000000 % (exp_error = 0.00001192 %)
[Random][SUB]i_32_a=00000000 (0.000000000000000000000000) - i_32_b=00000000 (0.000000000000000000000000) 	| o_32_s=00000000 (0.000000000000000000000000) 	| o_ov_flow=0, o_un_flow=1
=> PASS: expect=0.000000000000000000000000 (00000000), dut=0.000000000000000000000000 (00000000), rounding_error=0.00000000 % (exp_error = 0.00001192 %)
==========[ Read data from ROM ]==========
[Random][ADD]i_32_a=00000000 (0.000000000000000000000000) + i_32_b=00000000 (0.000000000000000000000000) 	| o_32_s=00000000 (0.000000000000000000000000) 	| o_ov_flow=1, o_un_flow=1
=> PASS: expect=0.000000000000000000000000 (00000000), dut=0.000000000000000000000000 (00000000), rounding_error=0.00000000 % (exp_error = 0.00001192 %)
[Random][ADD]i_32_a=00000000 (0.000000000000000000000000) + i_32_b=00000000 (0.000000000000000000000000) 	| o_32_s=00000000 (0.000000000000000000000000) 	| o_ov_flow=1, o_un_flow=1
=> PASS: expect=0.000000000000000000000000 (00000000), dut=0.000000000000000000000000 (00000000), rounding_error=0.00000000 % (exp_error = 0.00001192 %)
[Random][SUB]i_32_a=00000000 (0.000000000000000000000000) - i_32_b=00000000 (0.000000000000000000000000) 	| o_32_s=00000000 (0.000000000000000000000000) 	| o_ov_flow=0, o_un_flow=1
=> PASS: expect=0.000000000000000000000000 (00000000), dut=0.000000000000000000000000 (00000000), rounding_error=0.00000000 % (exp_error = 0.00001192 %)
[Random][SUB]i_32_a=00000000 (0.000000000000000000000000) - i_32_b=00000000 (0.000000000000000000000000) 	| o_32_s=00000000 (0.000000000000000000000000) 	| o_ov_flow=0, o_un_flow=1
=> PASS: expect=0.000000000000000000000000 (00000000), dut=0.000000000000000000000000 (00000000), rounding_error=0.00000000 % (exp_error = 0.00001192 %)
==========[ Read data from ROM ]==========
[Random][ADD]i_32_a=00000000 (0.000000000000000000000000) + i_32_b=00000000 (0.000000000000000000000000) 	| o_32_s=00000000 (0.000000000000000000000000) 	| o_ov_flow=1, o_un_flow=1
=> PASS: expect=0.000000000000000000000000 (00000000), dut=0.000000000000000000000000 (00000000), rounding_error=0.00000000 % (exp_error = 0.00001192 %)
[Random][ADD]i_32_a=00000000 (0.000000000000000000000000) + i_32_b=00000000 (0.000000000000000000000000) 	| o_32_s=00000000 (0.000000000000000000000000) 	| o_ov_flow=1, o_un_flow=1
=> PASS: expect=0.000000000000000000000000 (00000000), dut=0.000000000000000000000000 (00000000), rounding_error=0.00000000 % (exp_error = 0.00001192 %)
[Random][SUB]i_32_a=00000000 (0.000000000000000000000000) - i_32_b=00000000 (0.000000000000000000000000) 	| o_32_s=00000000 (0.000000000000000000000000) 	| o_ov_flow=0, o_un_flow=1
=> PASS: expect=0.000000000000000000000000 (00000000), dut=0.000000000000000000000000 (00000000), rounding_error=0.00000000 % (exp_error = 0.00001192 %)
[Random][SUB]i_32_a=00000000 (0.000000000000000000000000) - i_32_b=00000000 (0.000000000000000000000000) 	| o_32_s=00000000 (0.000000000000000000000000) 	| o_ov_flow=0, o_un_flow=1
=> PASS: expect=0.000000000000000000000000 (00000000), dut=0.000000000000000000000000 (00000000), rounding_error=0.00000000 % (exp_error = 0.00001192 %)
==========[ Read data from ROM ]==========
[Random][ADD]i_32_a=00000000 (0.000000000000000000000000) + i_32_b=00000000 (0.000000000000000000000000) 	| o_32_s=00000000 (0.000000000000000000000000) 	| o_ov_flow=1, o_un_flow=1
=> PASS: expect=0.000000000000000000000000 (00000000), dut=0.000000000000000000000000 (00000000), rounding_error=0.00000000 % (exp_error = 0.00001192 %)
[Random][ADD]i_32_a=00000000 (0.000000000000000000000000) + i_32_b=00000000 (0.000000000000000000000000) 	| o_32_s=00000000 (0.000000000000000000000000) 	| o_ov_flow=1, o_un_flow=1
=> PASS: expect=0.000000000000000000000000 (00000000), dut=0.000000000000000000000000 (00000000), rounding_error=0.00000000 % (exp_error = 0.00001192 %)
[Random][SUB]i_32_a=00000000 (0.000000000000000000000000) - i_32_b=00000000 (0.000000000000000000000000) 	| o_32_s=00000000 (0.000000000000000000000000) 	| o_ov_flow=0, o_un_flow=1
=> PASS: expect=0.000000000000000000000000 (00000000), dut=0.000000000000000000000000 (00000000), rounding_error=0.00000000 % (exp_error = 0.00001192 %)
[Random][SUB]i_32_a=00000000 (0.000000000000000000000000) - i_32_b=00000000 (0.000000000000000000000000) 	| o_32_s=00000000 (0.000000000000000000000000) 	| o_ov_flow=0, o_un_flow=1
=> PASS: expect=0.000000000000000000000000 (00000000), dut=0.000000000000000000000000 (00000000), rounding_error=0.00000000 % (exp_error = 0.00001192 %)
==========[ Read data from ROM ]==========
[Random][ADD]i_32_a=00000000 (0.000000000000000000000000) + i_32_b=00000000 (0.000000000000000000000000) 	| o_32_s=00000000 (0.000000000000000000000000) 	| o_ov_flow=1, o_un_flow=1
=> PASS: expect=0.000000000000000000000000 (00000000), dut=0.000000000000000000000000 (00000000), rounding_error=0.00000000 % (exp_error = 0.00001192 %)
[Random][ADD]i_32_a=00000000 (0.000000000000000000000000) + i_32_b=00000000 (0.000000000000000000000000) 	| o_32_s=00000000 (0.000000000000000000000000) 	| o_ov_flow=1, o_un_flow=1
=> PASS: expect=0.000000000000000000000000 (00000000), dut=0.000000000000000000000000 (00000000), rounding_error=0.00000000 % (exp_error = 0.00001192 %)
[Random][SUB]i_32_a=00000000 (0.000000000000000000000000) - i_32_b=00000000 (0.000000000000000000000000) 	| o_32_s=00000000 (0.000000000000000000000000) 	| o_ov_flow=0, o_un_flow=1
=> PASS: expect=0.000000000000000000000000 (00000000), dut=0.000000000000000000000000 (00000000), rounding_error=0.00000000 % (exp_error = 0.00001192 %)
[Random][SUB]i_32_a=00000000 (0.000000000000000000000000) - i_32_b=00000000 (0.000000000000000000000000) 	| o_32_s=00000000 (0.000000000000000000000000) 	| o_ov_flow=0, o_un_flow=1
=> PASS: expect=0.000000000000000000000000 (00000000), dut=0.000000000000000000000000 (00000000), rounding_error=0.00000000 % (exp_error = 0.00001192 %)
==========[ Read data from ROM ]==========
[Random][ADD]i_32_a=00000000 (0.000000000000000000000000) + i_32_b=00000000 (0.000000000000000000000000) 	| o_32_s=00000000 (0.000000000000000000000000) 	| o_ov_flow=1, o_un_flow=1
=> PASS: expect=0.000000000000000000000000 (00000000), dut=0.000000000000000000000000 (00000000), rounding_error=0.00000000 % (exp_error = 0.00001192 %)
[Random][ADD]i_32_a=00000000 (0.000000000000000000000000) + i_32_b=00000000 (0.000000000000000000000000) 	| o_32_s=00000000 (0.000000000000000000000000) 	| o_ov_flow=1, o_un_flow=1
=> PASS: expect=0.000000000000000000000000 (00000000), dut=0.000000000000000000000000 (00000000), rounding_error=0.00000000 % (exp_error = 0.00001192 %)
[Random][SUB]i_32_a=00000000 (0.000000000000000000000000) - i_32_b=00000000 (0.000000000000000000000000) 	| o_32_s=00000000 (0.000000000000000000000000) 	| o_ov_flow=0, o_un_flow=1
=> PASS: expect=0.000000000000000000000000 (00000000), dut=0.000000000000000000000000 (00000000), rounding_error=0.00000000 % (exp_error = 0.00001192 %)
[Random][SUB]i_32_a=00000000 (0.000000000000000000000000) - i_32_b=00000000 (0.000000000000000000000000) 	| o_32_s=00000000 (0.000000000000000000000000) 	| o_ov_flow=0, o_un_flow=1
=> PASS: expect=0.000000000000000000000000 (00000000), dut=0.000000000000000000000000 (00000000), rounding_error=0.00000000 % (exp_error = 0.00001192 %)
==========[ Read data from ROM ]==========
[Random][ADD]i_32_a=00000000 (0.000000000000000000000000) + i_32_b=00000000 (0.000000000000000000000000) 	| o_32_s=00000000 (0.000000000000000000000000) 	| o_ov_flow=1, o_un_flow=1
=> PASS: expect=0.000000000000000000000000 (00000000), dut=0.000000000000000000000000 (00000000), rounding_error=0.00000000 % (exp_error = 0.00001192 %)
[Random][ADD]i_32_a=00000000 (0.000000000000000000000000) + i_32_b=00000000 (0.000000000000000000000000) 	| o_32_s=00000000 (0.000000000000000000000000) 	| o_ov_flow=1, o_un_flow=1
=> PASS: expect=0.000000000000000000000000 (00000000), dut=0.000000000000000000000000 (00000000), rounding_error=0.00000000 % (exp_error = 0.00001192 %)
[Random][SUB]i_32_a=00000000 (0.000000000000000000000000) - i_32_b=00000000 (0.000000000000000000000000) 	| o_32_s=00000000 (0.000000000000000000000000) 	| o_ov_flow=0, o_un_flow=1
=> PASS: expect=0.000000000000000000000000 (00000000), dut=0.000000000000000000000000 (00000000), rounding_error=0.00000000 % (exp_error = 0.00001192 %)
[Random][SUB]i_32_a=00000000 (0.000000000000000000000000) - i_32_b=00000000 (0.000000000000000000000000) 	| o_32_s=00000000 (0.000000000000000000000000) 	| o_ov_flow=0, o_un_flow=1
=> PASS: expect=0.000000000000000000000000 (00000000), dut=0.000000000000000000000000 (00000000), rounding_error=0.00000000 % (exp_error = 0.00001192 %)
==========[ Read data from ROM ]==========
[Random][ADD]i_32_a=00000000 (0.000000000000000000000000) + i_32_b=00000000 (0.000000000000000000000000) 	| o_32_s=00000000 (0.000000000000000000000000) 	| o_ov_flow=1, o_un_flow=1
=> PASS: expect=0.000000000000000000000000 (00000000), dut=0.000000000000000000000000 (00000000), rounding_error=0.00000000 % (exp_error = 0.00001192 %)
[Random][ADD]i_32_a=00000000 (0.000000000000000000000000) + i_32_b=00000000 (0.000000000000000000000000) 	| o_32_s=00000000 (0.000000000000000000000000) 	| o_ov_flow=1, o_un_flow=1
=> PASS: expect=0.000000000000000000000000 (00000000), dut=0.000000000000000000000000 (00000000), rounding_error=0.00000000 % (exp_error = 0.00001192 %)
[Random][SUB]i_32_a=00000000 (0.000000000000000000000000) - i_32_b=00000000 (0.000000000000000000000000) 	| o_32_s=00000000 (0.000000000000000000000000) 	| o_ov_flow=0, o_un_flow=1
=> PASS: expect=0.000000000000000000000000 (00000000), dut=0.000000000000000000000000 (00000000), rounding_error=0.00000000 % (exp_error = 0.00001192 %)
[Random][SUB]i_32_a=00000000 (0.000000000000000000000000) - i_32_b=00000000 (0.000000000000000000000000) 	| o_32_s=00000000 (0.000000000000000000000000) 	| o_ov_flow=0, o_un_flow=1
=> PASS: expect=0.000000000000000000000000 (00000000), dut=0.000000000000000000000000 (00000000), rounding_error=0.00000000 % (exp_error = 0.00001192 %)
==========[ Read data from ROM ]==========
[Random][ADD]i_32_a=00000000 (0.000000000000000000000000) + i_32_b=00000000 (0.000000000000000000000000) 	| o_32_s=00000000 (0.000000000000000000000000) 	| o_ov_flow=1, o_un_flow=1
=> PASS: expect=0.000000000000000000000000 (00000000), dut=0.000000000000000000000000 (00000000), rounding_error=0.00000000 % (exp_error = 0.00001192 %)
[Random][ADD]i_32_a=00000000 (0.000000000000000000000000) + i_32_b=00000000 (0.000000000000000000000000) 	| o_32_s=00000000 (0.000000000000000000000000) 	| o_ov_flow=1, o_un_flow=1
=> PASS: expect=0.000000000000000000000000 (00000000), dut=0.000000000000000000000000 (00000000), rounding_error=0.00000000 % (exp_error = 0.00001192 %)
[Random][SUB]i_32_a=00000000 (0.000000000000000000000000) - i_32_b=00000000 (0.000000000000000000000000) 	| o_32_s=00000000 (0.000000000000000000000000) 	| o_ov_flow=0, o_un_flow=1
=> PASS: expect=0.000000000000000000000000 (00000000), dut=0.000000000000000000000000 (00000000), rounding_error=0.00000000 % (exp_error = 0.00001192 %)
[Random][SUB]i_32_a=00000000 (0.000000000000000000000000) - i_32_b=00000000 (0.000000000000000000000000) 	| o_32_s=00000000 (0.000000000000000000000000) 	| o_ov_flow=0, o_un_flow=1
=> PASS: expect=0.000000000000000000000000 (00000000), dut=0.000000000000000000000000 (00000000), rounding_error=0.00000000 % (exp_error = 0.00001192 %)
==========[ Read data from ROM ]==========
[Random][ADD]i_32_a=00000000 (0.000000000000000000000000) + i_32_b=00000000 (0.000000000000000000000000) 	| o_32_s=00000000 (0.000000000000000000000000) 	| o_ov_flow=1, o_un_flow=1
=> PASS: expect=0.000000000000000000000000 (00000000), dut=0.000000000000000000000000 (00000000), rounding_error=0.00000000 % (exp_error = 0.00001192 %)
[Random][ADD]i_32_a=00000000 (0.000000000000000000000000) + i_32_b=00000000 (0.000000000000000000000000) 	| o_32_s=00000000 (0.000000000000000000000000) 	| o_ov_flow=1, o_un_flow=1
=> PASS: expect=0.000000000000000000000000 (00000000), dut=0.000000000000000000000000 (00000000), rounding_error=0.00000000 % (exp_error = 0.00001192 %)
[Random][SUB]i_32_a=00000000 (0.000000000000000000000000) - i_32_b=00000000 (0.000000000000000000000000) 	| o_32_s=00000000 (0.000000000000000000000000) 	| o_ov_flow=0, o_un_flow=1
=> PASS: expect=0.000000000000000000000000 (00000000), dut=0.000000000000000000000000 (00000000), rounding_error=0.00000000 % (exp_error = 0.00001192 %)
[Random][SUB]i_32_a=00000000 (0.000000000000000000000000) - i_32_b=00000000 (0.000000000000000000000000) 	| o_32_s=00000000 (0.000000000000000000000000) 	| o_ov_flow=0, o_un_flow=1
=> PASS: expect=0.000000000000000000000000 (00000000), dut=0.000000000000000000000000 (00000000), rounding_error=0.00000000 % (exp_error = 0.00001192 %)
==========[ Read data from ROM ]==========
[Random][ADD]i_32_a=00000000 (0.000000000000000000000000) + i_32_b=00000000 (0.000000000000000000000000) 	| o_32_s=00000000 (0.000000000000000000000000) 	| o_ov_flow=1, o_un_flow=1
=> PASS: expect=0.000000000000000000000000 (00000000), dut=0.000000000000000000000000 (00000000), rounding_error=0.00000000 % (exp_error = 0.00001192 %)
[Random][ADD]i_32_a=00000000 (0.000000000000000000000000) + i_32_b=00000000 (0.000000000000000000000000) 	| o_32_s=00000000 (0.000000000000000000000000) 	| o_ov_flow=1, o_un_flow=1
=> PASS: expect=0.000000000000000000000000 (00000000), dut=0.000000000000000000000000 (00000000), rounding_error=0.00000000 % (exp_error = 0.00001192 %)
[Random][SUB]i_32_a=00000000 (0.000000000000000000000000) - i_32_b=00000000 (0.000000000000000000000000) 	| o_32_s=00000000 (0.000000000000000000000000) 	| o_ov_flow=0, o_un_flow=1
=> PASS: expect=0.000000000000000000000000 (00000000), dut=0.000000000000000000000000 (00000000), rounding_error=0.00000000 % (exp_error = 0.00001192 %)
[Random][SUB]i_32_a=00000000 (0.000000000000000000000000) - i_32_b=00000000 (0.000000000000000000000000) 	| o_32_s=00000000 (0.000000000000000000000000) 	| o_ov_flow=0, o_un_flow=1
=> PASS: expect=0.000000000000000000000000 (00000000), dut=0.000000000000000000000000 (00000000), rounding_error=0.00000000 % (exp_error = 0.00001192 %)
==========[ Read data from ROM ]==========
[Random][ADD]i_32_a=00000000 (0.000000000000000000000000) + i_32_b=00000000 (0.000000000000000000000000) 	| o_32_s=00000000 (0.000000000000000000000000) 	| o_ov_flow=1, o_un_flow=1
=> PASS: expect=0.000000000000000000000000 (00000000), dut=0.000000000000000000000000 (00000000), rounding_error=0.00000000 % (exp_error = 0.00001192 %)
[Random][ADD]i_32_a=00000000 (0.000000000000000000000000) + i_32_b=00000000 (0.000000000000000000000000) 	| o_32_s=00000000 (0.000000000000000000000000) 	| o_ov_flow=1, o_un_flow=1
=> PASS: expect=0.000000000000000000000000 (00000000), dut=0.000000000000000000000000 (00000000), rounding_error=0.00000000 % (exp_error = 0.00001192 %)
[Random][SUB]i_32_a=00000000 (0.000000000000000000000000) - i_32_b=00000000 (0.000000000000000000000000) 	| o_32_s=00000000 (0.000000000000000000000000) 	| o_ov_flow=0, o_un_flow=1
=> PASS: expect=0.000000000000000000000000 (00000000), dut=0.000000000000000000000000 (00000000), rounding_error=0.00000000 % (exp_error = 0.00001192 %)
[Random][SUB]i_32_a=00000000 (0.000000000000000000000000) - i_32_b=00000000 (0.000000000000000000000000) 	| o_32_s=00000000 (0.000000000000000000000000) 	| o_ov_flow=0, o_un_flow=1
=> PASS: expect=0.000000000000000000000000 (00000000), dut=0.000000000000000000000000 (00000000), rounding_error=0.00000000 % (exp_error = 0.00001192 %)
==========[ Read data from ROM ]==========
[Random][ADD]i_32_a=00000000 (0.000000000000000000000000) + i_32_b=00000000 (0.000000000000000000000000) 	| o_32_s=00000000 (0.000000000000000000000000) 	| o_ov_flow=1, o_un_flow=1
=> PASS: expect=0.000000000000000000000000 (00000000), dut=0.000000000000000000000000 (00000000), rounding_error=0.00000000 % (exp_error = 0.00001192 %)
[Random][ADD]i_32_a=00000000 (0.000000000000000000000000) + i_32_b=00000000 (0.000000000000000000000000) 	| o_32_s=00000000 (0.000000000000000000000000) 	| o_ov_flow=1, o_un_flow=1
=> PASS: expect=0.000000000000000000000000 (00000000), dut=0.000000000000000000000000 (00000000), rounding_error=0.00000000 % (exp_error = 0.00001192 %)
[Random][SUB]i_32_a=00000000 (0.000000000000000000000000) - i_32_b=00000000 (0.000000000000000000000000) 	| o_32_s=00000000 (0.000000000000000000000000) 	| o_ov_flow=0, o_un_flow=1
=> PASS: expect=0.000000000000000000000000 (00000000), dut=0.000000000000000000000000 (00000000), rounding_error=0.00000000 % (exp_error = 0.00001192 %)
[Random][SUB]i_32_a=00000000 (0.000000000000000000000000) - i_32_b=00000000 (0.000000000000000000000000) 	| o_32_s=00000000 (0.000000000000000000000000) 	| o_ov_flow=0, o_un_flow=1
=> PASS: expect=0.000000000000000000000000 (00000000), dut=0.000000000000000000000000 (00000000), rounding_error=0.00000000 % (exp_error = 0.00001192 %)
==========[ Read data from ROM ]==========
[Random][ADD]i_32_a=00000000 (0.000000000000000000000000) + i_32_b=00000000 (0.000000000000000000000000) 	| o_32_s=00000000 (0.000000000000000000000000) 	| o_ov_flow=1, o_un_flow=1
=> PASS: expect=0.000000000000000000000000 (00000000), dut=0.000000000000000000000000 (00000000), rounding_error=0.00000000 % (exp_error = 0.00001192 %)
[Random][ADD]i_32_a=00000000 (0.000000000000000000000000) + i_32_b=00000000 (0.000000000000000000000000) 	| o_32_s=00000000 (0.000000000000000000000000) 	| o_ov_flow=1, o_un_flow=1
=> PASS: expect=0.000000000000000000000000 (00000000), dut=0.000000000000000000000000 (00000000), rounding_error=0.00000000 % (exp_error = 0.00001192 %)
[Random][SUB]i_32_a=00000000 (0.000000000000000000000000) - i_32_b=00000000 (0.000000000000000000000000) 	| o_32_s=00000000 (0.000000000000000000000000) 	| o_ov_flow=0, o_un_flow=1
=> PASS: expect=0.000000000000000000000000 (00000000), dut=0.000000000000000000000000 (00000000), rounding_error=0.00000000 % (exp_error = 0.00001192 %)
[Random][SUB]i_32_a=00000000 (0.000000000000000000000000) - i_32_b=00000000 (0.000000000000000000000000) 	| o_32_s=00000000 (0.000000000000000000000000) 	| o_ov_flow=0, o_un_flow=1
=> PASS: expect=0.000000000000000000000000 (00000000), dut=0.000000000000000000000000 (00000000), rounding_error=0.00000000 % (exp_error = 0.00001192 %)
==========[ Read data from ROM ]==========
[Random][ADD]i_32_a=00000000 (0.000000000000000000000000) + i_32_b=00000000 (0.000000000000000000000000) 	| o_32_s=00000000 (0.000000000000000000000000) 	| o_ov_flow=1, o_un_flow=1
=> PASS: expect=0.000000000000000000000000 (00000000), dut=0.000000000000000000000000 (00000000), rounding_error=0.00000000 % (exp_error = 0.00001192 %)
[Random][ADD]i_32_a=00000000 (0.000000000000000000000000) + i_32_b=00000000 (0.000000000000000000000000) 	| o_32_s=00000000 (0.000000000000000000000000) 	| o_ov_flow=1, o_un_flow=1
=> PASS: expect=0.000000000000000000000000 (00000000), dut=0.000000000000000000000000 (00000000), rounding_error=0.00000000 % (exp_error = 0.00001192 %)
[Random][SUB]i_32_a=00000000 (0.000000000000000000000000) - i_32_b=00000000 (0.000000000000000000000000) 	| o_32_s=00000000 (0.000000000000000000000000) 	| o_ov_flow=0, o_un_flow=1
=> PASS: expect=0.000000000000000000000000 (00000000), dut=0.000000000000000000000000 (00000000), rounding_error=0.00000000 % (exp_error = 0.00001192 %)
[Random][SUB]i_32_a=00000000 (0.000000000000000000000000) - i_32_b=00000000 (0.000000000000000000000000) 	| o_32_s=00000000 (0.000000000000000000000000) 	| o_ov_flow=0, o_un_flow=1
=> PASS: expect=0.000000000000000000000000 (00000000), dut=0.000000000000000000000000 (00000000), rounding_error=0.00000000 % (exp_error = 0.00001192 %)
==========[ Read data from ROM ]==========
[Random][ADD]i_32_a=00000000 (0.000000000000000000000000) + i_32_b=00000000 (0.000000000000000000000000) 	| o_32_s=00000000 (0.000000000000000000000000) 	| o_ov_flow=1, o_un_flow=1
=> PASS: expect=0.000000000000000000000000 (00000000), dut=0.000000000000000000000000 (00000000), rounding_error=0.00000000 % (exp_error = 0.00001192 %)
[Random][ADD]i_32_a=00000000 (0.000000000000000000000000) + i_32_b=00000000 (0.000000000000000000000000) 	| o_32_s=00000000 (0.000000000000000000000000) 	| o_ov_flow=1, o_un_flow=1
=> PASS: expect=0.000000000000000000000000 (00000000), dut=0.000000000000000000000000 (00000000), rounding_error=0.00000000 % (exp_error = 0.00001192 %)
[Random][SUB]i_32_a=00000000 (0.000000000000000000000000) - i_32_b=00000000 (0.000000000000000000000000) 	| o_32_s=00000000 (0.000000000000000000000000) 	| o_ov_flow=0, o_un_flow=1
=> PASS: expect=0.000000000000000000000000 (00000000), dut=0.000000000000000000000000 (00000000), rounding_error=0.00000000 % (exp_error = 0.00001192 %)
[Random][SUB]i_32_a=00000000 (0.000000000000000000000000) - i_32_b=00000000 (0.000000000000000000000000) 	| o_32_s=00000000 (0.000000000000000000000000) 	| o_ov_flow=0, o_un_flow=1
=> PASS: expect=0.000000000000000000000000 (00000000), dut=0.000000000000000000000000 (00000000), rounding_error=0.00000000 % (exp_error = 0.00001192 %)
==========[ Read data from ROM ]==========
[Random][ADD]i_32_a=00000000 (0.000000000000000000000000) + i_32_b=00000000 (0.000000000000000000000000) 	| o_32_s=00000000 (0.000000000000000000000000) 	| o_ov_flow=1, o_un_flow=1
=> PASS: expect=0.000000000000000000000000 (00000000), dut=0.000000000000000000000000 (00000000), rounding_error=0.00000000 % (exp_error = 0.00001192 %)
[Random][ADD]i_32_a=00000000 (0.000000000000000000000000) + i_32_b=00000000 (0.000000000000000000000000) 	| o_32_s=00000000 (0.000000000000000000000000) 	| o_ov_flow=1, o_un_flow=1
=> PASS: expect=0.000000000000000000000000 (00000000), dut=0.000000000000000000000000 (00000000), rounding_error=0.00000000 % (exp_error = 0.00001192 %)
[Random][SUB]i_32_a=00000000 (0.000000000000000000000000) - i_32_b=00000000 (0.000000000000000000000000) 	| o_32_s=00000000 (0.000000000000000000000000) 	| o_ov_flow=0, o_un_flow=1
=> PASS: expect=0.000000000000000000000000 (00000000), dut=0.000000000000000000000000 (00000000), rounding_error=0.00000000 % (exp_error = 0.00001192 %)
[Random][SUB]i_32_a=00000000 (0.000000000000000000000000) - i_32_b=00000000 (0.000000000000000000000000) 	| o_32_s=00000000 (0.000000000000000000000000) 	| o_ov_flow=0, o_un_flow=1
=> PASS: expect=0.000000000000000000000000 (00000000), dut=0.000000000000000000000000 (00000000), rounding_error=0.00000000 % (exp_error = 0.00001192 %)
==========[ Read data from ROM ]==========
[Random][ADD]i_32_a=00000000 (0.000000000000000000000000) + i_32_b=00000000 (0.000000000000000000000000) 	| o_32_s=00000000 (0.000000000000000000000000) 	| o_ov_flow=1, o_un_flow=1
=> PASS: expect=0.000000000000000000000000 (00000000), dut=0.000000000000000000000000 (00000000), rounding_error=0.00000000 % (exp_error = 0.00001192 %)
[Random][ADD]i_32_a=00000000 (0.000000000000000000000000) + i_32_b=00000000 (0.000000000000000000000000) 	| o_32_s=00000000 (0.000000000000000000000000) 	| o_ov_flow=1, o_un_flow=1
=> PASS: expect=0.000000000000000000000000 (00000000), dut=0.000000000000000000000000 (00000000), rounding_error=0.00000000 % (exp_error = 0.00001192 %)
[Random][SUB]i_32_a=00000000 (0.000000000000000000000000) - i_32_b=00000000 (0.000000000000000000000000) 	| o_32_s=00000000 (0.000000000000000000000000) 	| o_ov_flow=0, o_un_flow=1
=> PASS: expect=0.000000000000000000000000 (00000000), dut=0.000000000000000000000000 (00000000), rounding_error=0.00000000 % (exp_error = 0.00001192 %)
[Random][SUB]i_32_a=00000000 (0.000000000000000000000000) - i_32_b=00000000 (0.000000000000000000000000) 	| o_32_s=00000000 (0.000000000000000000000000) 	| o_ov_flow=0, o_un_flow=1
=> PASS: expect=0.000000000000000000000000 (00000000), dut=0.000000000000000000000000 (00000000), rounding_error=0.00000000 % (exp_error = 0.00001192 %)
==========[ Read data from ROM ]==========
[Random][ADD]i_32_a=00000000 (0.000000000000000000000000) + i_32_b=00000000 (0.000000000000000000000000) 	| o_32_s=00000000 (0.000000000000000000000000) 	| o_ov_flow=1, o_un_flow=1
=> PASS: expect=0.000000000000000000000000 (00000000), dut=0.000000000000000000000000 (00000000), rounding_error=0.00000000 % (exp_error = 0.00001192 %)
[Random][ADD]i_32_a=00000000 (0.000000000000000000000000) + i_32_b=00000000 (0.000000000000000000000000) 	| o_32_s=00000000 (0.000000000000000000000000) 	| o_ov_flow=1, o_un_flow=1
=> PASS: expect=0.000000000000000000000000 (00000000), dut=0.000000000000000000000000 (00000000), rounding_error=0.00000000 % (exp_error = 0.00001192 %)
[Random][SUB]i_32_a=00000000 (0.000000000000000000000000) - i_32_b=00000000 (0.000000000000000000000000) 	| o_32_s=00000000 (0.000000000000000000000000) 	| o_ov_flow=0, o_un_flow=1
=> PASS: expect=0.000000000000000000000000 (00000000), dut=0.000000000000000000000000 (00000000), rounding_error=0.00000000 % (exp_error = 0.00001192 %)
[Random][SUB]i_32_a=00000000 (0.000000000000000000000000) - i_32_b=00000000 (0.000000000000000000000000) 	| o_32_s=00000000 (0.000000000000000000000000) 	| o_ov_flow=0, o_un_flow=1
=> PASS: expect=0.000000000000000000000000 (00000000), dut=0.000000000000000000000000 (00000000), rounding_error=0.00000000 % (exp_error = 0.00001192 %)
==========[ Read data from ROM ]==========
[Random][ADD]i_32_a=00000000 (0.000000000000000000000000) + i_32_b=00000000 (0.000000000000000000000000) 	| o_32_s=00000000 (0.000000000000000000000000) 	| o_ov_flow=1, o_un_flow=1
=> PASS: expect=0.000000000000000000000000 (00000000), dut=0.000000000000000000000000 (00000000), rounding_error=0.00000000 % (exp_error = 0.00001192 %)
[Random][ADD]i_32_a=00000000 (0.000000000000000000000000) + i_32_b=00000000 (0.000000000000000000000000) 	| o_32_s=00000000 (0.000000000000000000000000) 	| o_ov_flow=1, o_un_flow=1
=> PASS: expect=0.000000000000000000000000 (00000000), dut=0.000000000000000000000000 (00000000), rounding_error=0.00000000 % (exp_error = 0.00001192 %)
[Random][SUB]i_32_a=00000000 (0.000000000000000000000000) - i_32_b=00000000 (0.000000000000000000000000) 	| o_32_s=00000000 (0.000000000000000000000000) 	| o_ov_flow=0, o_un_flow=1
=> PASS: expect=0.000000000000000000000000 (00000000), dut=0.000000000000000000000000 (00000000), rounding_error=0.00000000 % (exp_error = 0.00001192 %)
[Random][SUB]i_32_a=00000000 (0.000000000000000000000000) - i_32_b=00000000 (0.000000000000000000000000) 	| o_32_s=00000000 (0.000000000000000000000000) 	| o_ov_flow=0, o_un_flow=1
=> PASS: expect=0.000000000000000000000000 (00000000), dut=0.000000000000000000000000 (00000000), rounding_error=0.00000000 % (exp_error = 0.00001192 %)
==========[ Read data from ROM ]==========
[Random][ADD]i_32_a=00000000 (0.000000000000000000000000) + i_32_b=00000000 (0.000000000000000000000000) 	| o_32_s=00000000 (0.000000000000000000000000) 	| o_ov_flow=1, o_un_flow=1
=> PASS: expect=0.000000000000000000000000 (00000000), dut=0.000000000000000000000000 (00000000), rounding_error=0.00000000 % (exp_error = 0.00001192 %)
[Random][ADD]i_32_a=00000000 (0.000000000000000000000000) + i_32_b=00000000 (0.000000000000000000000000) 	| o_32_s=00000000 (0.000000000000000000000000) 	| o_ov_flow=1, o_un_flow=1
=> PASS: expect=0.000000000000000000000000 (00000000), dut=0.000000000000000000000000 (00000000), rounding_error=0.00000000 % (exp_error = 0.00001192 %)
[Random][SUB]i_32_a=00000000 (0.000000000000000000000000) - i_32_b=00000000 (0.000000000000000000000000) 	| o_32_s=00000000 (0.000000000000000000000000) 	| o_ov_flow=0, o_un_flow=1
=> PASS: expect=0.000000000000000000000000 (00000000), dut=0.000000000000000000000000 (00000000), rounding_error=0.00000000 % (exp_error = 0.00001192 %)
[Random][SUB]i_32_a=00000000 (0.000000000000000000000000) - i_32_b=00000000 (0.000000000000000000000000) 	| o_32_s=00000000 (0.000000000000000000000000) 	| o_ov_flow=0, o_un_flow=1
=> PASS: expect=0.000000000000000000000000 (00000000), dut=0.000000000000000000000000 (00000000), rounding_error=0.00000000 % (exp_error = 0.00001192 %)
==========[ Read data from ROM ]==========
[Random][ADD]i_32_a=00000000 (0.000000000000000000000000) + i_32_b=00000000 (0.000000000000000000000000) 	| o_32_s=00000000 (0.000000000000000000000000) 	| o_ov_flow=1, o_un_flow=1
=> PASS: expect=0.000000000000000000000000 (00000000), dut=0.000000000000000000000000 (00000000), rounding_error=0.00000000 % (exp_error = 0.00001192 %)
[Random][ADD]i_32_a=00000000 (0.000000000000000000000000) + i_32_b=00000000 (0.000000000000000000000000) 	| o_32_s=00000000 (0.000000000000000000000000) 	| o_ov_flow=1, o_un_flow=1
=> PASS: expect=0.000000000000000000000000 (00000000), dut=0.000000000000000000000000 (00000000), rounding_error=0.00000000 % (exp_error = 0.00001192 %)
[Random][SUB]i_32_a=00000000 (0.000000000000000000000000) - i_32_b=00000000 (0.000000000000000000000000) 	| o_32_s=00000000 (0.000000000000000000000000) 	| o_ov_flow=0, o_un_flow=1
=> PASS: expect=0.000000000000000000000000 (00000000), dut=0.000000000000000000000000 (00000000), rounding_error=0.00000000 % (exp_error = 0.00001192 %)
[Random][SUB]i_32_a=00000000 (0.000000000000000000000000) - i_32_b=00000000 (0.000000000000000000000000) 	| o_32_s=00000000 (0.000000000000000000000000) 	| o_ov_flow=0, o_un_flow=1
=> PASS: expect=0.000000000000000000000000 (00000000), dut=0.000000000000000000000000 (00000000), rounding_error=0.00000000 % (exp_error = 0.00001192 %)
==========[ Read data from ROM ]==========
[Random][ADD]i_32_a=00000000 (0.000000000000000000000000) + i_32_b=00000000 (0.000000000000000000000000) 	| o_32_s=00000000 (0.000000000000000000000000) 	| o_ov_flow=1, o_un_flow=1
=> PASS: expect=0.000000000000000000000000 (00000000), dut=0.000000000000000000000000 (00000000), rounding_error=0.00000000 % (exp_error = 0.00001192 %)
[Random][ADD]i_32_a=00000000 (0.000000000000000000000000) + i_32_b=00000000 (0.000000000000000000000000) 	| o_32_s=00000000 (0.000000000000000000000000) 	| o_ov_flow=1, o_un_flow=1
=> PASS: expect=0.000000000000000000000000 (00000000), dut=0.000000000000000000000000 (00000000), rounding_error=0.00000000 % (exp_error = 0.00001192 %)
[Random][SUB]i_32_a=00000000 (0.000000000000000000000000) - i_32_b=00000000 (0.000000000000000000000000) 	| o_32_s=00000000 (0.000000000000000000000000) 	| o_ov_flow=0, o_un_flow=1
=> PASS: expect=0.000000000000000000000000 (00000000), dut=0.000000000000000000000000 (00000000), rounding_error=0.00000000 % (exp_error = 0.00001192 %)
[Random][SUB]i_32_a=00000000 (0.000000000000000000000000) - i_32_b=00000000 (0.000000000000000000000000) 	| o_32_s=00000000 (0.000000000000000000000000) 	| o_ov_flow=0, o_un_flow=1
=> PASS: expect=0.000000000000000000000000 (00000000), dut=0.000000000000000000000000 (00000000), rounding_error=0.00000000 % (exp_error = 0.00001192 %)
==========[ Read data from ROM ]==========
[Random][ADD]i_32_a=00000000 (0.000000000000000000000000) + i_32_b=00000000 (0.000000000000000000000000) 	| o_32_s=00000000 (0.000000000000000000000000) 	| o_ov_flow=1, o_un_flow=1
=> PASS: expect=0.000000000000000000000000 (00000000), dut=0.000000000000000000000000 (00000000), rounding_error=0.00000000 % (exp_error = 0.00001192 %)
[Random][ADD]i_32_a=00000000 (0.000000000000000000000000) + i_32_b=00000000 (0.000000000000000000000000) 	| o_32_s=00000000 (0.000000000000000000000000) 	| o_ov_flow=1, o_un_flow=1
=> PASS: expect=0.000000000000000000000000 (00000000), dut=0.000000000000000000000000 (00000000), rounding_error=0.00000000 % (exp_error = 0.00001192 %)
[Random][SUB]i_32_a=00000000 (0.000000000000000000000000) - i_32_b=00000000 (0.000000000000000000000000) 	| o_32_s=00000000 (0.000000000000000000000000) 	| o_ov_flow=0, o_un_flow=1
=> PASS: expect=0.000000000000000000000000 (00000000), dut=0.000000000000000000000000 (00000000), rounding_error=0.00000000 % (exp_error = 0.00001192 %)
[Random][SUB]i_32_a=00000000 (0.000000000000000000000000) - i_32_b=00000000 (0.000000000000000000000000) 	| o_32_s=00000000 (0.000000000000000000000000) 	| o_ov_flow=0, o_un_flow=1
=> PASS: expect=0.000000000000000000000000 (00000000), dut=0.000000000000000000000000 (00000000), rounding_error=0.00000000 % (exp_error = 0.00001192 %)
==========[ Read data from ROM ]==========
[Random][ADD]i_32_a=00000000 (0.000000000000000000000000) + i_32_b=00000000 (0.000000000000000000000000) 	| o_32_s=00000000 (0.000000000000000000000000) 	| o_ov_flow=1, o_un_flow=1
=> PASS: expect=0.000000000000000000000000 (00000000), dut=0.000000000000000000000000 (00000000), rounding_error=0.00000000 % (exp_error = 0.00001192 %)
[Random][ADD]i_32_a=00000000 (0.000000000000000000000000) + i_32_b=00000000 (0.000000000000000000000000) 	| o_32_s=00000000 (0.000000000000000000000000) 	| o_ov_flow=1, o_un_flow=1
=> PASS: expect=0.000000000000000000000000 (00000000), dut=0.000000000000000000000000 (00000000), rounding_error=0.00000000 % (exp_error = 0.00001192 %)
[Random][SUB]i_32_a=00000000 (0.000000000000000000000000) - i_32_b=00000000 (0.000000000000000000000000) 	| o_32_s=00000000 (0.000000000000000000000000) 	| o_ov_flow=0, o_un_flow=1
=> PASS: expect=0.000000000000000000000000 (00000000), dut=0.000000000000000000000000 (00000000), rounding_error=0.00000000 % (exp_error = 0.00001192 %)
[Random][SUB]i_32_a=00000000 (0.000000000000000000000000) - i_32_b=00000000 (0.000000000000000000000000) 	| o_32_s=00000000 (0.000000000000000000000000) 	| o_ov_flow=0, o_un_flow=1
=> PASS: expect=0.000000000000000000000000 (00000000), dut=0.000000000000000000000000 (00000000), rounding_error=0.00000000 % (exp_error = 0.00001192 %)
==========[ Read data from ROM ]==========
[Random][ADD]i_32_a=00000000 (0.000000000000000000000000) + i_32_b=00000000 (0.000000000000000000000000) 	| o_32_s=00000000 (0.000000000000000000000000) 	| o_ov_flow=1, o_un_flow=1
=> PASS: expect=0.000000000000000000000000 (00000000), dut=0.000000000000000000000000 (00000000), rounding_error=0.00000000 % (exp_error = 0.00001192 %)
[Random][ADD]i_32_a=00000000 (0.000000000000000000000000) + i_32_b=00000000 (0.000000000000000000000000) 	| o_32_s=00000000 (0.000000000000000000000000) 	| o_ov_flow=1, o_un_flow=1
=> PASS: expect=0.000000000000000000000000 (00000000), dut=0.000000000000000000000000 (00000000), rounding_error=0.00000000 % (exp_error = 0.00001192 %)
[Random][SUB]i_32_a=00000000 (0.000000000000000000000000) - i_32_b=00000000 (0.000000000000000000000000) 	| o_32_s=00000000 (0.000000000000000000000000) 	| o_ov_flow=0, o_un_flow=1
=> PASS: expect=0.000000000000000000000000 (00000000), dut=0.000000000000000000000000 (00000000), rounding_error=0.00000000 % (exp_error = 0.00001192 %)
[Random][SUB]i_32_a=00000000 (0.000000000000000000000000) - i_32_b=00000000 (0.000000000000000000000000) 	| o_32_s=00000000 (0.000000000000000000000000) 	| o_ov_flow=0, o_un_flow=1
=> PASS: expect=0.000000000000000000000000 (00000000), dut=0.000000000000000000000000 (00000000), rounding_error=0.00000000 % (exp_error = 0.00001192 %)
==========[ Read data from ROM ]==========
[Random][ADD]i_32_a=00000000 (0.000000000000000000000000) + i_32_b=00000000 (0.000000000000000000000000) 	| o_32_s=00000000 (0.000000000000000000000000) 	| o_ov_flow=1, o_un_flow=1
=> PASS: expect=0.000000000000000000000000 (00000000), dut=0.000000000000000000000000 (00000000), rounding_error=0.00000000 % (exp_error = 0.00001192 %)
[Random][ADD]i_32_a=00000000 (0.000000000000000000000000) + i_32_b=00000000 (0.000000000000000000000000) 	| o_32_s=00000000 (0.000000000000000000000000) 	| o_ov_flow=1, o_un_flow=1
=> PASS: expect=0.000000000000000000000000 (00000000), dut=0.000000000000000000000000 (00000000), rounding_error=0.00000000 % (exp_error = 0.00001192 %)
[Random][SUB]i_32_a=00000000 (0.000000000000000000000000) - i_32_b=00000000 (0.000000000000000000000000) 	| o_32_s=00000000 (0.000000000000000000000000) 	| o_ov_flow=0, o_un_flow=1
=> PASS: expect=0.000000000000000000000000 (00000000), dut=0.000000000000000000000000 (00000000), rounding_error=0.00000000 % (exp_error = 0.00001192 %)
[Random][SUB]i_32_a=00000000 (0.000000000000000000000000) - i_32_b=00000000 (0.000000000000000000000000) 	| o_32_s=00000000 (0.000000000000000000000000) 	| o_ov_flow=0, o_un_flow=1
=> PASS: expect=0.000000000000000000000000 (00000000), dut=0.000000000000000000000000 (00000000), rounding_error=0.00000000 % (exp_error = 0.00001192 %)
==========[ Read data from ROM ]==========
[Random][ADD]i_32_a=00000000 (0.000000000000000000000000) + i_32_b=00000000 (0.000000000000000000000000) 	| o_32_s=00000000 (0.000000000000000000000000) 	| o_ov_flow=1, o_un_flow=1
=> PASS: expect=0.000000000000000000000000 (00000000), dut=0.000000000000000000000000 (00000000), rounding_error=0.00000000 % (exp_error = 0.00001192 %)
[Random][ADD]i_32_a=00000000 (0.000000000000000000000000) + i_32_b=00000000 (0.000000000000000000000000) 	| o_32_s=00000000 (0.000000000000000000000000) 	| o_ov_flow=1, o_un_flow=1
=> PASS: expect=0.000000000000000000000000 (00000000), dut=0.000000000000000000000000 (00000000), rounding_error=0.00000000 % (exp_error = 0.00001192 %)
[Random][SUB]i_32_a=00000000 (0.000000000000000000000000) - i_32_b=00000000 (0.000000000000000000000000) 	| o_32_s=00000000 (0.000000000000000000000000) 	| o_ov_flow=0, o_un_flow=1
=> PASS: expect=0.000000000000000000000000 (00000000), dut=0.000000000000000000000000 (00000000), rounding_error=0.00000000 % (exp_error = 0.00001192 %)
[Random][SUB]i_32_a=00000000 (0.000000000000000000000000) - i_32_b=00000000 (0.000000000000000000000000) 	| o_32_s=00000000 (0.000000000000000000000000) 	| o_ov_flow=0, o_un_flow=1
=> PASS: expect=0.000000000000000000000000 (00000000), dut=0.000000000000000000000000 (00000000), rounding_error=0.00000000 % (exp_error = 0.00001192 %)
==========[ Read data from ROM ]==========
[Random][ADD]i_32_a=00000000 (0.000000000000000000000000) + i_32_b=00000000 (0.000000000000000000000000) 	| o_32_s=00000000 (0.000000000000000000000000) 	| o_ov_flow=1, o_un_flow=1
=> PASS: expect=0.000000000000000000000000 (00000000), dut=0.000000000000000000000000 (00000000), rounding_error=0.00000000 % (exp_error = 0.00001192 %)
[Random][ADD]i_32_a=00000000 (0.000000000000000000000000) + i_32_b=00000000 (0.000000000000000000000000) 	| o_32_s=00000000 (0.000000000000000000000000) 	| o_ov_flow=1, o_un_flow=1
=> PASS: expect=0.000000000000000000000000 (00000000), dut=0.000000000000000000000000 (00000000), rounding_error=0.00000000 % (exp_error = 0.00001192 %)
[Random][SUB]i_32_a=00000000 (0.000000000000000000000000) - i_32_b=00000000 (0.000000000000000000000000) 	| o_32_s=00000000 (0.000000000000000000000000) 	| o_ov_flow=0, o_un_flow=1
=> PASS: expect=0.000000000000000000000000 (00000000), dut=0.000000000000000000000000 (00000000), rounding_error=0.00000000 % (exp_error = 0.00001192 %)
[Random][SUB]i_32_a=00000000 (0.000000000000000000000000) - i_32_b=00000000 (0.000000000000000000000000) 	| o_32_s=00000000 (0.000000000000000000000000) 	| o_ov_flow=0, o_un_flow=1
=> PASS: expect=0.000000000000000000000000 (00000000), dut=0.000000000000000000000000 (00000000), rounding_error=0.00000000 % (exp_error = 0.00001192 %)
==========[ Read data from ROM ]==========
[Random][ADD]i_32_a=00000000 (0.000000000000000000000000) + i_32_b=00000000 (0.000000000000000000000000) 	| o_32_s=00000000 (0.000000000000000000000000) 	| o_ov_flow=1, o_un_flow=1
=> PASS: expect=0.000000000000000000000000 (00000000), dut=0.000000000000000000000000 (00000000), rounding_error=0.00000000 % (exp_error = 0.00001192 %)
[Random][ADD]i_32_a=00000000 (0.000000000000000000000000) + i_32_b=00000000 (0.000000000000000000000000) 	| o_32_s=00000000 (0.000000000000000000000000) 	| o_ov_flow=1, o_un_flow=1
=> PASS: expect=0.000000000000000000000000 (00000000), dut=0.000000000000000000000000 (00000000), rounding_error=0.00000000 % (exp_error = 0.00001192 %)
[Random][SUB]i_32_a=00000000 (0.000000000000000000000000) - i_32_b=00000000 (0.000000000000000000000000) 	| o_32_s=00000000 (0.000000000000000000000000) 	| o_ov_flow=0, o_un_flow=1
=> PASS: expect=0.000000000000000000000000 (00000000), dut=0.000000000000000000000000 (00000000), rounding_error=0.00000000 % (exp_error = 0.00001192 %)
[Random][SUB]i_32_a=00000000 (0.000000000000000000000000) - i_32_b=00000000 (0.000000000000000000000000) 	| o_32_s=00000000 (0.000000000000000000000000) 	| o_ov_flow=0, o_un_flow=1
=> PASS: expect=0.000000000000000000000000 (00000000), dut=0.000000000000000000000000 (00000000), rounding_error=0.00000000 % (exp_error = 0.00001192 %)
==========[ Read data from ROM ]==========
[Random][ADD]i_32_a=00000000 (0.000000000000000000000000) + i_32_b=00000000 (0.000000000000000000000000) 	| o_32_s=00000000 (0.000000000000000000000000) 	| o_ov_flow=1, o_un_flow=1
=> PASS: expect=0.000000000000000000000000 (00000000), dut=0.000000000000000000000000 (00000000), rounding_error=0.00000000 % (exp_error = 0.00001192 %)
[Random][ADD]i_32_a=00000000 (0.000000000000000000000000) + i_32_b=00000000 (0.000000000000000000000000) 	| o_32_s=00000000 (0.000000000000000000000000) 	| o_ov_flow=1, o_un_flow=1
=> PASS: expect=0.000000000000000000000000 (00000000), dut=0.000000000000000000000000 (00000000), rounding_error=0.00000000 % (exp_error = 0.00001192 %)
[Random][SUB]i_32_a=00000000 (0.000000000000000000000000) - i_32_b=00000000 (0.000000000000000000000000) 	| o_32_s=00000000 (0.000000000000000000000000) 	| o_ov_flow=0, o_un_flow=1
=> PASS: expect=0.000000000000000000000000 (00000000), dut=0.000000000000000000000000 (00000000), rounding_error=0.00000000 % (exp_error = 0.00001192 %)
[Random][SUB]i_32_a=00000000 (0.000000000000000000000000) - i_32_b=00000000 (0.000000000000000000000000) 	| o_32_s=00000000 (0.000000000000000000000000) 	| o_ov_flow=0, o_un_flow=1
=> PASS: expect=0.000000000000000000000000 (00000000), dut=0.000000000000000000000000 (00000000), rounding_error=0.00000000 % (exp_error = 0.00001192 %)
==========[ Read data from ROM ]==========
[Random][ADD]i_32_a=00000000 (0.000000000000000000000000) + i_32_b=00000000 (0.000000000000000000000000) 	| o_32_s=00000000 (0.000000000000000000000000) 	| o_ov_flow=1, o_un_flow=1
=> PASS: expect=0.000000000000000000000000 (00000000), dut=0.000000000000000000000000 (00000000), rounding_error=0.00000000 % (exp_error = 0.00001192 %)
[Random][ADD]i_32_a=00000000 (0.000000000000000000000000) + i_32_b=00000000 (0.000000000000000000000000) 	| o_32_s=00000000 (0.000000000000000000000000) 	| o_ov_flow=1, o_un_flow=1
=> PASS: expect=0.000000000000000000000000 (00000000), dut=0.000000000000000000000000 (00000000), rounding_error=0.00000000 % (exp_error = 0.00001192 %)
[Random][SUB]i_32_a=00000000 (0.000000000000000000000000) - i_32_b=00000000 (0.000000000000000000000000) 	| o_32_s=00000000 (0.000000000000000000000000) 	| o_ov_flow=0, o_un_flow=1
=> PASS: expect=0.000000000000000000000000 (00000000), dut=0.000000000000000000000000 (00000000), rounding_error=0.00000000 % (exp_error = 0.00001192 %)
[Random][SUB]i_32_a=00000000 (0.000000000000000000000000) - i_32_b=00000000 (0.000000000000000000000000) 	| o_32_s=00000000 (0.000000000000000000000000) 	| o_ov_flow=0, o_un_flow=1
=> PASS: expect=0.000000000000000000000000 (00000000), dut=0.000000000000000000000000 (00000000), rounding_error=0.00000000 % (exp_error = 0.00001192 %)
==========[ Read data from ROM ]==========
[Random][ADD]i_32_a=00000000 (0.000000000000000000000000) + i_32_b=00000000 (0.000000000000000000000000) 	| o_32_s=00000000 (0.000000000000000000000000) 	| o_ov_flow=1, o_un_flow=1
=> PASS: expect=0.000000000000000000000000 (00000000), dut=0.000000000000000000000000 (00000000), rounding_error=0.00000000 % (exp_error = 0.00001192 %)
[Random][ADD]i_32_a=00000000 (0.000000000000000000000000) + i_32_b=00000000 (0.000000000000000000000000) 	| o_32_s=00000000 (0.000000000000000000000000) 	| o_ov_flow=1, o_un_flow=1
=> PASS: expect=0.000000000000000000000000 (00000000), dut=0.000000000000000000000000 (00000000), rounding_error=0.00000000 % (exp_error = 0.00001192 %)
[Random][SUB]i_32_a=00000000 (0.000000000000000000000000) - i_32_b=00000000 (0.000000000000000000000000) 	| o_32_s=00000000 (0.000000000000000000000000) 	| o_ov_flow=0, o_un_flow=1
=> PASS: expect=0.000000000000000000000000 (00000000), dut=0.000000000000000000000000 (00000000), rounding_error=0.00000000 % (exp_error = 0.00001192 %)
[Random][SUB]i_32_a=00000000 (0.000000000000000000000000) - i_32_b=00000000 (0.000000000000000000000000) 	| o_32_s=00000000 (0.000000000000000000000000) 	| o_ov_flow=0, o_un_flow=1
=> PASS: expect=0.000000000000000000000000 (00000000), dut=0.000000000000000000000000 (00000000), rounding_error=0.00000000 % (exp_error = 0.00001192 %)
==========[ Read data from ROM ]==========
[Random][ADD]i_32_a=00000000 (0.000000000000000000000000) + i_32_b=00000000 (0.000000000000000000000000) 	| o_32_s=00000000 (0.000000000000000000000000) 	| o_ov_flow=1, o_un_flow=1
=> PASS: expect=0.000000000000000000000000 (00000000), dut=0.000000000000000000000000 (00000000), rounding_error=0.00000000 % (exp_error = 0.00001192 %)
[Random][ADD]i_32_a=00000000 (0.000000000000000000000000) + i_32_b=00000000 (0.000000000000000000000000) 	| o_32_s=00000000 (0.000000000000000000000000) 	| o_ov_flow=1, o_un_flow=1
=> PASS: expect=0.000000000000000000000000 (00000000), dut=0.000000000000000000000000 (00000000), rounding_error=0.00000000 % (exp_error = 0.00001192 %)
[Random][SUB]i_32_a=00000000 (0.000000000000000000000000) - i_32_b=00000000 (0.000000000000000000000000) 	| o_32_s=00000000 (0.000000000000000000000000) 	| o_ov_flow=0, o_un_flow=1
=> PASS: expect=0.000000000000000000000000 (00000000), dut=0.000000000000000000000000 (00000000), rounding_error=0.00000000 % (exp_error = 0.00001192 %)
[Random][SUB]i_32_a=00000000 (0.000000000000000000000000) - i_32_b=00000000 (0.000000000000000000000000) 	| o_32_s=00000000 (0.000000000000000000000000) 	| o_ov_flow=0, o_un_flow=1
=> PASS: expect=0.000000000000000000000000 (00000000), dut=0.000000000000000000000000 (00000000), rounding_error=0.00000000 % (exp_error = 0.00001192 %)
==========[ Read data from ROM ]==========
[Random][ADD]i_32_a=00000000 (0.000000000000000000000000) + i_32_b=00000000 (0.000000000000000000000000) 	| o_32_s=00000000 (0.000000000000000000000000) 	| o_ov_flow=1, o_un_flow=1
=> PASS: expect=0.000000000000000000000000 (00000000), dut=0.000000000000000000000000 (00000000), rounding_error=0.00000000 % (exp_error = 0.00001192 %)
[Random][ADD]i_32_a=00000000 (0.000000000000000000000000) + i_32_b=00000000 (0.000000000000000000000000) 	| o_32_s=00000000 (0.000000000000000000000000) 	| o_ov_flow=1, o_un_flow=1
=> PASS: expect=0.000000000000000000000000 (00000000), dut=0.000000000000000000000000 (00000000), rounding_error=0.00000000 % (exp_error = 0.00001192 %)
[Random][SUB]i_32_a=00000000 (0.000000000000000000000000) - i_32_b=00000000 (0.000000000000000000000000) 	| o_32_s=00000000 (0.000000000000000000000000) 	| o_ov_flow=0, o_un_flow=1
=> PASS: expect=0.000000000000000000000000 (00000000), dut=0.000000000000000000000000 (00000000), rounding_error=0.00000000 % (exp_error = 0.00001192 %)
[Random][SUB]i_32_a=00000000 (0.000000000000000000000000) - i_32_b=00000000 (0.000000000000000000000000) 	| o_32_s=00000000 (0.000000000000000000000000) 	| o_ov_flow=0, o_un_flow=1
=> PASS: expect=0.000000000000000000000000 (00000000), dut=0.000000000000000000000000 (00000000), rounding_error=0.00000000 % (exp_error = 0.00001192 %)

==================================
========== TEST SUMMARY ==========
Total test cases:    504
Passed          :    421
Failed          :     83
Pass rate       : 83.53%
==================================

- ../TopModule/tb_FPU_unit.sv:268: Verilog $finish
