# vsim -lib ./../TopModule/QuestaSim/work -debugDB -l ./../TopModule/QuestaSim/tb_FPU_unit.log -voptargs="+acc" -assertdebug -c tb_FPU_unit -wlf ./../TopModule/QuestaSim/tb_FPU_unit.wlf -do "cd ./../TopModule/QuestaSim; log -r /*; run -all;" 
# Start time: 20:55:23 on Nov 17,2025
# ** Note: (vsim-3813) Design is being optimized due to module recompilation...
# ** Note: (vsim-8611) Generating debug db.
# ** Warning: (vopt-10908) Some optimizations are turned off because the +acc switch is in effect.
# ** Note: (vsim-12126) Error and warning message counts have been restored: Errors=0, Warnings=1.
# //  Questa Intel Starter FPGA Edition-64
# //  Version 2024.3 linux_x86_64 Sep 10 2024
# //
# // Unpublished work. Copyright 2024 Siemens
# //
# // This material contains trade secrets or otherwise confidential information
# // owned by Siemens Industry Software Inc. or its affiliates (collectively,
# // "SISW"), or its licensors. Access to and use of this information is strictly
# // limited as set forth in the Customer's applicable agreements with SISW.
# //
# // This material may not be copied, distributed, or otherwise disclosed outside
# // of the Customer's facilities without the express written permission of SISW,
# // and may not be used in any way not expressly authorized by SISW.
# //
# Loading sv_std.std
# Loading work.tb_FPU_unit(fast)
# Loading work.FPU_unit(fast)
# Loading work.EXP_swap(fast)
# Loading work.COMP_8bit(fast)
# Loading work.COMP_4bit(fast)
# Loading work.EXP_sub(fast)
# Loading work.CLA_8bit(fast)
# Loading work.CLA_4bit(fast)
# Loading work.MAN_swap(fast)
# Loading work.SHF_right_28bit(fast)
# Loading work.COMP_28bit(fast)
# Loading work.MAN_swap(fast__1)
# Loading work.SIGN_unit(fast)
# Loading work.MAN_ALU(fast)
# Loading work.CLA_28bit(fast)
# Loading work.LOPD_24bit(fast)
# Loading work.LOPD_16bit(fast)
# Loading work.LOPD_8bit(fast)
# Loading work.EXP_adjust(fast)
# Loading work.NORMALIZATION_unit(fast)
# Loading work.SHF_left_28bit(fast)
# Loading work.ROUNDING_unit(fast)
# Loading work.RND_add(fast)
# Loading work.EXP_rounding(fast)
# Loading work.PSC_unit(fast)
# Loading work.Mux_4_to_1(fast)
# Loading work.single_port_rom(fast)
# Loading work.single_port_rom(fast__1)
# ** Note: (vsim-8900) Creating design debug database ./../TopModule/QuestaSim/tb_FPU_unit.dbg.
# cd ./../TopModule/QuestaSim
# Cannot change directory while a simulation is in progress.
# Use the "quit -sim" command to unload the design first.
#  log -r /*
#  run -all
# ==========[ (0.0 & 0.0) ]==========
# [ZERO][ADD]i_32_a=00000000 (0.000000000000000000000000) + i_32_b=00000000 (0.000000000000000000000000) 	| o_32_s=00000000 (0.000000000000000000000000) 	| o_ov_flow=1, o_un_flow=1
# => PASS: expect=0.000000000000000000000000 (00000000), dut=0.000000000000000000000000 (00000000), rounding_error=0.00000000 % (exp_error = 0.00001192 %)
# [ZERO][ADD]i_32_a=00000000 (0.000000000000000000000000) + i_32_b=00000000 (0.000000000000000000000000) 	| o_32_s=00000000 (0.000000000000000000000000) 	| o_ov_flow=1, o_un_flow=1
# => PASS: expect=0.000000000000000000000000 (00000000), dut=0.000000000000000000000000 (00000000), rounding_error=0.00000000 % (exp_error = 0.00001192 %)
# [ZERO][SUB]i_32_a=00000000 (0.000000000000000000000000) - i_32_b=00000000 (0.000000000000000000000000) 	| o_32_s=00000000 (0.000000000000000000000000) 	| o_ov_flow=0, o_un_flow=1
# => PASS: expect=0.000000000000000000000000 (00000000), dut=0.000000000000000000000000 (00000000), rounding_error=0.00000000 % (exp_error = 0.00001192 %)
# [ZERO][SUB]i_32_a=00000000 (0.000000000000000000000000) - i_32_b=00000000 (0.000000000000000000000000) 	| o_32_s=00000000 (0.000000000000000000000000) 	| o_ov_flow=0, o_un_flow=1
# => PASS: expect=0.000000000000000000000000 (00000000), dut=0.000000000000000000000000 (00000000), rounding_error=0.00000000 % (exp_error = 0.00001192 %)
# ==========[ (0.0 & -0.0) ]==========
# [ZERO][ADD]i_32_a=00000000 (0.000000000000000000000000) + i_32_b=80000000 (-0.000000000000000000000000) 	| o_32_s=00000000 (0.000000000000000000000000) 	| o_ov_flow=0, o_un_flow=1
# => PASS: expect=0.000000000000000000000000 (00000000), dut=0.000000000000000000000000 (00000000), rounding_error=0.00000000 % (exp_error = 0.00001192 %)
# [ZERO][ADD]i_32_a=80000000 (-0.000000000000000000000000) + i_32_b=00000000 (0.000000000000000000000000) 	| o_32_s=80000000 (-0.000000000000000000000000) 	| o_ov_flow=0, o_un_flow=1
# => PASS: expect=0.000000000000000000000000 (00000000), dut=-0.000000000000000000000000 (00000000), rounding_error=0.00000000 % (exp_error = 0.00001192 %)
# [ZERO][SUB]i_32_a=00000000 (0.000000000000000000000000) - i_32_b=80000000 (-0.000000000000000000000000) 	| o_32_s=00000000 (0.000000000000000000000000) 	| o_ov_flow=1, o_un_flow=1
# => PASS: expect=0.000000000000000000000000 (00000000), dut=0.000000000000000000000000 (00000000), rounding_error=0.00000000 % (exp_error = 0.00001192 %)
# [ZERO][SUB]i_32_a=80000000 (-0.000000000000000000000000) - i_32_b=00000000 (0.000000000000000000000000) 	| o_32_s=80000000 (-0.000000000000000000000000) 	| o_ov_flow=1, o_un_flow=1
# => PASS: expect=-0.000000000000000000000000 (80000000), dut=-0.000000000000000000000000 (80000000), rounding_error=0.00000000 % (exp_error = 0.00001192 %)
# ==========[ (0.0 & -0.0) ]==========
# [ZERO][ADD]i_32_a=4016a197 (2.353612661361694335937500) + i_32_b=4016a197 (2.353612661361694335937500) 	| o_32_s=4096a197 (4.707225322723388671875000) 	| o_ov_flow=1, o_un_flow=1
# => PASS: expect=4.707225322723388671875000 (4096a197), dut=4.707225322723388671875000 (4096a197), rounding_error=0.00000000 % (exp_error = 0.00001192 %)
# [ZERO][ADD]i_32_a=4016a197 (2.353612661361694335937500) + i_32_b=4016a197 (2.353612661361694335937500) 	| o_32_s=4096a197 (4.707225322723388671875000) 	| o_ov_flow=1, o_un_flow=1
# => PASS: expect=4.707225322723388671875000 (4096a197), dut=4.707225322723388671875000 (4096a197), rounding_error=0.00000000 % (exp_error = 0.00001192 %)
# [ZERO][SUB]i_32_a=4016a197 (2.353612661361694335937500) - i_32_b=4016a197 (2.353612661361694335937500) 	| o_32_s=00000000 (0.000000000000000000000000) 	| o_ov_flow=0, o_un_flow=1
# => PASS: expect=0.000000000000000000000000 (00000000), dut=0.000000000000000000000000 (00000000), rounding_error=0.00000000 % (exp_error = 0.00001192 %)
# [ZERO][SUB]i_32_a=4016a197 (2.353612661361694335937500) - i_32_b=4016a197 (2.353612661361694335937500) 	| o_32_s=00000000 (0.000000000000000000000000) 	| o_ov_flow=0, o_un_flow=1
# => PASS: expect=0.000000000000000000000000 (00000000), dut=0.000000000000000000000000 (00000000), rounding_error=0.00000000 % (exp_error = 0.00001192 %)
# ==========[ (0.0 & -0.0) ]==========
# [ZERO][ADD]i_32_a=40aed834 (5.463891983032226562500000) + i_32_b=40aed834 (5.463891983032226562500000) 	| o_32_s=412ed834 (10.927783966064453125000000) 	| o_ov_flow=1, o_un_flow=1
# => PASS: expect=10.927783966064453125000000 (412ed834), dut=10.927783966064453125000000 (412ed834), rounding_error=0.00000000 % (exp_error = 0.00001192 %)
# [ZERO][ADD]i_32_a=40aed834 (5.463891983032226562500000) + i_32_b=40aed834 (5.463891983032226562500000) 	| o_32_s=412ed834 (10.927783966064453125000000) 	| o_ov_flow=1, o_un_flow=1
# => PASS: expect=10.927783966064453125000000 (412ed834), dut=10.927783966064453125000000 (412ed834), rounding_error=0.00000000 % (exp_error = 0.00001192 %)
# [ZERO][SUB]i_32_a=40aed834 (5.463891983032226562500000) - i_32_b=40aed834 (5.463891983032226562500000) 	| o_32_s=00000000 (0.000000000000000000000000) 	| o_ov_flow=0, o_un_flow=1
# => PASS: expect=0.000000000000000000000000 (00000000), dut=0.000000000000000000000000 (00000000), rounding_error=0.00000000 % (exp_error = 0.00001192 %)
# [ZERO][SUB]i_32_a=40aed834 (5.463891983032226562500000) - i_32_b=40aed834 (5.463891983032226562500000) 	| o_32_s=00000000 (0.000000000000000000000000) 	| o_ov_flow=0, o_un_flow=1
# => PASS: expect=0.000000000000000000000000 (00000000), dut=0.000000000000000000000000 (00000000), rounding_error=0.00000000 % (exp_error = 0.00001192 %)
# ==========[ (inf & inf) ]==========
# [INF][ADD]i_32_a=7f800000 (inf) + i_32_b=7f800000 (inf) 	| o_32_s=7f800000 (inf) 	| o_ov_flow=1, o_un_flow=1
# => PASS: expect=inf (7f800000), dut=inf (7f800000), rounding_error=0.00000000 % (exp_error = 0.00001192 %)
# [INF][ADD]i_32_a=7f800000 (inf) + i_32_b=7f800000 (inf) 	| o_32_s=7f800000 (inf) 	| o_ov_flow=1, o_un_flow=1
# => PASS: expect=inf (7f800000), dut=inf (7f800000), rounding_error=0.00000000 % (exp_error = 0.00001192 %)
# [INF][SUB]i_32_a=7f800000 (inf) - i_32_b=7f800000 (inf) 	| o_32_s=7f800001 (nan) 	| o_ov_flow=0, o_un_flow=1
# => PASS: expect=-nan (ffc00000), dut=nan (ffc00000), rounding_error=0.00000000 % (exp_error = 0.00001192 %)
# [INF][SUB]i_32_a=7f800000 (inf) - i_32_b=7f800000 (inf) 	| o_32_s=7f800001 (nan) 	| o_ov_flow=0, o_un_flow=1
# => PASS: expect=-nan (ffc00000), dut=nan (ffc00000), rounding_error=0.00000000 % (exp_error = 0.00001192 %)
# ==========[ (-inf & -inf) ]==========
# [INF][ADD]i_32_a=ff800000 (-inf) + i_32_b=ff800000 (-inf) 	| o_32_s=ff800000 (-inf) 	| o_ov_flow=1, o_un_flow=1
# => PASS: expect=-inf (ff800000), dut=-inf (ff800000), rounding_error=0.00000000 % (exp_error = 0.00001192 %)
# [INF][ADD]i_32_a=ff800000 (-inf) + i_32_b=ff800000 (-inf) 	| o_32_s=ff800000 (-inf) 	| o_ov_flow=1, o_un_flow=1
# => PASS: expect=-inf (ff800000), dut=-inf (ff800000), rounding_error=0.00000000 % (exp_error = 0.00001192 %)
# [INF][SUB]i_32_a=ff800000 (-inf) - i_32_b=ff800000 (-inf) 	| o_32_s=ff800001 (-nan) 	| o_ov_flow=0, o_un_flow=1
# => PASS: expect=-nan (ffc00000), dut=-nan (ffc00000), rounding_error=0.00000000 % (exp_error = 0.00001192 %)
# [INF][SUB]i_32_a=ff800000 (-inf) - i_32_b=ff800000 (-inf) 	| o_32_s=ff800001 (-nan) 	| o_ov_flow=0, o_un_flow=1
# => PASS: expect=-nan (ffc00000), dut=-nan (ffc00000), rounding_error=0.00000000 % (exp_error = 0.00001192 %)
# ==========[ (inf & -inf) ]==========
# [INF][ADD]i_32_a=ff800000 (-inf) + i_32_b=7f800000 (inf) 	| o_32_s=ff800000 (-inf) 	| o_ov_flow=0, o_un_flow=1
# => PASS: expect=-nan (ffc00000), dut=-inf (ffc00000), rounding_error=0.00000000 % (exp_error = 0.00001192 %)
# [INF][ADD]i_32_a=7f800000 (inf) + i_32_b=ff800000 (-inf) 	| o_32_s=7f800001 (nan) 	| o_ov_flow=0, o_un_flow=1
# => PASS: expect=-nan (ffc00000), dut=nan (ffc00000), rounding_error=0.00000000 % (exp_error = 0.00001192 %)
# [INF][SUB]i_32_a=ff800000 (-inf) - i_32_b=7f800000 (inf) 	| o_32_s=ff800000 (-inf) 	| o_ov_flow=1, o_un_flow=1
# => PASS: expect=-inf (ff800000), dut=-inf (ff800000), rounding_error=0.00000000 % (exp_error = 0.00001192 %)
# [INF][SUB]i_32_a=7f800000 (inf) - i_32_b=ff800000 (-inf) 	| o_32_s=7f800000 (inf) 	| o_ov_flow=1, o_un_flow=1
# => PASS: expect=inf (7f800000), dut=inf (7f800000), rounding_error=0.00000000 % (exp_error = 0.00001192 %)
# ==========[ (inf & 0) ]==========
# [INF][ADD]i_32_a=7f800000 (inf) + i_32_b=00000000 (0.000000000000000000000000) 	| o_32_s=7f800000 (inf) 	| o_ov_flow=0, o_un_flow=0
# => PASS: expect=inf (7f800000), dut=inf (7f800000), rounding_error=0.00000000 % (exp_error = 0.00001192 %)
# [INF][ADD]i_32_a=00000000 (0.000000000000000000000000) + i_32_b=7f800000 (inf) 	| o_32_s=7f800000 (inf) 	| o_ov_flow=0, o_un_flow=0
# => PASS: expect=inf (7f800000), dut=inf (7f800000), rounding_error=0.00000000 % (exp_error = 0.00001192 %)
# [INF][SUB]i_32_a=7f800000 (inf) - i_32_b=00000000 (0.000000000000000000000000) 	| o_32_s=7f800000 (inf) 	| o_ov_flow=0, o_un_flow=0
# => PASS: expect=inf (7f800000), dut=inf (7f800000), rounding_error=0.00000000 % (exp_error = 0.00001192 %)
# [INF][SUB]i_32_a=00000000 (0.000000000000000000000000) - i_32_b=7f800000 (inf) 	| o_32_s=ff800000 (-inf) 	| o_ov_flow=0, o_un_flow=0
# => PASS: expect=-inf (ff800000), dut=-inf (ff800000), rounding_error=0.00000000 % (exp_error = 0.00001192 %)
# ==========[ (-inf & 0) ]==========
# [INF][ADD]i_32_a=ff800000 (-inf) + i_32_b=00000000 (0.000000000000000000000000) 	| o_32_s=ff800000 (-inf) 	| o_ov_flow=0, o_un_flow=0
# => PASS: expect=-inf (ff800000), dut=-inf (ff800000), rounding_error=0.00000000 % (exp_error = 0.00001192 %)
# [INF][ADD]i_32_a=00000000 (0.000000000000000000000000) + i_32_b=ff800000 (-inf) 	| o_32_s=ff800000 (-inf) 	| o_ov_flow=0, o_un_flow=0
# => PASS: expect=-inf (ff800000), dut=-inf (ff800000), rounding_error=0.00000000 % (exp_error = 0.00001192 %)
# [INF][SUB]i_32_a=ff800000 (-inf) - i_32_b=00000000 (0.000000000000000000000000) 	| o_32_s=ff800000 (-inf) 	| o_ov_flow=0, o_un_flow=0
# => PASS: expect=-inf (ff800000), dut=-inf (ff800000), rounding_error=0.00000000 % (exp_error = 0.00001192 %)
# [INF][SUB]i_32_a=00000000 (0.000000000000000000000000) - i_32_b=ff800000 (-inf) 	| o_32_s=7f800000 (inf) 	| o_ov_flow=0, o_un_flow=0
# => PASS: expect=inf (7f800000), dut=inf (7f800000), rounding_error=0.00000000 % (exp_error = 0.00001192 %)
# ==========[ (inf & Number) ]==========
# [INF][ADD]i_32_a=7f800000 (inf) + i_32_b=40533333 (3.299999952316284179687500) 	| o_32_s=7f800000 (inf) 	| o_ov_flow=0, o_un_flow=0
# => PASS: expect=inf (7f800000), dut=inf (7f800000), rounding_error=0.00000000 % (exp_error = 0.00001192 %)
# [INF][ADD]i_32_a=40533333 (3.299999952316284179687500) + i_32_b=7f800000 (inf) 	| o_32_s=7f800000 (inf) 	| o_ov_flow=0, o_un_flow=0
# => PASS: expect=inf (7f800000), dut=inf (7f800000), rounding_error=0.00000000 % (exp_error = 0.00001192 %)
# [INF][SUB]i_32_a=7f800000 (inf) - i_32_b=40533333 (3.299999952316284179687500) 	| o_32_s=7f800000 (inf) 	| o_ov_flow=0, o_un_flow=0
# => PASS: expect=inf (7f800000), dut=inf (7f800000), rounding_error=0.00000000 % (exp_error = 0.00001192 %)
# [INF][SUB]i_32_a=40533333 (3.299999952316284179687500) - i_32_b=7f800000 (inf) 	| o_32_s=ff800000 (-inf) 	| o_ov_flow=0, o_un_flow=0
# => PASS: expect=-inf (ff800000), dut=-inf (ff800000), rounding_error=0.00000000 % (exp_error = 0.00001192 %)
# ==========[ (-inf & Number) ]==========
# [INF][ADD]i_32_a=ff800000 (-inf) + i_32_b=40533333 (3.299999952316284179687500) 	| o_32_s=ff800000 (-inf) 	| o_ov_flow=0, o_un_flow=0
# => PASS: expect=-inf (ff800000), dut=-inf (ff800000), rounding_error=0.00000000 % (exp_error = 0.00001192 %)
# [INF][ADD]i_32_a=40533333 (3.299999952316284179687500) + i_32_b=ff800000 (-inf) 	| o_32_s=ff800000 (-inf) 	| o_ov_flow=0, o_un_flow=0
# => PASS: expect=-inf (ff800000), dut=-inf (ff800000), rounding_error=0.00000000 % (exp_error = 0.00001192 %)
# [INF][SUB]i_32_a=ff800000 (-inf) - i_32_b=40533333 (3.299999952316284179687500) 	| o_32_s=ff800000 (-inf) 	| o_ov_flow=0, o_un_flow=0
# => PASS: expect=-inf (ff800000), dut=-inf (ff800000), rounding_error=0.00000000 % (exp_error = 0.00001192 %)
# [INF][SUB]i_32_a=40533333 (3.299999952316284179687500) - i_32_b=ff800000 (-inf) 	| o_32_s=7f800000 (inf) 	| o_ov_flow=0, o_un_flow=0
# => PASS: expect=inf (7f800000), dut=inf (7f800000), rounding_error=0.00000000 % (exp_error = 0.00001192 %)
# ==========[ (inf & -Number) ]==========
# [INF][ADD]i_32_a=7f800000 (inf) + i_32_b=c00ccccd (-2.200000047683715820312500) 	| o_32_s=7f800000 (inf) 	| o_ov_flow=0, o_un_flow=0
# => PASS: expect=inf (7f800000), dut=inf (7f800000), rounding_error=0.00000000 % (exp_error = 0.00001192 %)
# [INF][ADD]i_32_a=c00ccccd (-2.200000047683715820312500) + i_32_b=7f800000 (inf) 	| o_32_s=7f800000 (inf) 	| o_ov_flow=0, o_un_flow=0
# => PASS: expect=inf (7f800000), dut=inf (7f800000), rounding_error=0.00000000 % (exp_error = 0.00001192 %)
# [INF][SUB]i_32_a=7f800000 (inf) - i_32_b=c00ccccd (-2.200000047683715820312500) 	| o_32_s=7f800000 (inf) 	| o_ov_flow=0, o_un_flow=0
# => PASS: expect=inf (7f800000), dut=inf (7f800000), rounding_error=0.00000000 % (exp_error = 0.00001192 %)
# [INF][SUB]i_32_a=c00ccccd (-2.200000047683715820312500) - i_32_b=7f800000 (inf) 	| o_32_s=ff800000 (-inf) 	| o_ov_flow=0, o_un_flow=0
# => PASS: expect=-inf (ff800000), dut=-inf (ff800000), rounding_error=0.00000000 % (exp_error = 0.00001192 %)
# ==========[ (-inf & -Number) ]==========
# [INF][ADD]i_32_a=ff800000 (-inf) + i_32_b=c00ccccd (-2.200000047683715820312500) 	| o_32_s=ff800000 (-inf) 	| o_ov_flow=0, o_un_flow=0
# => PASS: expect=-inf (ff800000), dut=-inf (ff800000), rounding_error=0.00000000 % (exp_error = 0.00001192 %)
# [INF][ADD]i_32_a=c00ccccd (-2.200000047683715820312500) + i_32_b=ff800000 (-inf) 	| o_32_s=ff800000 (-inf) 	| o_ov_flow=0, o_un_flow=0
# => PASS: expect=-inf (ff800000), dut=-inf (ff800000), rounding_error=0.00000000 % (exp_error = 0.00001192 %)
# [INF][SUB]i_32_a=ff800000 (-inf) - i_32_b=c00ccccd (-2.200000047683715820312500) 	| o_32_s=ff800000 (-inf) 	| o_ov_flow=0, o_un_flow=0
# => PASS: expect=-inf (ff800000), dut=-inf (ff800000), rounding_error=0.00000000 % (exp_error = 0.00001192 %)
# [INF][SUB]i_32_a=c00ccccd (-2.200000047683715820312500) - i_32_b=ff800000 (-inf) 	| o_32_s=7f800000 (inf) 	| o_ov_flow=0, o_un_flow=0
# => PASS: expect=inf (7f800000), dut=inf (7f800000), rounding_error=0.00000000 % (exp_error = 0.00001192 %)
# ==========[ (NaN & -Number) ]==========
# [NaN][ADD]i_32_a=7f800001 (nan) + i_32_b=c00ccccd (-2.200000047683715820312500) 	| o_32_s=7f800001 (nan) 	| o_ov_flow=0, o_un_flow=0
# => PASS: expect=nan (7fc00001), dut=nan (7fc00001), rounding_error=0.00000000 % (exp_error = 0.00001192 %)
# [NaN][ADD]i_32_a=c00ccccd (-2.200000047683715820312500) + i_32_b=7f800001 (nan) 	| o_32_s=7f800001 (nan) 	| o_ov_flow=0, o_un_flow=0
# => PASS: expect=nan (7fc00001), dut=nan (7fc00001), rounding_error=0.00000000 % (exp_error = 0.00001192 %)
# [NaN][SUB]i_32_a=7f800001 (nan) - i_32_b=c00ccccd (-2.200000047683715820312500) 	| o_32_s=7f800001 (nan) 	| o_ov_flow=0, o_un_flow=0
# => PASS: expect=nan (7fc00001), dut=nan (7fc00001), rounding_error=0.00000000 % (exp_error = 0.00001192 %)
# [NaN][SUB]i_32_a=c00ccccd (-2.200000047683715820312500) - i_32_b=7f800001 (nan) 	| o_32_s=ff800001 (-nan) 	| o_ov_flow=0, o_un_flow=0
# => PASS: expect=nan (7fc00001), dut=-nan (7fc00001), rounding_error=0.00000000 % (exp_error = 0.00001192 %)
# ==========[ (-NaN & -Number) ]==========
# [NaN][ADD]i_32_a=ff800001 (-nan) + i_32_b=c00ccccd (-2.200000047683715820312500) 	| o_32_s=ff800001 (-nan) 	| o_ov_flow=0, o_un_flow=0
# => PASS: expect=-nan (ffc00001), dut=-nan (ffc00001), rounding_error=0.00000000 % (exp_error = 0.00001192 %)
# [NaN][ADD]i_32_a=c00ccccd (-2.200000047683715820312500) + i_32_b=ff800001 (-nan) 	| o_32_s=ff800001 (-nan) 	| o_ov_flow=0, o_un_flow=0
# => PASS: expect=-nan (ffc00001), dut=-nan (ffc00001), rounding_error=0.00000000 % (exp_error = 0.00001192 %)
# [NaN][SUB]i_32_a=ff800001 (-nan) - i_32_b=c00ccccd (-2.200000047683715820312500) 	| o_32_s=ff800001 (-nan) 	| o_ov_flow=0, o_un_flow=0
# => PASS: expect=-nan (ffc00001), dut=-nan (ffc00001), rounding_error=0.00000000 % (exp_error = 0.00001192 %)
# [NaN][SUB]i_32_a=c00ccccd (-2.200000047683715820312500) - i_32_b=ff800001 (-nan) 	| o_32_s=7f800001 (nan) 	| o_ov_flow=0, o_un_flow=0
# => PASS: expect=-nan (ffc00001), dut=nan (ffc00001), rounding_error=0.00000000 % (exp_error = 0.00001192 %)
# ==========[ (NaN &  Number) ]==========
# [NaN][ADD]i_32_a=ff800001 (-nan) + i_32_b=40533333 (3.299999952316284179687500) 	| o_32_s=ff800001 (-nan) 	| o_ov_flow=0, o_un_flow=0
# => PASS: expect=-nan (ffc00001), dut=-nan (ffc00001), rounding_error=0.00000000 % (exp_error = 0.00001192 %)
# [NaN][ADD]i_32_a=40533333 (3.299999952316284179687500) + i_32_b=ff800001 (-nan) 	| o_32_s=ff800001 (-nan) 	| o_ov_flow=0, o_un_flow=0
# => PASS: expect=-nan (ffc00001), dut=-nan (ffc00001), rounding_error=0.00000000 % (exp_error = 0.00001192 %)
# [NaN][SUB]i_32_a=ff800001 (-nan) - i_32_b=40533333 (3.299999952316284179687500) 	| o_32_s=ff800001 (-nan) 	| o_ov_flow=0, o_un_flow=0
# => PASS: expect=-nan (ffc00001), dut=-nan (ffc00001), rounding_error=0.00000000 % (exp_error = 0.00001192 %)
# [NaN][SUB]i_32_a=40533333 (3.299999952316284179687500) - i_32_b=ff800001 (-nan) 	| o_32_s=7f800001 (nan) 	| o_ov_flow=0, o_un_flow=0
# => PASS: expect=-nan (ffc00001), dut=nan (ffc00001), rounding_error=0.00000000 % (exp_error = 0.00001192 %)
# ==========[ (-NaN &  Number) ]==========
# [NaN][ADD]i_32_a=7f800001 (nan) + i_32_b=40533333 (3.299999952316284179687500) 	| o_32_s=7f800001 (nan) 	| o_ov_flow=0, o_un_flow=0
# => PASS: expect=nan (7fc00001), dut=nan (7fc00001), rounding_error=0.00000000 % (exp_error = 0.00001192 %)
# [NaN][ADD]i_32_a=40533333 (3.299999952316284179687500) + i_32_b=7f800001 (nan) 	| o_32_s=7f800001 (nan) 	| o_ov_flow=0, o_un_flow=0
# => PASS: expect=nan (7fc00001), dut=nan (7fc00001), rounding_error=0.00000000 % (exp_error = 0.00001192 %)
# [NaN][SUB]i_32_a=7f800001 (nan) - i_32_b=40533333 (3.299999952316284179687500) 	| o_32_s=7f800001 (nan) 	| o_ov_flow=0, o_un_flow=0
# => PASS: expect=nan (7fc00001), dut=nan (7fc00001), rounding_error=0.00000000 % (exp_error = 0.00001192 %)
# [NaN][SUB]i_32_a=40533333 (3.299999952316284179687500) - i_32_b=7f800001 (nan) 	| o_32_s=ff800001 (-nan) 	| o_ov_flow=0, o_un_flow=0
# => PASS: expect=nan (7fc00001), dut=-nan (7fc00001), rounding_error=0.00000000 % (exp_error = 0.00001192 %)
# ==========[ APPR INF ]==========
# [APPRO][ADD]i_32_a=7f21616f (214511611464115339152897452993962573824.000000000000000000000000) + i_32_b=007fffff (0.000000000000000000000000) 	| o_32_s=7f21616f (214511611464115339152897452993962573824.000000000000000000000000) 	| o_ov_flow=0, o_un_flow=0
# => PASS: expect=214511611464115339152897452993962573824.000000000000000000000000 (7f21616f), dut=214511611464115339152897452993962573824.000000000000000000000000 (7f21616f), rounding_error=0.00000000 % (exp_error = 0.00001192 %)
# [APPRO][ADD]i_32_a=007fffff (0.000000000000000000000000) + i_32_b=7f21616f (214511611464115339152897452993962573824.000000000000000000000000) 	| o_32_s=7f21616f (214511611464115339152897452993962573824.000000000000000000000000) 	| o_ov_flow=0, o_un_flow=0
# => PASS: expect=214511611464115339152897452993962573824.000000000000000000000000 (7f21616f), dut=214511611464115339152897452993962573824.000000000000000000000000 (7f21616f), rounding_error=0.00000000 % (exp_error = 0.00001192 %)
# [APPRO][SUB]i_32_a=7f21616f (214511611464115339152897452993962573824.000000000000000000000000) - i_32_b=007fffff (0.000000000000000000000000) 	| o_32_s=7f21616f (214511611464115339152897452993962573824.000000000000000000000000) 	| o_ov_flow=0, o_un_flow=0
# => PASS: expect=214511611464115339152897452993962573824.000000000000000000000000 (7f21616f), dut=214511611464115339152897452993962573824.000000000000000000000000 (7f21616f), rounding_error=0.00000000 % (exp_error = 0.00001192 %)
# [APPRO][SUB]i_32_a=007fffff (0.000000000000000000000000) - i_32_b=7f21616f (214511611464115339152897452993962573824.000000000000000000000000) 	| o_32_s=ff21616f (-214511611464115339152897452993962573824.000000000000000000000000) 	| o_ov_flow=0, o_un_flow=0
# => PASS: expect=-214511611464115339152897452993962573824.000000000000000000000000 (ff21616f), dut=-214511611464115339152897452993962573824.000000000000000000000000 (ff21616f), rounding_error=0.00000000 % (exp_error = 0.00001192 %)
# ==========[ APPR INF ]==========
# [APPRO][ADD]i_32_a=7f7fffff (340282346638528859811704183484516925440.000000000000000000000000) + i_32_b=00ffffff (0.000000000000000000000000) 	| o_32_s=7f7fffff (340282346638528859811704183484516925440.000000000000000000000000) 	| o_ov_flow=0, o_un_flow=0
# => PASS: expect=340282346638528859811704183484516925440.000000000000000000000000 (7f7fffff), dut=340282346638528859811704183484516925440.000000000000000000000000 (7f7fffff), rounding_error=0.00000000 % (exp_error = 0.00001192 %)
# [APPRO][ADD]i_32_a=00ffffff (0.000000000000000000000000) + i_32_b=7f7fffff (340282346638528859811704183484516925440.000000000000000000000000) 	| o_32_s=7f7fffff (340282346638528859811704183484516925440.000000000000000000000000) 	| o_ov_flow=0, o_un_flow=0
# => PASS: expect=340282346638528859811704183484516925440.000000000000000000000000 (7f7fffff), dut=340282346638528859811704183484516925440.000000000000000000000000 (7f7fffff), rounding_error=0.00000000 % (exp_error = 0.00001192 %)
# [APPRO][SUB]i_32_a=7f7fffff (340282346638528859811704183484516925440.000000000000000000000000) - i_32_b=00ffffff (0.000000000000000000000000) 	| o_32_s=7f7fffff (340282346638528859811704183484516925440.000000000000000000000000) 	| o_ov_flow=0, o_un_flow=0
# => PASS: expect=340282346638528859811704183484516925440.000000000000000000000000 (7f7fffff), dut=340282346638528859811704183484516925440.000000000000000000000000 (7f7fffff), rounding_error=0.00000000 % (exp_error = 0.00001192 %)
# [APPRO][SUB]i_32_a=00ffffff (0.000000000000000000000000) - i_32_b=7f7fffff (340282346638528859811704183484516925440.000000000000000000000000) 	| o_32_s=ff7fffff (-340282346638528859811704183484516925440.000000000000000000000000) 	| o_ov_flow=0, o_un_flow=0
# => PASS: expect=-340282346638528859811704183484516925440.000000000000000000000000 (ff7fffff), dut=-340282346638528859811704183484516925440.000000000000000000000000 (ff7fffff), rounding_error=0.00000000 % (exp_error = 0.00001192 %)
# ==========[ APPR INF ]==========
# [APPRO][ADD]i_32_a=7f7fffff (340282346638528859811704183484516925440.000000000000000000000000) + i_32_b=007fffff (0.000000000000000000000000) 	| o_32_s=7f7fffff (340282346638528859811704183484516925440.000000000000000000000000) 	| o_ov_flow=0, o_un_flow=0
# => PASS: expect=340282346638528859811704183484516925440.000000000000000000000000 (7f7fffff), dut=340282346638528859811704183484516925440.000000000000000000000000 (7f7fffff), rounding_error=0.00000000 % (exp_error = 0.00001192 %)
# [APPRO][ADD]i_32_a=007fffff (0.000000000000000000000000) + i_32_b=7f7fffff (340282346638528859811704183484516925440.000000000000000000000000) 	| o_32_s=7f7fffff (340282346638528859811704183484516925440.000000000000000000000000) 	| o_ov_flow=0, o_un_flow=0
# => PASS: expect=340282346638528859811704183484516925440.000000000000000000000000 (7f7fffff), dut=340282346638528859811704183484516925440.000000000000000000000000 (7f7fffff), rounding_error=0.00000000 % (exp_error = 0.00001192 %)
# [APPRO][SUB]i_32_a=7f7fffff (340282346638528859811704183484516925440.000000000000000000000000) - i_32_b=007fffff (0.000000000000000000000000) 	| o_32_s=7f7fffff (340282346638528859811704183484516925440.000000000000000000000000) 	| o_ov_flow=0, o_un_flow=0
# => PASS: expect=340282346638528859811704183484516925440.000000000000000000000000 (7f7fffff), dut=340282346638528859811704183484516925440.000000000000000000000000 (7f7fffff), rounding_error=0.00000000 % (exp_error = 0.00001192 %)
# [APPRO][SUB]i_32_a=007fffff (0.000000000000000000000000) - i_32_b=7f7fffff (340282346638528859811704183484516925440.000000000000000000000000) 	| o_32_s=ff7fffff (-340282346638528859811704183484516925440.000000000000000000000000) 	| o_ov_flow=0, o_un_flow=0
# => PASS: expect=-340282346638528859811704183484516925440.000000000000000000000000 (ff7fffff), dut=-340282346638528859811704183484516925440.000000000000000000000000 (ff7fffff), rounding_error=0.00000000 % (exp_error = 0.00001192 %)
# ==========[ APPR ZERO ]==========
# [APPRO][ADD]i_32_a=00ffffff (0.000000000000000000000000) + i_32_b=007fffff (0.000000000000000000000000) 	| o_32_s=013fffff (0.000000000000000000000000) 	| o_ov_flow=1, o_un_flow=1
# => PASS: expect=0.000000000000000000000000 (013fffff), dut=0.000000000000000000000000 (013fffff), rounding_error=0.00000000 % (exp_error = 0.00001192 %)
# [APPRO][ADD]i_32_a=007fffff (0.000000000000000000000000) + i_32_b=00ffffff (0.000000000000000000000000) 	| o_32_s=013fffff (0.000000000000000000000000) 	| o_ov_flow=1, o_un_flow=1
# => PASS: expect=0.000000000000000000000000 (013fffff), dut=0.000000000000000000000000 (013fffff), rounding_error=0.00000000 % (exp_error = 0.00001192 %)
# [APPRO][SUB]i_32_a=00ffffff (0.000000000000000000000000) - i_32_b=007fffff (0.000000000000000000000000) 	| o_32_s=007fffff (0.000000000000000000000000) 	| o_ov_flow=0, o_un_flow=1
# => PASS: expect=0.000000000000000000000000 (00800000), dut=0.000000000000000000000000 (00800000), rounding_error=0.00001192 % (exp_error = 0.00001192 %)
# [APPRO][SUB]i_32_a=007fffff (0.000000000000000000000000) - i_32_b=00ffffff (0.000000000000000000000000) 	| o_32_s=807fffff (-0.000000000000000000000000) 	| o_ov_flow=0, o_un_flow=1
# => PASS: expect=-0.000000000000000000000000 (80800000), dut=-0.000000000000000000000000 (80800000), rounding_error=0.00001192 % (exp_error = 0.00001192 %)
# ==========[ APPR ZERO ]==========
# [APPRO][ADD]i_32_a=00ffffff (0.000000000000000000000000) + i_32_b=00ffffff (0.000000000000000000000000) 	| o_32_s=017fffff (0.000000000000000000000000) 	| o_ov_flow=1, o_un_flow=0
# => PASS: expect=0.000000000000000000000000 (017fffff), dut=0.000000000000000000000000 (017fffff), rounding_error=0.00000000 % (exp_error = 0.00001192 %)
# [APPRO][ADD]i_32_a=00ffffff (0.000000000000000000000000) + i_32_b=00ffffff (0.000000000000000000000000) 	| o_32_s=017fffff (0.000000000000000000000000) 	| o_ov_flow=1, o_un_flow=0
# => PASS: expect=0.000000000000000000000000 (017fffff), dut=0.000000000000000000000000 (017fffff), rounding_error=0.00000000 % (exp_error = 0.00001192 %)
# [APPRO][SUB]i_32_a=00ffffff (0.000000000000000000000000) - i_32_b=00ffffff (0.000000000000000000000000) 	| o_32_s=00000000 (0.000000000000000000000000) 	| o_ov_flow=0, o_un_flow=1
# => PASS: expect=0.000000000000000000000000 (00000000), dut=0.000000000000000000000000 (00000000), rounding_error=0.00000000 % (exp_error = 0.00001192 %)
# [APPRO][SUB]i_32_a=00ffffff (0.000000000000000000000000) - i_32_b=00ffffff (0.000000000000000000000000) 	| o_32_s=00000000 (0.000000000000000000000000) 	| o_ov_flow=0, o_un_flow=1
# => PASS: expect=0.000000000000000000000000 (00000000), dut=0.000000000000000000000000 (00000000), rounding_error=0.00000000 % (exp_error = 0.00001192 %)
# ==========[ (-A + B) ]==========
# [SIGN][ADD]i_32_a=c00ccccd (-2.200000047683715820312500) + i_32_b=40533333 (3.299999952316284179687500) 	| o_32_s=3f8ccccc (1.099999904632568359375000) 	| o_ov_flow=0, o_un_flow=1
# => PASS: expect=1.099999904632568359375000 (3f8ccccc), dut=1.099999904632568359375000 (3f8ccccc), rounding_error=0.00000000 % (exp_error = 0.00001192 %)
# [SIGN][ADD]i_32_a=40533333 (3.299999952316284179687500) + i_32_b=c00ccccd (-2.200000047683715820312500) 	| o_32_s=3f8ccccc (1.099999904632568359375000) 	| o_ov_flow=0, o_un_flow=1
# => PASS: expect=1.099999904632568359375000 (3f8ccccc), dut=1.099999904632568359375000 (3f8ccccc), rounding_error=0.00000000 % (exp_error = 0.00001192 %)
# [SIGN][SUB]i_32_a=c00ccccd (-2.200000047683715820312500) - i_32_b=40533333 (3.299999952316284179687500) 	| o_32_s=c0b00000 (-5.500000000000000000000000) 	| o_ov_flow=1, o_un_flow=1
# => PASS: expect=-5.500000000000000000000000 (c0b00000), dut=-5.500000000000000000000000 (c0b00000), rounding_error=0.00000000 % (exp_error = 0.00001192 %)
# [SIGN][SUB]i_32_a=40533333 (3.299999952316284179687500) - i_32_b=c00ccccd (-2.200000047683715820312500) 	| o_32_s=40b00000 (5.500000000000000000000000) 	| o_ov_flow=1, o_un_flow=1
# => PASS: expect=5.500000000000000000000000 (40b00000), dut=5.500000000000000000000000 (40b00000), rounding_error=0.00000000 % (exp_error = 0.00001192 %)
# ==========[ TEST SIGN ]==========
# [SIGN][ADD]i_32_a=c00ccccd (-2.200000047683715820312500) + i_32_b=c0533333 (-3.299999952316284179687500) 	| o_32_s=c0b00000 (-5.500000000000000000000000) 	| o_ov_flow=1, o_un_flow=1
# => PASS: expect=-5.500000000000000000000000 (c0b00000), dut=-5.500000000000000000000000 (c0b00000), rounding_error=0.00000000 % (exp_error = 0.00001192 %)
# [SIGN][ADD]i_32_a=c0533333 (-3.299999952316284179687500) + i_32_b=c00ccccd (-2.200000047683715820312500) 	| o_32_s=c0b00000 (-5.500000000000000000000000) 	| o_ov_flow=1, o_un_flow=1
# => PASS: expect=-5.500000000000000000000000 (c0b00000), dut=-5.500000000000000000000000 (c0b00000), rounding_error=0.00000000 % (exp_error = 0.00001192 %)
# [SIGN][SUB]i_32_a=c00ccccd (-2.200000047683715820312500) - i_32_b=c0533333 (-3.299999952316284179687500) 	| o_32_s=3f8ccccc (1.099999904632568359375000) 	| o_ov_flow=0, o_un_flow=1
# => PASS: expect=1.099999904632568359375000 (3f8ccccc), dut=1.099999904632568359375000 (3f8ccccc), rounding_error=0.00000000 % (exp_error = 0.00001192 %)
# [SIGN][SUB]i_32_a=c0533333 (-3.299999952316284179687500) - i_32_b=c00ccccd (-2.200000047683715820312500) 	| o_32_s=bf8ccccc (-1.099999904632568359375000) 	| o_ov_flow=0, o_un_flow=1
# => PASS: expect=-1.099999904632568359375000 (bf8ccccc), dut=-1.099999904632568359375000 (bf8ccccc), rounding_error=0.00000000 % (exp_error = 0.00001192 %)
# ==========[ TEST SIGN ]==========
# [SIGN][ADD]i_32_a=c00ccccd (-2.200000047683715820312500) + i_32_b=c1b1999a (-22.200000762939453125000000) 	| o_32_s=c1c33333 (-24.399999618530273437500000) 	| o_ov_flow=0, o_un_flow=0
# => PASS: expect=-24.400000810623168945312500 (c1c33334), dut=-24.399999618530273437500000 (c1c33334), rounding_error=0.00000489 % (exp_error = 0.00001192 %)
# [SIGN][ADD]i_32_a=c1b1999a (-22.200000762939453125000000) + i_32_b=c00ccccd (-2.200000047683715820312500) 	| o_32_s=c1c33333 (-24.399999618530273437500000) 	| o_ov_flow=0, o_un_flow=0
# => PASS: expect=-24.400000810623168945312500 (c1c33334), dut=-24.399999618530273437500000 (c1c33334), rounding_error=0.00000489 % (exp_error = 0.00001192 %)
# [SIGN][SUB]i_32_a=c00ccccd (-2.200000047683715820312500) - i_32_b=c1b1999a (-22.200000762939453125000000) 	| o_32_s=41a00001 (20.000001907348632812500000) 	| o_ov_flow=0, o_un_flow=0
# => PASS: expect=20.000000715255737304687500 (41a00000), dut=20.000001907348632812500000 (41a00000), rounding_error=0.00000596 % (exp_error = 0.00001192 %)
# [SIGN][SUB]i_32_a=c1b1999a (-22.200000762939453125000000) - i_32_b=c00ccccd (-2.200000047683715820312500) 	| o_32_s=c1a00001 (-20.000001907348632812500000) 	| o_ov_flow=0, o_un_flow=0
# => PASS: expect=-20.000000715255737304687500 (c1a00000), dut=-20.000001907348632812500000 (c1a00000), rounding_error=0.00000596 % (exp_error = 0.00001192 %)
# ==========[ Overflow rouding ]==========
# [PRE_NOR_EXP][ADD]i_32_a=0cffffff (0.000000000000000000000000) + i_32_b=00f80000 (0.000000000000000000000000) 	| o_32_s=0d000000 (0.000000000000000000000000) 	| o_ov_flow=1, o_un_flow=0
# => PASS: expect=0.000000000000000000000000 (0d000000), dut=0.000000000000000000000000 (0d000000), rounding_error=0.00000019 % (exp_error = 0.00001192 %)
# [PRE_NOR_EXP][ADD]i_32_a=00f80000 (0.000000000000000000000000) + i_32_b=0cffffff (0.000000000000000000000000) 	| o_32_s=0d000000 (0.000000000000000000000000) 	| o_ov_flow=1, o_un_flow=0
# => PASS: expect=0.000000000000000000000000 (0d000000), dut=0.000000000000000000000000 (0d000000), rounding_error=0.00000019 % (exp_error = 0.00001192 %)
# [PRE_NOR_EXP][SUB]i_32_a=0cffffff (0.000000000000000000000000) - i_32_b=00f80000 (0.000000000000000000000000) 	| o_32_s=0cfffffe (0.000000000000000000000000) 	| o_ov_flow=0, o_un_flow=0
# => PASS: expect=0.000000000000000000000000 (0cfffffe), dut=0.000000000000000000000000 (0cfffffe), rounding_error=0.00000019 % (exp_error = 0.00001192 %)
# [PRE_NOR_EXP][SUB]i_32_a=00f80000 (0.000000000000000000000000) - i_32_b=0cffffff (0.000000000000000000000000) 	| o_32_s=8cfffffe (-0.000000000000000000000000) 	| o_ov_flow=0, o_un_flow=0
# => PASS: expect=-0.000000000000000000000000 (8cfffffe), dut=-0.000000000000000000000000 (8cfffffe), rounding_error=0.00000019 % (exp_error = 0.00001192 %)
# ==========[ Read data from ROM ]==========
# [Random][ADD]i_32_a=5110783b (38780776448.000000000000000000000000) + i_32_b=5177b21a (66490310656.000000000000000000000000) 	| o_32_s=51c4152a (105271083008.000000000000000000000000) 	| o_ov_flow=1, o_un_flow=0
# => PASS: expect=105271087104.000000000000000000000000 (51c4152a), dut=105271083008.000000000000000000000000 (51c4152a), rounding_error=0.00000389 % (exp_error = 0.00001192 %)
# [Random][ADD]i_32_a=5177b21a (66490310656.000000000000000000000000) + i_32_b=5110783b (38780776448.000000000000000000000000) 	| o_32_s=51c4152a (105271083008.000000000000000000000000) 	| o_ov_flow=1, o_un_flow=0
# => PASS: expect=105271087104.000000000000000000000000 (51c4152a), dut=105271083008.000000000000000000000000 (51c4152a), rounding_error=0.00000389 % (exp_error = 0.00001192 %)
# [Random][SUB]i_32_a=5110783b (38780776448.000000000000000000000000) - i_32_b=5177b21a (66490310656.000000000000000000000000) 	| o_32_s=d0ce73be (-27709534208.000000000000000000000000) 	| o_ov_flow=0, o_un_flow=1
# => PASS: expect=-27709534208.000000000000000000000000 (d0ce73be), dut=-27709534208.000000000000000000000000 (d0ce73be), rounding_error=0.00000000 % (exp_error = 0.00001192 %)
# [Random][SUB]i_32_a=5177b21a (66490310656.000000000000000000000000) - i_32_b=5110783b (38780776448.000000000000000000000000) 	| o_32_s=50ce73be (27709534208.000000000000000000000000) 	| o_ov_flow=0, o_un_flow=1
# => PASS: expect=27709534208.000000000000000000000000 (50ce73be), dut=27709534208.000000000000000000000000 (50ce73be), rounding_error=0.00000000 % (exp_error = 0.00001192 %)
# ==========[ Read data from ROM ]==========
# [Random][ADD]i_32_a=5110783b (38780776448.000000000000000000000000) + i_32_b=5177b21a (66490310656.000000000000000000000000) 	| o_32_s=51c4152a (105271083008.000000000000000000000000) 	| o_ov_flow=1, o_un_flow=0
# => PASS: expect=105271087104.000000000000000000000000 (51c4152a), dut=105271083008.000000000000000000000000 (51c4152a), rounding_error=0.00000389 % (exp_error = 0.00001192 %)
# [Random][ADD]i_32_a=5177b21a (66490310656.000000000000000000000000) + i_32_b=5110783b (38780776448.000000000000000000000000) 	| o_32_s=51c4152a (105271083008.000000000000000000000000) 	| o_ov_flow=1, o_un_flow=0
# => PASS: expect=105271087104.000000000000000000000000 (51c4152a), dut=105271083008.000000000000000000000000 (51c4152a), rounding_error=0.00000389 % (exp_error = 0.00001192 %)
# [Random][SUB]i_32_a=5110783b (38780776448.000000000000000000000000) - i_32_b=5177b21a (66490310656.000000000000000000000000) 	| o_32_s=d0ce73be (-27709534208.000000000000000000000000) 	| o_ov_flow=0, o_un_flow=1
# => PASS: expect=-27709534208.000000000000000000000000 (d0ce73be), dut=-27709534208.000000000000000000000000 (d0ce73be), rounding_error=0.00000000 % (exp_error = 0.00001192 %)
# [Random][SUB]i_32_a=5177b21a (66490310656.000000000000000000000000) - i_32_b=5110783b (38780776448.000000000000000000000000) 	| o_32_s=50ce73be (27709534208.000000000000000000000000) 	| o_ov_flow=0, o_un_flow=1
# => PASS: expect=27709534208.000000000000000000000000 (50ce73be), dut=27709534208.000000000000000000000000 (50ce73be), rounding_error=0.00000000 % (exp_error = 0.00001192 %)
# ==========[ Read data from ROM ]==========
# [Random][ADD]i_32_a=5018c9da (10253461504.000000000000000000000000) + i_32_b=5203778f (141161644032.000000000000000000000000) 	| o_32_s=520d042c (151415095296.000000000000000000000000) 	| o_ov_flow=0, o_un_flow=0
# => PASS: expect=151415105536.000000000000000000000000 (520d042d), dut=151415095296.000000000000000000000000 (520d042d), rounding_error=0.00000676 % (exp_error = 0.00001192 %)
# [Random][ADD]i_32_a=5203778f (141161644032.000000000000000000000000) + i_32_b=5018c9da (10253461504.000000000000000000000000) 	| o_32_s=520d042c (151415095296.000000000000000000000000) 	| o_ov_flow=0, o_un_flow=0
# => PASS: expect=151415105536.000000000000000000000000 (520d042d), dut=151415095296.000000000000000000000000 (520d042d), rounding_error=0.00000676 % (exp_error = 0.00001192 %)
# [Random][SUB]i_32_a=5018c9da (10253461504.000000000000000000000000) - i_32_b=5203778f (141161644032.000000000000000000000000) 	| o_32_s=d1f3d5e3 (-130908184576.000000000000000000000000) 	| o_ov_flow=0, o_un_flow=1
# => PASS: expect=-130908182528.000000000000000000000000 (d1f3d5e3), dut=-130908184576.000000000000000000000000 (d1f3d5e3), rounding_error=0.00000156 % (exp_error = 0.00001192 %)
# [Random][SUB]i_32_a=5203778f (141161644032.000000000000000000000000) - i_32_b=5018c9da (10253461504.000000000000000000000000) 	| o_32_s=51f3d5e3 (130908184576.000000000000000000000000) 	| o_ov_flow=0, o_un_flow=1
# => PASS: expect=130908182528.000000000000000000000000 (51f3d5e3), dut=130908184576.000000000000000000000000 (51f3d5e3), rounding_error=0.00000156 % (exp_error = 0.00001192 %)
# ==========[ Read data from ROM ]==========
# [Random][ADD]i_32_a=510d38a4 (37908791296.000000000000000000000000) + i_32_b=d02cf5b3 (-11607133184.000000000000000000000000) 	| o_32_s=50c3f66e (26301657088.000000000000000000000000) 	| o_ov_flow=0, o_un_flow=1
# => PASS: expect=26301658112.000000000000000000000000 (50c3f66e), dut=26301657088.000000000000000000000000 (50c3f66e), rounding_error=0.00000389 % (exp_error = 0.00001192 %)
# [Random][ADD]i_32_a=d02cf5b3 (-11607133184.000000000000000000000000) + i_32_b=510d38a4 (37908791296.000000000000000000000000) 	| o_32_s=50c3f66e (26301657088.000000000000000000000000) 	| o_ov_flow=0, o_un_flow=1
# => PASS: expect=26301658112.000000000000000000000000 (50c3f66e), dut=26301657088.000000000000000000000000 (50c3f66e), rounding_error=0.00000389 % (exp_error = 0.00001192 %)
# [Random][SUB]i_32_a=510d38a4 (37908791296.000000000000000000000000) - i_32_b=d02cf5b3 (-11607133184.000000000000000000000000) 	| o_32_s=51387611 (49515925504.000000000000000000000000) 	| o_ov_flow=0, o_un_flow=0
# => PASS: expect=49515924480.000000000000000000000000 (51387611), dut=49515925504.000000000000000000000000 (51387611), rounding_error=0.00000207 % (exp_error = 0.00001192 %)
# [Random][SUB]i_32_a=d02cf5b3 (-11607133184.000000000000000000000000) - i_32_b=510d38a4 (37908791296.000000000000000000000000) 	| o_32_s=d1387611 (-49515925504.000000000000000000000000) 	| o_ov_flow=0, o_un_flow=0
# => PASS: expect=-49515924480.000000000000000000000000 (d1387611), dut=-49515925504.000000000000000000000000 (d1387611), rounding_error=0.00000207 % (exp_error = 0.00001192 %)
# ==========[ Read data from ROM ]==========
# [Random][ADD]i_32_a=50d6594e (28769415168.000000000000000000000000) + i_32_b=52024077 (139856822272.000000000000000000000000) 	| o_32_s=521d0ba1 (168626241536.000000000000000000000000) 	| o_ov_flow=0, o_un_flow=0
# => PASS: expect=168626237440.000000000000000000000000 (521d0ba1), dut=168626241536.000000000000000000000000 (521d0ba1), rounding_error=0.00000243 % (exp_error = 0.00001192 %)
# [Random][ADD]i_32_a=52024077 (139856822272.000000000000000000000000) + i_32_b=50d6594e (28769415168.000000000000000000000000) 	| o_32_s=521d0ba1 (168626241536.000000000000000000000000) 	| o_ov_flow=0, o_un_flow=0
# => PASS: expect=168626237440.000000000000000000000000 (521d0ba1), dut=168626241536.000000000000000000000000 (521d0ba1), rounding_error=0.00000243 % (exp_error = 0.00001192 %)
# [Random][SUB]i_32_a=50d6594e (28769415168.000000000000000000000000) - i_32_b=52024077 (139856822272.000000000000000000000000) 	| o_32_s=d1ceea9a (-111087403008.000000000000000000000000) 	| o_ov_flow=0, o_un_flow=1
# => PASS: expect=-111087407104.000000000000000000000000 (d1ceea9a), dut=-111087403008.000000000000000000000000 (d1ceea9a), rounding_error=0.00000369 % (exp_error = 0.00001192 %)
# [Random][SUB]i_32_a=52024077 (139856822272.000000000000000000000000) - i_32_b=50d6594e (28769415168.000000000000000000000000) 	| o_32_s=51ceea9a (111087403008.000000000000000000000000) 	| o_ov_flow=0, o_un_flow=1
# => PASS: expect=111087407104.000000000000000000000000 (51ceea9a), dut=111087403008.000000000000000000000000 (51ceea9a), rounding_error=0.00000369 % (exp_error = 0.00001192 %)
# ==========[ Read data from ROM ]==========
# [Random][ADD]i_32_a=50ac0ea1 (23093118976.000000000000000000000000) + i_32_b=502905d8 (11342929920.000000000000000000000000) 	| o_32_s=510048c6 (34436046848.000000000000000000000000) 	| o_ov_flow=1, o_un_flow=1
# => PASS: expect=34436048896.000000000000000000000000 (510048c6), dut=34436046848.000000000000000000000000 (510048c6), rounding_error=0.00000595 % (exp_error = 0.00001192 %)
# [Random][ADD]i_32_a=502905d8 (11342929920.000000000000000000000000) + i_32_b=50ac0ea1 (23093118976.000000000000000000000000) 	| o_32_s=510048c6 (34436046848.000000000000000000000000) 	| o_ov_flow=1, o_un_flow=1
# => PASS: expect=34436048896.000000000000000000000000 (510048c6), dut=34436046848.000000000000000000000000 (510048c6), rounding_error=0.00000595 % (exp_error = 0.00001192 %)
# [Random][SUB]i_32_a=50ac0ea1 (23093118976.000000000000000000000000) - i_32_b=502905d8 (11342929920.000000000000000000000000) 	| o_32_s=502f176a (11750189056.000000000000000000000000) 	| o_ov_flow=0, o_un_flow=1
# => PASS: expect=11750189056.000000000000000000000000 (502f176a), dut=11750189056.000000000000000000000000 (502f176a), rounding_error=0.00000000 % (exp_error = 0.00001192 %)
# [Random][SUB]i_32_a=502905d8 (11342929920.000000000000000000000000) - i_32_b=50ac0ea1 (23093118976.000000000000000000000000) 	| o_32_s=d02f176a (-11750189056.000000000000000000000000) 	| o_ov_flow=0, o_un_flow=1
# => PASS: expect=-11750189056.000000000000000000000000 (d02f176a), dut=-11750189056.000000000000000000000000 (d02f176a), rounding_error=0.00000000 % (exp_error = 0.00001192 %)
# ==========[ Read data from ROM ]==========
# [Random][ADD]i_32_a=5109e83a (37019164672.000000000000000000000000) + i_32_b=5209db8a (148023443456.000000000000000000000000) 	| o_32_s=522c5598 (185042599936.000000000000000000000000) 	| o_ov_flow=0, o_un_flow=0
# => PASS: expect=185042608128.000000000000000000000000 (522c5598), dut=185042599936.000000000000000000000000 (522c5598), rounding_error=0.00000443 % (exp_error = 0.00001192 %)
# [Random][ADD]i_32_a=5209db8a (148023443456.000000000000000000000000) + i_32_b=5109e83a (37019164672.000000000000000000000000) 	| o_32_s=522c5598 (185042599936.000000000000000000000000) 	| o_ov_flow=0, o_un_flow=0
# => PASS: expect=185042608128.000000000000000000000000 (522c5598), dut=185042599936.000000000000000000000000 (522c5598), rounding_error=0.00000443 % (exp_error = 0.00001192 %)
# [Random][SUB]i_32_a=5109e83a (37019164672.000000000000000000000000) - i_32_b=5209db8a (148023443456.000000000000000000000000) 	| o_32_s=d1cec2f7 (-111004278784.000000000000000000000000) 	| o_ov_flow=0, o_un_flow=1
# => PASS: expect=-111004278784.000000000000000000000000 (d1cec2f7), dut=-111004278784.000000000000000000000000 (d1cec2f7), rounding_error=0.00000000 % (exp_error = 0.00001192 %)
# [Random][SUB]i_32_a=5209db8a (148023443456.000000000000000000000000) - i_32_b=5109e83a (37019164672.000000000000000000000000) 	| o_32_s=51cec2f7 (111004278784.000000000000000000000000) 	| o_ov_flow=0, o_un_flow=1
# => PASS: expect=111004278784.000000000000000000000000 (51cec2f7), dut=111004278784.000000000000000000000000 (51cec2f7), rounding_error=0.00000000 % (exp_error = 0.00001192 %)
# ==========[ Read data from ROM ]==========
# [Random][ADD]i_32_a=500e6b88 (9557647360.000000000000000000000000) + i_32_b=51630e49 (60949827584.000000000000000000000000) 	| o_32_s=51835495 (70507470848.000000000000000000000000) 	| o_ov_flow=1, o_un_flow=1
# => PASS: expect=70507474944.000000000000000000000000 (51835496), dut=70507470848.000000000000000000000000 (51835496), rounding_error=0.00000581 % (exp_error = 0.00001192 %)
# [Random][ADD]i_32_a=51630e49 (60949827584.000000000000000000000000) + i_32_b=500e6b88 (9557647360.000000000000000000000000) 	| o_32_s=51835495 (70507470848.000000000000000000000000) 	| o_ov_flow=1, o_un_flow=1
# => PASS: expect=70507474944.000000000000000000000000 (51835496), dut=70507470848.000000000000000000000000 (51835496), rounding_error=0.00000581 % (exp_error = 0.00001192 %)
# [Random][SUB]i_32_a=500e6b88 (9557647360.000000000000000000000000) - i_32_b=51630e49 (60949827584.000000000000000000000000) 	| o_32_s=d13f7367 (-51392180224.000000000000000000000000) 	| o_ov_flow=0, o_un_flow=0
# => PASS: expect=-51392180224.000000000000000000000000 (d13f7367), dut=-51392180224.000000000000000000000000 (d13f7367), rounding_error=0.00000000 % (exp_error = 0.00001192 %)
# [Random][SUB]i_32_a=51630e49 (60949827584.000000000000000000000000) - i_32_b=500e6b88 (9557647360.000000000000000000000000) 	| o_32_s=513f7367 (51392180224.000000000000000000000000) 	| o_ov_flow=0, o_un_flow=0
# => PASS: expect=51392180224.000000000000000000000000 (513f7367), dut=51392180224.000000000000000000000000 (513f7367), rounding_error=0.00000000 % (exp_error = 0.00001192 %)
# ==========[ Read data from ROM ]==========
# [Random][ADD]i_32_a=4f773d93 (4148007680.000000000000000000000000) + i_32_b=51fdd01b (136264769536.000000000000000000000000) 	| o_32_s=5202c504 (140412780544.000000000000000000000000) 	| o_ov_flow=1, o_un_flow=1
# => PASS: expect=140412777216.000000000000000000000000 (5202c504), dut=140412780544.000000000000000000000000 (5202c504), rounding_error=0.00000237 % (exp_error = 0.00001192 %)
# [Random][ADD]i_32_a=51fdd01b (136264769536.000000000000000000000000) + i_32_b=4f773d93 (4148007680.000000000000000000000000) 	| o_32_s=5202c504 (140412780544.000000000000000000000000) 	| o_ov_flow=1, o_un_flow=1
# => PASS: expect=140412777216.000000000000000000000000 (5202c504), dut=140412780544.000000000000000000000000 (5202c504), rounding_error=0.00000237 % (exp_error = 0.00001192 %)
# [Random][SUB]i_32_a=4f773d93 (4148007680.000000000000000000000000) - i_32_b=51fdd01b (136264769536.000000000000000000000000) 	| o_32_s=d1f6162f (-132116766720.000000000000000000000000) 	| o_ov_flow=0, o_un_flow=0
# => PASS: expect=-132116761856.000000000000000000000000 (d1f6162e), dut=-132116766720.000000000000000000000000 (d1f6162e), rounding_error=0.00000368 % (exp_error = 0.00001192 %)
# [Random][SUB]i_32_a=51fdd01b (136264769536.000000000000000000000000) - i_32_b=4f773d93 (4148007680.000000000000000000000000) 	| o_32_s=51f6162f (132116766720.000000000000000000000000) 	| o_ov_flow=0, o_un_flow=0
# => PASS: expect=132116761856.000000000000000000000000 (51f6162e), dut=132116766720.000000000000000000000000 (51f6162e), rounding_error=0.00000368 % (exp_error = 0.00001192 %)
# ==========[ Read data from ROM ]==========
# [Random][ADD]i_32_a=510faa5b (38564900864.000000000000000000000000) + i_32_b=5194167f (79504072704.000000000000000000000000) 	| o_32_s=51dbebac (118068969472.000000000000000000000000) 	| o_ov_flow=0, o_un_flow=0
# => PASS: expect=118068973568.000000000000000000000000 (51dbebac), dut=118068969472.000000000000000000000000 (51dbebac), rounding_error=0.00000347 % (exp_error = 0.00001192 %)
# [Random][ADD]i_32_a=5194167f (79504072704.000000000000000000000000) + i_32_b=510faa5b (38564900864.000000000000000000000000) 	| o_32_s=51dbebac (118068969472.000000000000000000000000) 	| o_ov_flow=0, o_un_flow=0
# => PASS: expect=118068973568.000000000000000000000000 (51dbebac), dut=118068969472.000000000000000000000000 (51dbebac), rounding_error=0.00000347 % (exp_error = 0.00001192 %)
# [Random][SUB]i_32_a=510faa5b (38564900864.000000000000000000000000) - i_32_b=5194167f (79504072704.000000000000000000000000) 	| o_32_s=d11882a3 (-40939171840.000000000000000000000000) 	| o_ov_flow=0, o_un_flow=1
# => PASS: expect=-40939171840.000000000000000000000000 (d11882a3), dut=-40939171840.000000000000000000000000 (d11882a3), rounding_error=0.00000000 % (exp_error = 0.00001192 %)
# [Random][SUB]i_32_a=5194167f (79504072704.000000000000000000000000) - i_32_b=510faa5b (38564900864.000000000000000000000000) 	| o_32_s=511882a3 (40939171840.000000000000000000000000) 	| o_ov_flow=0, o_un_flow=1
# => PASS: expect=40939171840.000000000000000000000000 (511882a3), dut=40939171840.000000000000000000000000 (511882a3), rounding_error=0.00000000 % (exp_error = 0.00001192 %)
# ==========[ Read data from ROM ]==========
# [Random][ADD]i_32_a=cebbff2e (-1577031424.000000000000000000000000) + i_32_b=51d215cb (112788594688.000000000000000000000000) 	| o_32_s=51cf25cf (111211569152.000000000000000000000000) 	| o_ov_flow=0, o_un_flow=0
# => PASS: expect=111211563264.000000000000000000000000 (51cf25ce), dut=111211569152.000000000000000000000000 (51cf25ce), rounding_error=0.00000529 % (exp_error = 0.00001192 %)
# [Random][ADD]i_32_a=51d215cb (112788594688.000000000000000000000000) + i_32_b=cebbff2e (-1577031424.000000000000000000000000) 	| o_32_s=51cf25cf (111211569152.000000000000000000000000) 	| o_ov_flow=0, o_un_flow=0
# => PASS: expect=111211563264.000000000000000000000000 (51cf25ce), dut=111211569152.000000000000000000000000 (51cf25ce), rounding_error=0.00000529 % (exp_error = 0.00001192 %)
# [Random][SUB]i_32_a=cebbff2e (-1577031424.000000000000000000000000) - i_32_b=51d215cb (112788594688.000000000000000000000000) 	| o_32_s=d1d505c7 (-114365620224.000000000000000000000000) 	| o_ov_flow=0, o_un_flow=0
# => PASS: expect=-114365626112.000000000000000000000000 (d1d505c8), dut=-114365620224.000000000000000000000000 (d1d505c8), rounding_error=0.00000515 % (exp_error = 0.00001192 %)
# [Random][SUB]i_32_a=51d215cb (112788594688.000000000000000000000000) - i_32_b=cebbff2e (-1577031424.000000000000000000000000) 	| o_32_s=51d505c7 (114365620224.000000000000000000000000) 	| o_ov_flow=0, o_un_flow=0
# => PASS: expect=114365626112.000000000000000000000000 (51d505c8), dut=114365620224.000000000000000000000000 (51d505c8), rounding_error=0.00000515 % (exp_error = 0.00001192 %)
# ==========[ Read data from ROM ]==========
# [Random][ADD]i_32_a=50d8bd0b (29090142208.000000000000000000000000) + i_32_b=509ebfe3 (21307004928.000000000000000000000000) 	| o_32_s=513bbe77 (50397147136.000000000000000000000000) 	| o_ov_flow=1, o_un_flow=1
# => PASS: expect=50397147136.000000000000000000000000 (513bbe77), dut=50397147136.000000000000000000000000 (513bbe77), rounding_error=0.00000000 % (exp_error = 0.00001192 %)
# [Random][ADD]i_32_a=509ebfe3 (21307004928.000000000000000000000000) + i_32_b=50d8bd0b (29090142208.000000000000000000000000) 	| o_32_s=513bbe77 (50397147136.000000000000000000000000) 	| o_ov_flow=1, o_un_flow=1
# => PASS: expect=50397147136.000000000000000000000000 (513bbe77), dut=50397147136.000000000000000000000000 (513bbe77), rounding_error=0.00000000 % (exp_error = 0.00001192 %)
# [Random][SUB]i_32_a=50d8bd0b (29090142208.000000000000000000000000) - i_32_b=509ebfe3 (21307004928.000000000000000000000000) 	| o_32_s=4fe7f4a0 (7783137280.000000000000000000000000) 	| o_ov_flow=0, o_un_flow=1
# => PASS: expect=7783137280.000000000000000000000000 (4fe7f4a0), dut=7783137280.000000000000000000000000 (4fe7f4a0), rounding_error=0.00000000 % (exp_error = 0.00001192 %)
# [Random][SUB]i_32_a=509ebfe3 (21307004928.000000000000000000000000) - i_32_b=50d8bd0b (29090142208.000000000000000000000000) 	| o_32_s=cfe7f4a0 (-7783137280.000000000000000000000000) 	| o_ov_flow=0, o_un_flow=1
# => PASS: expect=-7783137280.000000000000000000000000 (cfe7f4a0), dut=-7783137280.000000000000000000000000 (cfe7f4a0), rounding_error=0.00000000 % (exp_error = 0.00001192 %)
# ==========[ Read data from ROM ]==========
# [Random][ADD]i_32_a=5091545a (19505795072.000000000000000000000000) + i_32_b=518d55ad (75878473728.000000000000000000000000) 	| o_32_s=51b1aac3 (95384264704.000000000000000000000000) 	| o_ov_flow=0, o_un_flow=0
# => PASS: expect=95384268800.000000000000000000000000 (51b1aac4), dut=95384264704.000000000000000000000000 (51b1aac4), rounding_error=0.00000429 % (exp_error = 0.00001192 %)
# [Random][ADD]i_32_a=518d55ad (75878473728.000000000000000000000000) + i_32_b=5091545a (19505795072.000000000000000000000000) 	| o_32_s=51b1aac3 (95384264704.000000000000000000000000) 	| o_ov_flow=0, o_un_flow=0
# => PASS: expect=95384268800.000000000000000000000000 (51b1aac4), dut=95384264704.000000000000000000000000 (51b1aac4), rounding_error=0.00000429 % (exp_error = 0.00001192 %)
# [Random][SUB]i_32_a=5091545a (19505795072.000000000000000000000000) - i_32_b=518d55ad (75878473728.000000000000000000000000) 	| o_32_s=d152012d (-56372678656.000000000000000000000000) 	| o_ov_flow=0, o_un_flow=1
# => PASS: expect=-56372678656.000000000000000000000000 (d152012d), dut=-56372678656.000000000000000000000000 (d152012d), rounding_error=0.00000000 % (exp_error = 0.00001192 %)
# [Random][SUB]i_32_a=518d55ad (75878473728.000000000000000000000000) - i_32_b=5091545a (19505795072.000000000000000000000000) 	| o_32_s=5152012d (56372678656.000000000000000000000000) 	| o_ov_flow=0, o_un_flow=1
# => PASS: expect=56372678656.000000000000000000000000 (5152012d), dut=56372678656.000000000000000000000000 (5152012d), rounding_error=0.00000000 % (exp_error = 0.00001192 %)
# ==========[ Read data from ROM ]==========
# [Random][ADD]i_32_a=5052e8f8 (14153932800.000000000000000000000000) + i_32_b=519a09c0 (82698567680.000000000000000000000000) 	| o_32_s=51b466df (96852500480.000000000000000000000000) 	| o_ov_flow=0, o_un_flow=0
# => PASS: expect=96852500480.000000000000000000000000 (51b466df), dut=96852500480.000000000000000000000000 (51b466df), rounding_error=0.00000000 % (exp_error = 0.00001192 %)
# [Random][ADD]i_32_a=519a09c0 (82698567680.000000000000000000000000) + i_32_b=5052e8f8 (14153932800.000000000000000000000000) 	| o_32_s=51b466df (96852500480.000000000000000000000000) 	| o_ov_flow=0, o_un_flow=0
# => PASS: expect=96852500480.000000000000000000000000 (51b466df), dut=96852500480.000000000000000000000000 (51b466df), rounding_error=0.00000000 % (exp_error = 0.00001192 %)
# [Random][SUB]i_32_a=5052e8f8 (14153932800.000000000000000000000000) - i_32_b=519a09c0 (82698567680.000000000000000000000000) 	| o_32_s=d17f5942 (-68544634880.000000000000000000000000) 	| o_ov_flow=0, o_un_flow=1
# => PASS: expect=-68544634880.000000000000000000000000 (d17f5942), dut=-68544634880.000000000000000000000000 (d17f5942), rounding_error=0.00000000 % (exp_error = 0.00001192 %)
# [Random][SUB]i_32_a=519a09c0 (82698567680.000000000000000000000000) - i_32_b=5052e8f8 (14153932800.000000000000000000000000) 	| o_32_s=517f5942 (68544634880.000000000000000000000000) 	| o_ov_flow=0, o_un_flow=1
# => PASS: expect=68544634880.000000000000000000000000 (517f5942), dut=68544634880.000000000000000000000000 (517f5942), rounding_error=0.00000000 % (exp_error = 0.00001192 %)
# ==========[ Read data from ROM ]==========
# [Random][ADD]i_32_a=511bdb5b (41837506560.000000000000000000000000) + i_32_b=522ba992 (184321081344.000000000000000000000000) 	| o_32_s=5252a069 (226158592000.000000000000000000000000) 	| o_ov_flow=0, o_un_flow=0
# => PASS: expect=226158587904.000000000000000000000000 (5252a069), dut=226158592000.000000000000000000000000 (5252a069), rounding_error=0.00000181 % (exp_error = 0.00001192 %)
# [Random][ADD]i_32_a=522ba992 (184321081344.000000000000000000000000) + i_32_b=511bdb5b (41837506560.000000000000000000000000) 	| o_32_s=5252a069 (226158592000.000000000000000000000000) 	| o_ov_flow=0, o_un_flow=0
# => PASS: expect=226158587904.000000000000000000000000 (5252a069), dut=226158592000.000000000000000000000000 (5252a069), rounding_error=0.00000181 % (exp_error = 0.00001192 %)
# [Random][SUB]i_32_a=511bdb5b (41837506560.000000000000000000000000) - i_32_b=522ba992 (184321081344.000000000000000000000000) 	| o_32_s=d204b2bb (-142483570688.000000000000000000000000) 	| o_ov_flow=0, o_un_flow=0
# => PASS: expect=-142483574784.000000000000000000000000 (d204b2bb), dut=-142483570688.000000000000000000000000 (d204b2bb), rounding_error=0.00000287 % (exp_error = 0.00001192 %)
# [Random][SUB]i_32_a=522ba992 (184321081344.000000000000000000000000) - i_32_b=511bdb5b (41837506560.000000000000000000000000) 	| o_32_s=5204b2bb (142483570688.000000000000000000000000) 	| o_ov_flow=0, o_un_flow=0
# => PASS: expect=142483574784.000000000000000000000000 (5204b2bb), dut=142483570688.000000000000000000000000 (5204b2bb), rounding_error=0.00000287 % (exp_error = 0.00001192 %)
# ==========[ Read data from ROM ]==========
# [Random][ADD]i_32_a=5136c910 (49066082304.000000000000000000000000) + i_32_b=51fc6054 (135493484544.000000000000000000000000) 	| o_32_s=522be26e (184559566848.000000000000000000000000) 	| o_ov_flow=1, o_un_flow=1
# => PASS: expect=184559566848.000000000000000000000000 (522be26e), dut=184559566848.000000000000000000000000 (522be26e), rounding_error=0.00000000 % (exp_error = 0.00001192 %)
# [Random][ADD]i_32_a=51fc6054 (135493484544.000000000000000000000000) + i_32_b=5136c910 (49066082304.000000000000000000000000) 	| o_32_s=522be26e (184559566848.000000000000000000000000) 	| o_ov_flow=1, o_un_flow=1
# => PASS: expect=184559566848.000000000000000000000000 (522be26e), dut=184559566848.000000000000000000000000 (522be26e), rounding_error=0.00000000 % (exp_error = 0.00001192 %)
# [Random][SUB]i_32_a=5136c910 (49066082304.000000000000000000000000) - i_32_b=51fc6054 (135493484544.000000000000000000000000) 	| o_32_s=d1a0fbcc (-86427402240.000000000000000000000000) 	| o_ov_flow=0, o_un_flow=0
# => PASS: expect=-86427402240.000000000000000000000000 (d1a0fbcc), dut=-86427402240.000000000000000000000000 (d1a0fbcc), rounding_error=0.00000000 % (exp_error = 0.00001192 %)
# [Random][SUB]i_32_a=51fc6054 (135493484544.000000000000000000000000) - i_32_b=5136c910 (49066082304.000000000000000000000000) 	| o_32_s=51a0fbcc (86427402240.000000000000000000000000) 	| o_ov_flow=0, o_un_flow=0
# => PASS: expect=86427402240.000000000000000000000000 (51a0fbcc), dut=86427402240.000000000000000000000000 (51a0fbcc), rounding_error=0.00000000 % (exp_error = 0.00001192 %)
# ==========[ Read data from ROM ]==========
# [Random][ADD]i_32_a=4f124484 (2453963776.000000000000000000000000) + i_32_b=4faadad3 (5732935168.000000000000000000000000) 	| o_32_s=4ff3fd15 (8186898944.000000000000000000000000) 	| o_ov_flow=0, o_un_flow=0
# => PASS: expect=8186898944.000000000000000000000000 (4ff3fd15), dut=8186898944.000000000000000000000000 (4ff3fd15), rounding_error=0.00000000 % (exp_error = 0.00001192 %)
# [Random][ADD]i_32_a=4faadad3 (5732935168.000000000000000000000000) + i_32_b=4f124484 (2453963776.000000000000000000000000) 	| o_32_s=4ff3fd15 (8186898944.000000000000000000000000) 	| o_ov_flow=0, o_un_flow=0
# => PASS: expect=8186898944.000000000000000000000000 (4ff3fd15), dut=8186898944.000000000000000000000000 (4ff3fd15), rounding_error=0.00000000 % (exp_error = 0.00001192 %)
# [Random][SUB]i_32_a=4f124484 (2453963776.000000000000000000000000) - i_32_b=4faadad3 (5732935168.000000000000000000000000) 	| o_32_s=cf437122 (-3278971392.000000000000000000000000) 	| o_ov_flow=0, o_un_flow=1
# => PASS: expect=-3278971392.000000000000000000000000 (cf437122), dut=-3278971392.000000000000000000000000 (cf437122), rounding_error=0.00000000 % (exp_error = 0.00001192 %)
# [Random][SUB]i_32_a=4faadad3 (5732935168.000000000000000000000000) - i_32_b=4f124484 (2453963776.000000000000000000000000) 	| o_32_s=4f437122 (3278971392.000000000000000000000000) 	| o_ov_flow=0, o_un_flow=1
# => PASS: expect=3278971392.000000000000000000000000 (4f437122), dut=3278971392.000000000000000000000000 (4f437122), rounding_error=0.00000000 % (exp_error = 0.00001192 %)
# ==========[ Read data from ROM ]==========
# [Random][ADD]i_32_a=50d8e1fd (29109512192.000000000000000000000000) + i_32_b=52373485 (196715036672.000000000000000000000000) 	| o_32_s=525250c4 (225824538624.000000000000000000000000) 	| o_ov_flow=0, o_un_flow=0
# => PASS: expect=225824548864.000000000000000000000000 (525250c5), dut=225824538624.000000000000000000000000 (525250c5), rounding_error=0.00000453 % (exp_error = 0.00001192 %)
# [Random][ADD]i_32_a=52373485 (196715036672.000000000000000000000000) + i_32_b=50d8e1fd (29109512192.000000000000000000000000) 	| o_32_s=525250c4 (225824538624.000000000000000000000000) 	| o_ov_flow=0, o_un_flow=0
# => PASS: expect=225824548864.000000000000000000000000 (525250c5), dut=225824538624.000000000000000000000000 (525250c5), rounding_error=0.00000453 % (exp_error = 0.00001192 %)
# [Random][SUB]i_32_a=50d8e1fd (29109512192.000000000000000000000000) - i_32_b=52373485 (196715036672.000000000000000000000000) 	| o_32_s=d21c1846 (-167605534720.000000000000000000000000) 	| o_ov_flow=0, o_un_flow=0
# => PASS: expect=-167605524480.000000000000000000000000 (d21c1845), dut=-167605534720.000000000000000000000000 (d21c1845), rounding_error=0.00000611 % (exp_error = 0.00001192 %)
# [Random][SUB]i_32_a=52373485 (196715036672.000000000000000000000000) - i_32_b=50d8e1fd (29109512192.000000000000000000000000) 	| o_32_s=521c1846 (167605534720.000000000000000000000000) 	| o_ov_flow=0, o_un_flow=0
# => PASS: expect=167605524480.000000000000000000000000 (521c1845), dut=167605534720.000000000000000000000000 (521c1845), rounding_error=0.00000611 % (exp_error = 0.00001192 %)
# ==========[ Read data from ROM ]==========
# [Random][ADD]i_32_a=4e04604a (555225728.000000000000000000000000) + i_32_b=d052dab8 (-14150197248.000000000000000000000000) 	| o_32_s=d04a94b4 (-13594972160.000000000000000000000000) 	| o_ov_flow=0, o_un_flow=0
# => PASS: expect=-13594971520.000000000000000000000000 (d04a94b3), dut=-13594972160.000000000000000000000000 (d04a94b3), rounding_error=0.00000471 % (exp_error = 0.00001192 %)
# [Random][ADD]i_32_a=d052dab8 (-14150197248.000000000000000000000000) + i_32_b=4e04604a (555225728.000000000000000000000000) 	| o_32_s=d04a94b4 (-13594972160.000000000000000000000000) 	| o_ov_flow=0, o_un_flow=0
# => PASS: expect=-13594971520.000000000000000000000000 (d04a94b3), dut=-13594972160.000000000000000000000000 (d04a94b3), rounding_error=0.00000471 % (exp_error = 0.00001192 %)
# [Random][SUB]i_32_a=4e04604a (555225728.000000000000000000000000) - i_32_b=d052dab8 (-14150197248.000000000000000000000000) 	| o_32_s=505b20bc (14705422336.000000000000000000000000) 	| o_ov_flow=0, o_un_flow=0
# => PASS: expect=14705422976.000000000000000000000000 (505b20bd), dut=14705422336.000000000000000000000000 (505b20bd), rounding_error=0.00000435 % (exp_error = 0.00001192 %)
# [Random][SUB]i_32_a=d052dab8 (-14150197248.000000000000000000000000) - i_32_b=4e04604a (555225728.000000000000000000000000) 	| o_32_s=d05b20bc (-14705422336.000000000000000000000000) 	| o_ov_flow=0, o_un_flow=0
# => PASS: expect=-14705422976.000000000000000000000000 (d05b20bd), dut=-14705422336.000000000000000000000000 (d05b20bd), rounding_error=0.00000435 % (exp_error = 0.00001192 %)
# ==========[ Read data from ROM ]==========
# [Random][ADD]i_32_a=51140748 (39736082432.000000000000000000000000) + i_32_b=5135fcd2 (48851918848.000000000000000000000000) 	| o_32_s=51a5020d (88588001280.000000000000000000000000) 	| o_ov_flow=1, o_un_flow=1
# => PASS: expect=88588001280.000000000000000000000000 (51a5020d), dut=88588001280.000000000000000000000000 (51a5020d), rounding_error=0.00000000 % (exp_error = 0.00001192 %)
# [Random][ADD]i_32_a=5135fcd2 (48851918848.000000000000000000000000) + i_32_b=51140748 (39736082432.000000000000000000000000) 	| o_32_s=51a5020d (88588001280.000000000000000000000000) 	| o_ov_flow=1, o_un_flow=1
# => PASS: expect=88588001280.000000000000000000000000 (51a5020d), dut=88588001280.000000000000000000000000 (51a5020d), rounding_error=0.00000000 % (exp_error = 0.00001192 %)
# [Random][SUB]i_32_a=51140748 (39736082432.000000000000000000000000) - i_32_b=5135fcd2 (48851918848.000000000000000000000000) 	| o_32_s=d007d628 (-9115836416.000000000000000000000000) 	| o_ov_flow=0, o_un_flow=1
# => PASS: expect=-9115836416.000000000000000000000000 (d007d628), dut=-9115836416.000000000000000000000000 (d007d628), rounding_error=0.00000000 % (exp_error = 0.00001192 %)
# [Random][SUB]i_32_a=5135fcd2 (48851918848.000000000000000000000000) - i_32_b=51140748 (39736082432.000000000000000000000000) 	| o_32_s=5007d628 (9115836416.000000000000000000000000) 	| o_ov_flow=0, o_un_flow=1
# => PASS: expect=9115836416.000000000000000000000000 (5007d628), dut=9115836416.000000000000000000000000 (5007d628), rounding_error=0.00000000 % (exp_error = 0.00001192 %)
# ==========[ Read data from ROM ]==========
# [Random][ADD]i_32_a=508d686f (18979452928.000000000000000000000000) + i_32_b=52299eb5 (182128033792.000000000000000000000000) 	| o_32_s=523b4bc3 (201107488768.000000000000000000000000) 	| o_ov_flow=0, o_un_flow=0
# => PASS: expect=201107486720.000000000000000000000000 (523b4bc3), dut=201107488768.000000000000000000000000 (523b4bc3), rounding_error=0.00000102 % (exp_error = 0.00001192 %)
# [Random][ADD]i_32_a=52299eb5 (182128033792.000000000000000000000000) + i_32_b=508d686f (18979452928.000000000000000000000000) 	| o_32_s=523b4bc3 (201107488768.000000000000000000000000) 	| o_ov_flow=0, o_un_flow=0
# => PASS: expect=201107486720.000000000000000000000000 (523b4bc3), dut=201107488768.000000000000000000000000 (523b4bc3), rounding_error=0.00000102 % (exp_error = 0.00001192 %)
# [Random][SUB]i_32_a=508d686f (18979452928.000000000000000000000000) - i_32_b=52299eb5 (182128033792.000000000000000000000000) 	| o_32_s=d217f1a7 (-163148578816.000000000000000000000000) 	| o_ov_flow=0, o_un_flow=0
# => PASS: expect=-163148580864.000000000000000000000000 (d217f1a7), dut=-163148578816.000000000000000000000000 (d217f1a7), rounding_error=0.00000126 % (exp_error = 0.00001192 %)
# [Random][SUB]i_32_a=52299eb5 (182128033792.000000000000000000000000) - i_32_b=508d686f (18979452928.000000000000000000000000) 	| o_32_s=5217f1a7 (163148578816.000000000000000000000000) 	| o_ov_flow=0, o_un_flow=0
# => PASS: expect=163148580864.000000000000000000000000 (5217f1a7), dut=163148578816.000000000000000000000000 (5217f1a7), rounding_error=0.00000126 % (exp_error = 0.00001192 %)
# ==========[ Read data from ROM ]==========
# [Random][ADD]i_32_a=504c1e9d (13698233344.000000000000000000000000) + i_32_b=524a3c67 (217149194240.000000000000000000000000) 	| o_32_s=5256fe51 (230847430656.000000000000000000000000) 	| o_ov_flow=0, o_un_flow=0
# => PASS: expect=230847427584.000000000000000000000000 (5256fe51), dut=230847430656.000000000000000000000000 (5256fe51), rounding_error=0.00000133 % (exp_error = 0.00001192 %)
# [Random][ADD]i_32_a=524a3c67 (217149194240.000000000000000000000000) + i_32_b=504c1e9d (13698233344.000000000000000000000000) 	| o_32_s=5256fe51 (230847430656.000000000000000000000000) 	| o_ov_flow=0, o_un_flow=0
# => PASS: expect=230847427584.000000000000000000000000 (5256fe51), dut=230847430656.000000000000000000000000 (5256fe51), rounding_error=0.00000133 % (exp_error = 0.00001192 %)
# [Random][SUB]i_32_a=504c1e9d (13698233344.000000000000000000000000) - i_32_b=524a3c67 (217149194240.000000000000000000000000) 	| o_32_s=d23d7a7d (-203450957824.000000000000000000000000) 	| o_ov_flow=0, o_un_flow=0
# => PASS: expect=-203450960896.000000000000000000000000 (d23d7a7d), dut=-203450957824.000000000000000000000000 (d23d7a7d), rounding_error=0.00000151 % (exp_error = 0.00001192 %)
# [Random][SUB]i_32_a=524a3c67 (217149194240.000000000000000000000000) - i_32_b=504c1e9d (13698233344.000000000000000000000000) 	| o_32_s=523d7a7d (203450957824.000000000000000000000000) 	| o_ov_flow=0, o_un_flow=0
# => PASS: expect=203450960896.000000000000000000000000 (523d7a7d), dut=203450957824.000000000000000000000000 (523d7a7d), rounding_error=0.00000151 % (exp_error = 0.00001192 %)
# ==========[ Read data from ROM ]==========
# [Random][ADD]i_32_a=50c86253 (26895095808.000000000000000000000000) + i_32_b=51f560d2 (131736420352.000000000000000000000000) 	| o_32_s=5213bcb4 (158631526400.000000000000000000000000) 	| o_ov_flow=1, o_un_flow=1
# => PASS: expect=158631516160.000000000000000000000000 (5213bcb3), dut=158631526400.000000000000000000000000 (5213bcb3), rounding_error=0.00000646 % (exp_error = 0.00001192 %)
# [Random][ADD]i_32_a=51f560d2 (131736420352.000000000000000000000000) + i_32_b=50c86253 (26895095808.000000000000000000000000) 	| o_32_s=5213bcb4 (158631526400.000000000000000000000000) 	| o_ov_flow=1, o_un_flow=1
# => PASS: expect=158631516160.000000000000000000000000 (5213bcb3), dut=158631526400.000000000000000000000000 (5213bcb3), rounding_error=0.00000646 % (exp_error = 0.00001192 %)
# [Random][SUB]i_32_a=50c86253 (26895095808.000000000000000000000000) - i_32_b=51f560d2 (131736420352.000000000000000000000000) 	| o_32_s=d1c3483d (-104841322496.000000000000000000000000) 	| o_ov_flow=0, o_un_flow=0
# => PASS: expect=-104841324544.000000000000000000000000 (d1c3483d), dut=-104841322496.000000000000000000000000 (d1c3483d), rounding_error=0.00000195 % (exp_error = 0.00001192 %)
# [Random][SUB]i_32_a=51f560d2 (131736420352.000000000000000000000000) - i_32_b=50c86253 (26895095808.000000000000000000000000) 	| o_32_s=51c3483d (104841322496.000000000000000000000000) 	| o_ov_flow=0, o_un_flow=0
# => PASS: expect=104841324544.000000000000000000000000 (51c3483d), dut=104841322496.000000000000000000000000 (51c3483d), rounding_error=0.00000195 % (exp_error = 0.00001192 %)
# ==========[ Read data from ROM ]==========
# [Random][ADD]i_32_a=4fc458f1 (6588326400.000000000000000000000000) + i_32_b=51b68c17 (98004295680.000000000000000000000000) 	| o_32_s=51c2d1a6 (104592621568.000000000000000000000000) 	| o_ov_flow=0, o_un_flow=0
# => PASS: expect=104592622080.000000000000000000000000 (51c2d1a6), dut=104592621568.000000000000000000000000 (51c2d1a6), rounding_error=0.00000049 % (exp_error = 0.00001192 %)
# [Random][ADD]i_32_a=51b68c17 (98004295680.000000000000000000000000) + i_32_b=4fc458f1 (6588326400.000000000000000000000000) 	| o_32_s=51c2d1a6 (104592621568.000000000000000000000000) 	| o_ov_flow=0, o_un_flow=0
# => PASS: expect=104592622080.000000000000000000000000 (51c2d1a6), dut=104592621568.000000000000000000000000 (51c2d1a6), rounding_error=0.00000049 % (exp_error = 0.00001192 %)
# [Random][SUB]i_32_a=4fc458f1 (6588326400.000000000000000000000000) - i_32_b=51b68c17 (98004295680.000000000000000000000000) 	| o_32_s=d1aa4688 (-91415969792.000000000000000000000000) 	| o_ov_flow=0, o_un_flow=0
# => PASS: expect=-91415969280.000000000000000000000000 (d1aa4688), dut=-91415969792.000000000000000000000000 (d1aa4688), rounding_error=0.00000056 % (exp_error = 0.00001192 %)
# [Random][SUB]i_32_a=51b68c17 (98004295680.000000000000000000000000) - i_32_b=4fc458f1 (6588326400.000000000000000000000000) 	| o_32_s=51aa4688 (91415969792.000000000000000000000000) 	| o_ov_flow=0, o_un_flow=0
# => PASS: expect=91415969280.000000000000000000000000 (51aa4688), dut=91415969792.000000000000000000000000 (51aa4688), rounding_error=0.00000056 % (exp_error = 0.00001192 %)
# ==========[ Read data from ROM ]==========
# [Random][ADD]i_32_a=5109a074 (36943904768.000000000000000000000000) + i_32_b=500cde86 (9453574144.000000000000000000000000) 	| o_32_s=512cd815 (46397476864.000000000000000000000000) 	| o_ov_flow=0, o_un_flow=0
# => PASS: expect=46397478912.000000000000000000000000 (512cd816), dut=46397476864.000000000000000000000000 (512cd816), rounding_error=0.00000441 % (exp_error = 0.00001192 %)
# [Random][ADD]i_32_a=500cde86 (9453574144.000000000000000000000000) + i_32_b=5109a074 (36943904768.000000000000000000000000) 	| o_32_s=512cd815 (46397476864.000000000000000000000000) 	| o_ov_flow=0, o_un_flow=0
# => PASS: expect=46397478912.000000000000000000000000 (512cd816), dut=46397476864.000000000000000000000000 (512cd816), rounding_error=0.00000441 % (exp_error = 0.00001192 %)
# [Random][SUB]i_32_a=5109a074 (36943904768.000000000000000000000000) - i_32_b=500cde86 (9453574144.000000000000000000000000) 	| o_32_s=50ccd1a5 (27490330624.000000000000000000000000) 	| o_ov_flow=0, o_un_flow=1
# => PASS: expect=27490330624.000000000000000000000000 (50ccd1a5), dut=27490330624.000000000000000000000000 (50ccd1a5), rounding_error=0.00000000 % (exp_error = 0.00001192 %)
# [Random][SUB]i_32_a=500cde86 (9453574144.000000000000000000000000) - i_32_b=5109a074 (36943904768.000000000000000000000000) 	| o_32_s=d0ccd1a5 (-27490330624.000000000000000000000000) 	| o_ov_flow=0, o_un_flow=1
# => PASS: expect=-27490330624.000000000000000000000000 (d0ccd1a5), dut=-27490330624.000000000000000000000000 (d0ccd1a5), rounding_error=0.00000000 % (exp_error = 0.00001192 %)
# ==========[ Read data from ROM ]==========
# [Random][ADD]i_32_a=4fbeeff0 (6406791168.000000000000000000000000) + i_32_b=51d25adb (112933429248.000000000000000000000000) 	| o_32_s=51de49da (119340220416.000000000000000000000000) 	| o_ov_flow=0, o_un_flow=0
# => PASS: expect=119340220416.000000000000000000000000 (51de49da), dut=119340220416.000000000000000000000000 (51de49da), rounding_error=0.00000000 % (exp_error = 0.00001192 %)
# [Random][ADD]i_32_a=51d25adb (112933429248.000000000000000000000000) + i_32_b=4fbeeff0 (6406791168.000000000000000000000000) 	| o_32_s=51de49da (119340220416.000000000000000000000000) 	| o_ov_flow=0, o_un_flow=0
# => PASS: expect=119340220416.000000000000000000000000 (51de49da), dut=119340220416.000000000000000000000000 (51de49da), rounding_error=0.00000000 % (exp_error = 0.00001192 %)
# [Random][SUB]i_32_a=4fbeeff0 (6406791168.000000000000000000000000) - i_32_b=51d25adb (112933429248.000000000000000000000000) 	| o_32_s=d1c66bdc (-106526638080.000000000000000000000000) 	| o_ov_flow=0, o_un_flow=0
# => PASS: expect=-106526638080.000000000000000000000000 (d1c66bdc), dut=-106526638080.000000000000000000000000 (d1c66bdc), rounding_error=0.00000000 % (exp_error = 0.00001192 %)
# [Random][SUB]i_32_a=51d25adb (112933429248.000000000000000000000000) - i_32_b=4fbeeff0 (6406791168.000000000000000000000000) 	| o_32_s=51c66bdc (106526638080.000000000000000000000000) 	| o_ov_flow=0, o_un_flow=0
# => PASS: expect=106526638080.000000000000000000000000 (51c66bdc), dut=106526638080.000000000000000000000000 (51c66bdc), rounding_error=0.00000000 % (exp_error = 0.00001192 %)
# ==========[ Read data from ROM ]==========
# [Random][ADD]i_32_a=51057499 (35824177152.000000000000000000000000) + i_32_b=52170015 (162135359488.000000000000000000000000) 	| o_32_s=52385d3b (197959532544.000000000000000000000000) 	| o_ov_flow=0, o_un_flow=0
# => PASS: expect=197959536640.000000000000000000000000 (52385d3b), dut=197959532544.000000000000000000000000 (52385d3b), rounding_error=0.00000207 % (exp_error = 0.00001192 %)
# [Random][ADD]i_32_a=52170015 (162135359488.000000000000000000000000) + i_32_b=51057499 (35824177152.000000000000000000000000) 	| o_32_s=52385d3b (197959532544.000000000000000000000000) 	| o_ov_flow=0, o_un_flow=0
# => PASS: expect=197959536640.000000000000000000000000 (52385d3b), dut=197959532544.000000000000000000000000 (52385d3b), rounding_error=0.00000207 % (exp_error = 0.00001192 %)
# [Random][SUB]i_32_a=51057499 (35824177152.000000000000000000000000) - i_32_b=52170015 (162135359488.000000000000000000000000) 	| o_32_s=d1eb45dd (-126311178240.000000000000000000000000) 	| o_ov_flow=0, o_un_flow=1
# => PASS: expect=-126311182336.000000000000000000000000 (d1eb45de), dut=-126311178240.000000000000000000000000 (d1eb45de), rounding_error=0.00000324 % (exp_error = 0.00001192 %)
# [Random][SUB]i_32_a=52170015 (162135359488.000000000000000000000000) - i_32_b=51057499 (35824177152.000000000000000000000000) 	| o_32_s=51eb45dd (126311178240.000000000000000000000000) 	| o_ov_flow=0, o_un_flow=1
# => PASS: expect=126311182336.000000000000000000000000 (51eb45de), dut=126311178240.000000000000000000000000 (51eb45de), rounding_error=0.00000324 % (exp_error = 0.00001192 %)
# ==========[ Read data from ROM ]==========
# [Random][ADD]i_32_a=512fe7d2 (47219286016.000000000000000000000000) + i_32_b=4f47df07 (3353282304.000000000000000000000000) 	| o_32_s=513c65c3 (50572570624.000000000000000000000000) 	| o_ov_flow=0, o_un_flow=0
# => PASS: expect=50572568320.000000000000000000000000 (513c65c2), dut=50572570624.000000000000000000000000 (513c65c2), rounding_error=0.00000456 % (exp_error = 0.00001192 %)
# [Random][ADD]i_32_a=4f47df07 (3353282304.000000000000000000000000) + i_32_b=512fe7d2 (47219286016.000000000000000000000000) 	| o_32_s=513c65c3 (50572570624.000000000000000000000000) 	| o_ov_flow=0, o_un_flow=0
# => PASS: expect=50572568320.000000000000000000000000 (513c65c2), dut=50572570624.000000000000000000000000 (513c65c2), rounding_error=0.00000456 % (exp_error = 0.00001192 %)
# [Random][SUB]i_32_a=512fe7d2 (47219286016.000000000000000000000000) - i_32_b=4f47df07 (3353282304.000000000000000000000000) 	| o_32_s=512369e1 (43866001408.000000000000000000000000) 	| o_ov_flow=0, o_un_flow=0
# => PASS: expect=43866003712.000000000000000000000000 (512369e2), dut=43866001408.000000000000000000000000 (512369e2), rounding_error=0.00000525 % (exp_error = 0.00001192 %)
# [Random][SUB]i_32_a=4f47df07 (3353282304.000000000000000000000000) - i_32_b=512fe7d2 (47219286016.000000000000000000000000) 	| o_32_s=d12369e1 (-43866001408.000000000000000000000000) 	| o_ov_flow=0, o_un_flow=0
# => PASS: expect=-43866003712.000000000000000000000000 (d12369e2), dut=-43866001408.000000000000000000000000 (d12369e2), rounding_error=0.00000525 % (exp_error = 0.00001192 %)
# ==========[ Read data from ROM ]==========
# [Random][ADD]i_32_a=51192318 (41107423232.000000000000000000000000) + i_32_b=4dd60b34 (448882304.000000000000000000000000) 	| o_32_s=511acf2f (41556307968.000000000000000000000000) 	| o_ov_flow=0, o_un_flow=0
# => PASS: expect=41556305536.000000000000000000000000 (511acf2e), dut=41556307968.000000000000000000000000 (511acf2e), rounding_error=0.00000585 % (exp_error = 0.00001192 %)
# [Random][ADD]i_32_a=4dd60b34 (448882304.000000000000000000000000) + i_32_b=51192318 (41107423232.000000000000000000000000) 	| o_32_s=511acf2f (41556307968.000000000000000000000000) 	| o_ov_flow=0, o_un_flow=0
# => PASS: expect=41556305536.000000000000000000000000 (511acf2e), dut=41556307968.000000000000000000000000 (511acf2e), rounding_error=0.00000585 % (exp_error = 0.00001192 %)
# [Random][SUB]i_32_a=51192318 (41107423232.000000000000000000000000) - i_32_b=4dd60b34 (448882304.000000000000000000000000) 	| o_32_s=51177701 (40658538496.000000000000000000000000) 	| o_ov_flow=0, o_un_flow=0
# => PASS: expect=40658540928.000000000000000000000000 (51177702), dut=40658538496.000000000000000000000000 (51177702), rounding_error=0.00000598 % (exp_error = 0.00001192 %)
# [Random][SUB]i_32_a=4dd60b34 (448882304.000000000000000000000000) - i_32_b=51192318 (41107423232.000000000000000000000000) 	| o_32_s=d1177701 (-40658538496.000000000000000000000000) 	| o_ov_flow=0, o_un_flow=0
# => PASS: expect=-40658540928.000000000000000000000000 (d1177702), dut=-40658538496.000000000000000000000000 (d1177702), rounding_error=0.00000598 % (exp_error = 0.00001192 %)
# ==========[ Read data from ROM ]==========
# [Random][ADD]i_32_a=50ea0641 (31410227200.000000000000000000000000) + i_32_b=521d4dec (168904294400.000000000000000000000000) 	| o_32_s=523a8eb4 (200314519552.000000000000000000000000) 	| o_ov_flow=0, o_un_flow=0
# => PASS: expect=200314521600.000000000000000000000000 (523a8eb4), dut=200314519552.000000000000000000000000 (523a8eb4), rounding_error=0.00000102 % (exp_error = 0.00001192 %)
# [Random][ADD]i_32_a=521d4dec (168904294400.000000000000000000000000) + i_32_b=50ea0641 (31410227200.000000000000000000000000) 	| o_32_s=523a8eb4 (200314519552.000000000000000000000000) 	| o_ov_flow=0, o_un_flow=0
# => PASS: expect=200314521600.000000000000000000000000 (523a8eb4), dut=200314519552.000000000000000000000000 (523a8eb4), rounding_error=0.00000102 % (exp_error = 0.00001192 %)
# [Random][SUB]i_32_a=50ea0641 (31410227200.000000000000000000000000) - i_32_b=521d4dec (168904294400.000000000000000000000000) 	| o_32_s=d2000d24 (-137494069248.000000000000000000000000) 	| o_ov_flow=0, o_un_flow=0
# => PASS: expect=-137494067200.000000000000000000000000 (d2000d24), dut=-137494069248.000000000000000000000000 (d2000d24), rounding_error=0.00000149 % (exp_error = 0.00001192 %)
# [Random][SUB]i_32_a=521d4dec (168904294400.000000000000000000000000) - i_32_b=50ea0641 (31410227200.000000000000000000000000) 	| o_32_s=52000d24 (137494069248.000000000000000000000000) 	| o_ov_flow=0, o_un_flow=0
# => PASS: expect=137494067200.000000000000000000000000 (52000d24), dut=137494069248.000000000000000000000000 (52000d24), rounding_error=0.00000149 % (exp_error = 0.00001192 %)
# ==========[ Read data from ROM ]==========
# [Random][ADD]i_32_a=500e5500 (9551740928.000000000000000000000000) + i_32_b=51c74896 (106989535232.000000000000000000000000) 	| o_32_s=51d91336 (116541276160.000000000000000000000000) 	| o_ov_flow=0, o_un_flow=0
# => PASS: expect=116541276160.000000000000000000000000 (51d91336), dut=116541276160.000000000000000000000000 (51d91336), rounding_error=0.00000000 % (exp_error = 0.00001192 %)
# [Random][ADD]i_32_a=51c74896 (106989535232.000000000000000000000000) + i_32_b=500e5500 (9551740928.000000000000000000000000) 	| o_32_s=51d91336 (116541276160.000000000000000000000000) 	| o_ov_flow=0, o_un_flow=0
# => PASS: expect=116541276160.000000000000000000000000 (51d91336), dut=116541276160.000000000000000000000000 (51d91336), rounding_error=0.00000000 % (exp_error = 0.00001192 %)
# [Random][SUB]i_32_a=500e5500 (9551740928.000000000000000000000000) - i_32_b=51c74896 (106989535232.000000000000000000000000) 	| o_32_s=d1b57df6 (-97437794304.000000000000000000000000) 	| o_ov_flow=0, o_un_flow=0
# => PASS: expect=-97437794304.000000000000000000000000 (d1b57df6), dut=-97437794304.000000000000000000000000 (d1b57df6), rounding_error=0.00000000 % (exp_error = 0.00001192 %)
# [Random][SUB]i_32_a=51c74896 (106989535232.000000000000000000000000) - i_32_b=500e5500 (9551740928.000000000000000000000000) 	| o_32_s=51b57df6 (97437794304.000000000000000000000000) 	| o_ov_flow=0, o_un_flow=0
# => PASS: expect=97437794304.000000000000000000000000 (51b57df6), dut=97437794304.000000000000000000000000 (51b57df6), rounding_error=0.00000000 % (exp_error = 0.00001192 %)
# ==========[ Read data from ROM ]==========
# [Random][ADD]i_32_a=50263945 (11155084288.000000000000000000000000) + i_32_b=5183e507 (70810394624.000000000000000000000000) 	| o_32_s=5198ac2f (81965473792.000000000000000000000000) 	| o_ov_flow=0, o_un_flow=0
# => PASS: expect=81965478912.000000000000000000000000 (5198ac30), dut=81965473792.000000000000000000000000 (5198ac30), rounding_error=0.00000625 % (exp_error = 0.00001192 %)
# [Random][ADD]i_32_a=5183e507 (70810394624.000000000000000000000000) + i_32_b=50263945 (11155084288.000000000000000000000000) 	| o_32_s=5198ac2f (81965473792.000000000000000000000000) 	| o_ov_flow=0, o_un_flow=0
# => PASS: expect=81965478912.000000000000000000000000 (5198ac30), dut=81965473792.000000000000000000000000 (5198ac30), rounding_error=0.00000625 % (exp_error = 0.00001192 %)
# [Random][SUB]i_32_a=50263945 (11155084288.000000000000000000000000) - i_32_b=5183e507 (70810394624.000000000000000000000000) 	| o_32_s=d15e3bbd (-59655311360.000000000000000000000000) 	| o_ov_flow=0, o_un_flow=1
# => PASS: expect=-59655310336.000000000000000000000000 (d15e3bbd), dut=-59655311360.000000000000000000000000 (d15e3bbd), rounding_error=0.00000172 % (exp_error = 0.00001192 %)
# [Random][SUB]i_32_a=5183e507 (70810394624.000000000000000000000000) - i_32_b=50263945 (11155084288.000000000000000000000000) 	| o_32_s=515e3bbd (59655311360.000000000000000000000000) 	| o_ov_flow=0, o_un_flow=1
# => PASS: expect=59655310336.000000000000000000000000 (515e3bbd), dut=59655311360.000000000000000000000000 (515e3bbd), rounding_error=0.00000172 % (exp_error = 0.00001192 %)
# ==========[ Read data from ROM ]==========
# [Random][ADD]i_32_a=4fe18680 (7567376384.000000000000000000000000) + i_32_b=cfde555b (-7460271616.000000000000000000000000) 	| o_32_s=4ccc4940 (107104768.000000000000000000000000) 	| o_ov_flow=0, o_un_flow=1
# => PASS: expect=107104768.000000000000000000000000 (4ccc4940), dut=107104768.000000000000000000000000 (4ccc4940), rounding_error=0.00000000 % (exp_error = 0.00001192 %)
# [Random][ADD]i_32_a=cfde555b (-7460271616.000000000000000000000000) + i_32_b=4fe18680 (7567376384.000000000000000000000000) 	| o_32_s=4ccc4940 (107104768.000000000000000000000000) 	| o_ov_flow=0, o_un_flow=1
# => PASS: expect=107104768.000000000000000000000000 (4ccc4940), dut=107104768.000000000000000000000000 (4ccc4940), rounding_error=0.00000000 % (exp_error = 0.00001192 %)
# [Random][SUB]i_32_a=4fe18680 (7567376384.000000000000000000000000) - i_32_b=cfde555b (-7460271616.000000000000000000000000) 	| o_32_s=505feded (15027647488.000000000000000000000000) 	| o_ov_flow=1, o_un_flow=0
# => PASS: expect=15027648000.000000000000000000000000 (505fedee), dut=15027647488.000000000000000000000000 (505fedee), rounding_error=0.00000341 % (exp_error = 0.00001192 %)
# [Random][SUB]i_32_a=cfde555b (-7460271616.000000000000000000000000) - i_32_b=4fe18680 (7567376384.000000000000000000000000) 	| o_32_s=d05feded (-15027647488.000000000000000000000000) 	| o_ov_flow=1, o_un_flow=0
# => PASS: expect=-15027648000.000000000000000000000000 (d05fedee), dut=-15027647488.000000000000000000000000 (d05fedee), rounding_error=0.00000341 % (exp_error = 0.00001192 %)
# ==========[ Read data from ROM ]==========
# [Random][ADD]i_32_a=503e0ace (12753516544.000000000000000000000000) + i_32_b=5113bd20 (39658323968.000000000000000000000000) 	| o_32_s=51433fd3 (52411838464.000000000000000000000000) 	| o_ov_flow=0, o_un_flow=0
# => PASS: expect=52411840512.000000000000000000000000 (51433fd4), dut=52411838464.000000000000000000000000 (51433fd4), rounding_error=0.00000391 % (exp_error = 0.00001192 %)
# [Random][ADD]i_32_a=5113bd20 (39658323968.000000000000000000000000) + i_32_b=503e0ace (12753516544.000000000000000000000000) 	| o_32_s=51433fd3 (52411838464.000000000000000000000000) 	| o_ov_flow=0, o_un_flow=0
# => PASS: expect=52411840512.000000000000000000000000 (51433fd4), dut=52411838464.000000000000000000000000 (51433fd4), rounding_error=0.00000391 % (exp_error = 0.00001192 %)
# [Random][SUB]i_32_a=503e0ace (12753516544.000000000000000000000000) - i_32_b=5113bd20 (39658323968.000000000000000000000000) 	| o_32_s=d0c874d9 (-26904807424.000000000000000000000000) 	| o_ov_flow=0, o_un_flow=1
# => PASS: expect=-26904807424.000000000000000000000000 (d0c874d9), dut=-26904807424.000000000000000000000000 (d0c874d9), rounding_error=0.00000000 % (exp_error = 0.00001192 %)
# [Random][SUB]i_32_a=5113bd20 (39658323968.000000000000000000000000) - i_32_b=503e0ace (12753516544.000000000000000000000000) 	| o_32_s=50c874d9 (26904807424.000000000000000000000000) 	| o_ov_flow=0, o_un_flow=1
# => PASS: expect=26904807424.000000000000000000000000 (50c874d9), dut=26904807424.000000000000000000000000 (50c874d9), rounding_error=0.00000000 % (exp_error = 0.00001192 %)
# ==========[ Read data from ROM ]==========
# [Random][ADD]i_32_a=512badd5 (46084739072.000000000000000000000000) + i_32_b=51e84c26 (124713746432.000000000000000000000000) 	| o_32_s=521f1188 (170798481408.000000000000000000000000) 	| o_ov_flow=1, o_un_flow=1
# => PASS: expect=170798485504.000000000000000000000000 (521f1188), dut=170798481408.000000000000000000000000 (521f1188), rounding_error=0.00000240 % (exp_error = 0.00001192 %)
# [Random][ADD]i_32_a=51e84c26 (124713746432.000000000000000000000000) + i_32_b=512badd5 (46084739072.000000000000000000000000) 	| o_32_s=521f1188 (170798481408.000000000000000000000000) 	| o_ov_flow=1, o_un_flow=1
# => PASS: expect=170798485504.000000000000000000000000 (521f1188), dut=170798481408.000000000000000000000000 (521f1188), rounding_error=0.00000240 % (exp_error = 0.00001192 %)
# [Random][SUB]i_32_a=512badd5 (46084739072.000000000000000000000000) - i_32_b=51e84c26 (124713746432.000000000000000000000000) 	| o_32_s=d192753b (-78629003264.000000000000000000000000) 	| o_ov_flow=0, o_un_flow=0
# => PASS: expect=-78629007360.000000000000000000000000 (d192753c), dut=-78629003264.000000000000000000000000 (d192753c), rounding_error=0.00000521 % (exp_error = 0.00001192 %)
# [Random][SUB]i_32_a=51e84c26 (124713746432.000000000000000000000000) - i_32_b=512badd5 (46084739072.000000000000000000000000) 	| o_32_s=5192753b (78629003264.000000000000000000000000) 	| o_ov_flow=0, o_un_flow=0
# => PASS: expect=78629007360.000000000000000000000000 (5192753c), dut=78629003264.000000000000000000000000 (5192753c), rounding_error=0.00000521 % (exp_error = 0.00001192 %)
# ==========[ Read data from ROM ]==========
# [Random][ADD]i_32_a=50ee4b8c (31983427584.000000000000000000000000) + i_32_b=524a7b7a (217413746688.000000000000000000000000) 	| o_32_s=526844eb (249397166080.000000000000000000000000) 	| o_ov_flow=0, o_un_flow=0
# => PASS: expect=249397174272.000000000000000000000000 (526844ec), dut=249397166080.000000000000000000000000 (526844ec), rounding_error=0.00000328 % (exp_error = 0.00001192 %)
# [Random][ADD]i_32_a=524a7b7a (217413746688.000000000000000000000000) + i_32_b=50ee4b8c (31983427584.000000000000000000000000) 	| o_32_s=526844eb (249397166080.000000000000000000000000) 	| o_ov_flow=0, o_un_flow=0
# => PASS: expect=249397174272.000000000000000000000000 (526844ec), dut=249397166080.000000000000000000000000 (526844ec), rounding_error=0.00000328 % (exp_error = 0.00001192 %)
# [Random][SUB]i_32_a=50ee4b8c (31983427584.000000000000000000000000) - i_32_b=524a7b7a (217413746688.000000000000000000000000) 	| o_32_s=d22cb208 (-185430310912.000000000000000000000000) 	| o_ov_flow=0, o_un_flow=0
# => PASS: expect=-185430319104.000000000000000000000000 (d22cb208), dut=-185430310912.000000000000000000000000 (d22cb208), rounding_error=0.00000442 % (exp_error = 0.00001192 %)
# [Random][SUB]i_32_a=524a7b7a (217413746688.000000000000000000000000) - i_32_b=50ee4b8c (31983427584.000000000000000000000000) 	| o_32_s=522cb208 (185430310912.000000000000000000000000) 	| o_ov_flow=0, o_un_flow=0
# => PASS: expect=185430319104.000000000000000000000000 (522cb208), dut=185430310912.000000000000000000000000 (522cb208), rounding_error=0.00000442 % (exp_error = 0.00001192 %)
# ==========[ Read data from ROM ]==========
# [Random][ADD]i_32_a=4f3cc91c (3167296512.000000000000000000000000) + i_32_b=519cf951 (84274716672.000000000000000000000000) 	| o_32_s=51a2df9a (87442014208.000000000000000000000000) 	| o_ov_flow=0, o_un_flow=0
# => PASS: expect=87442013184.000000000000000000000000 (51a2df9a), dut=87442014208.000000000000000000000000 (51a2df9a), rounding_error=0.00000117 % (exp_error = 0.00001192 %)
# [Random][ADD]i_32_a=519cf951 (84274716672.000000000000000000000000) + i_32_b=4f3cc91c (3167296512.000000000000000000000000) 	| o_32_s=51a2df9a (87442014208.000000000000000000000000) 	| o_ov_flow=0, o_un_flow=0
# => PASS: expect=87442013184.000000000000000000000000 (51a2df9a), dut=87442014208.000000000000000000000000 (51a2df9a), rounding_error=0.00000117 % (exp_error = 0.00001192 %)
# [Random][SUB]i_32_a=4f3cc91c (3167296512.000000000000000000000000) - i_32_b=519cf951 (84274716672.000000000000000000000000) 	| o_32_s=d1971308 (-81107419136.000000000000000000000000) 	| o_ov_flow=0, o_un_flow=0
# => PASS: expect=-81107420160.000000000000000000000000 (d1971308), dut=-81107419136.000000000000000000000000 (d1971308), rounding_error=0.00000126 % (exp_error = 0.00001192 %)
# [Random][SUB]i_32_a=519cf951 (84274716672.000000000000000000000000) - i_32_b=4f3cc91c (3167296512.000000000000000000000000) 	| o_32_s=51971308 (81107419136.000000000000000000000000) 	| o_ov_flow=0, o_un_flow=0
# => PASS: expect=81107420160.000000000000000000000000 (51971308), dut=81107419136.000000000000000000000000 (51971308), rounding_error=0.00000126 % (exp_error = 0.00001192 %)
# ==========[ Read data from ROM ]==========
# [Random][ADD]i_32_a=50a0d6b1 (21587396608.000000000000000000000000) + i_32_b=5173b7b6 (65422450688.000000000000000000000000) 	| o_32_s=51a21187 (87009845248.000000000000000000000000) 	| o_ov_flow=1, o_un_flow=1
# => PASS: expect=87009847296.000000000000000000000000 (51a21187), dut=87009845248.000000000000000000000000 (51a21187), rounding_error=0.00000235 % (exp_error = 0.00001192 %)
# [Random][ADD]i_32_a=5173b7b6 (65422450688.000000000000000000000000) + i_32_b=50a0d6b1 (21587396608.000000000000000000000000) 	| o_32_s=51a21187 (87009845248.000000000000000000000000) 	| o_ov_flow=1, o_un_flow=1
# => PASS: expect=87009847296.000000000000000000000000 (51a21187), dut=87009845248.000000000000000000000000 (51a21187), rounding_error=0.00000235 % (exp_error = 0.00001192 %)
# [Random][SUB]i_32_a=50a0d6b1 (21587396608.000000000000000000000000) - i_32_b=5173b7b6 (65422450688.000000000000000000000000) 	| o_32_s=d1234c5d (-43835052032.000000000000000000000000) 	| o_ov_flow=0, o_un_flow=0
# => PASS: expect=-43835054080.000000000000000000000000 (d1234c5e), dut=-43835052032.000000000000000000000000 (d1234c5e), rounding_error=0.00000467 % (exp_error = 0.00001192 %)
# [Random][SUB]i_32_a=5173b7b6 (65422450688.000000000000000000000000) - i_32_b=50a0d6b1 (21587396608.000000000000000000000000) 	| o_32_s=51234c5d (43835052032.000000000000000000000000) 	| o_ov_flow=0, o_un_flow=0
# => PASS: expect=43835054080.000000000000000000000000 (51234c5e), dut=43835052032.000000000000000000000000 (51234c5e), rounding_error=0.00000467 % (exp_error = 0.00001192 %)
# ==========[ Read data from ROM ]==========
# [Random][ADD]i_32_a=50cce740 (27501658112.000000000000000000000000) + i_32_b=513a0b08 (49940561920.000000000000000000000000) 	| o_32_s=51903f54 (77442220032.000000000000000000000000) 	| o_ov_flow=1, o_un_flow=1
# => PASS: expect=77442220032.000000000000000000000000 (51903f54), dut=77442220032.000000000000000000000000 (51903f54), rounding_error=0.00000000 % (exp_error = 0.00001192 %)
# [Random][ADD]i_32_a=513a0b08 (49940561920.000000000000000000000000) + i_32_b=50cce740 (27501658112.000000000000000000000000) 	| o_32_s=51903f54 (77442220032.000000000000000000000000) 	| o_ov_flow=1, o_un_flow=1
# => PASS: expect=77442220032.000000000000000000000000 (51903f54), dut=77442220032.000000000000000000000000 (51903f54), rounding_error=0.00000000 % (exp_error = 0.00001192 %)
# [Random][SUB]i_32_a=50cce740 (27501658112.000000000000000000000000) - i_32_b=513a0b08 (49940561920.000000000000000000000000) 	| o_32_s=d0a72ed0 (-22438903808.000000000000000000000000) 	| o_ov_flow=0, o_un_flow=1
# => PASS: expect=-22438903808.000000000000000000000000 (d0a72ed0), dut=-22438903808.000000000000000000000000 (d0a72ed0), rounding_error=0.00000000 % (exp_error = 0.00001192 %)
# [Random][SUB]i_32_a=513a0b08 (49940561920.000000000000000000000000) - i_32_b=50cce740 (27501658112.000000000000000000000000) 	| o_32_s=50a72ed0 (22438903808.000000000000000000000000) 	| o_ov_flow=0, o_un_flow=1
# => PASS: expect=22438903808.000000000000000000000000 (50a72ed0), dut=22438903808.000000000000000000000000 (50a72ed0), rounding_error=0.00000000 % (exp_error = 0.00001192 %)
# ==========[ Read data from ROM ]==========
# [Random][ADD]i_32_a=510789fb (36383469568.000000000000000000000000) + i_32_b=50cec2f9 (27751073792.000000000000000000000000) 	| o_32_s=516eeb77 (64134541312.000000000000000000000000) 	| o_ov_flow=0, o_un_flow=0
# => PASS: expect=64134543360.000000000000000000000000 (516eeb78), dut=64134541312.000000000000000000000000 (516eeb78), rounding_error=0.00000319 % (exp_error = 0.00001192 %)
# [Random][ADD]i_32_a=50cec2f9 (27751073792.000000000000000000000000) + i_32_b=510789fb (36383469568.000000000000000000000000) 	| o_32_s=516eeb77 (64134541312.000000000000000000000000) 	| o_ov_flow=0, o_un_flow=0
# => PASS: expect=64134543360.000000000000000000000000 (516eeb78), dut=64134541312.000000000000000000000000 (516eeb78), rounding_error=0.00000319 % (exp_error = 0.00001192 %)
# [Random][SUB]i_32_a=510789fb (36383469568.000000000000000000000000) - i_32_b=50cec2f9 (27751073792.000000000000000000000000) 	| o_32_s=5000a1fa (8632395776.000000000000000000000000) 	| o_ov_flow=0, o_un_flow=1
# => PASS: expect=8632395776.000000000000000000000000 (5000a1fa), dut=8632395776.000000000000000000000000 (5000a1fa), rounding_error=0.00000000 % (exp_error = 0.00001192 %)
# [Random][SUB]i_32_a=50cec2f9 (27751073792.000000000000000000000000) - i_32_b=510789fb (36383469568.000000000000000000000000) 	| o_32_s=d000a1fa (-8632395776.000000000000000000000000) 	| o_ov_flow=0, o_un_flow=1
# => PASS: expect=-8632395776.000000000000000000000000 (d000a1fa), dut=-8632395776.000000000000000000000000 (d000a1fa), rounding_error=0.00000000 % (exp_error = 0.00001192 %)
# ==========[ Read data from ROM ]==========
# [Random][ADD]i_32_a=50467c8f (13320207360.000000000000000000000000) + i_32_b=519044e1 (77453860864.000000000000000000000000) 	| o_32_s=51a91473 (90774069248.000000000000000000000000) 	| o_ov_flow=0, o_un_flow=0
# => PASS: expect=90774068224.000000000000000000000000 (51a91473), dut=90774069248.000000000000000000000000 (51a91473), rounding_error=0.00000113 % (exp_error = 0.00001192 %)
# [Random][ADD]i_32_a=519044e1 (77453860864.000000000000000000000000) + i_32_b=50467c8f (13320207360.000000000000000000000000) 	| o_32_s=51a91473 (90774069248.000000000000000000000000) 	| o_ov_flow=0, o_un_flow=0
# => PASS: expect=90774068224.000000000000000000000000 (51a91473), dut=90774069248.000000000000000000000000 (51a91473), rounding_error=0.00000113 % (exp_error = 0.00001192 %)
# [Random][SUB]i_32_a=50467c8f (13320207360.000000000000000000000000) - i_32_b=519044e1 (77453860864.000000000000000000000000) 	| o_32_s=d16eea9e (-64133652480.000000000000000000000000) 	| o_ov_flow=0, o_un_flow=1
# => PASS: expect=-64133653504.000000000000000000000000 (d16eea9e), dut=-64133652480.000000000000000000000000 (d16eea9e), rounding_error=0.00000160 % (exp_error = 0.00001192 %)
# [Random][SUB]i_32_a=519044e1 (77453860864.000000000000000000000000) - i_32_b=50467c8f (13320207360.000000000000000000000000) 	| o_32_s=516eea9e (64133652480.000000000000000000000000) 	| o_ov_flow=0, o_un_flow=1
# => PASS: expect=64133653504.000000000000000000000000 (516eea9e), dut=64133652480.000000000000000000000000 (516eea9e), rounding_error=0.00000160 % (exp_error = 0.00001192 %)
# ==========[ Read data from ROM ]==========
# [Random][ADD]i_32_a=508087c7 (17251055616.000000000000000000000000) + i_32_b=511cc88d (42086223872.000000000000000000000000) 	| o_32_s=515d0c70 (59337277440.000000000000000000000000) 	| o_ov_flow=0, o_un_flow=0
# => PASS: expect=59337279488.000000000000000000000000 (515d0c70), dut=59337277440.000000000000000000000000 (515d0c70), rounding_error=0.00000345 % (exp_error = 0.00001192 %)
# [Random][ADD]i_32_a=511cc88d (42086223872.000000000000000000000000) + i_32_b=508087c7 (17251055616.000000000000000000000000) 	| o_32_s=515d0c70 (59337277440.000000000000000000000000) 	| o_ov_flow=0, o_un_flow=0
# => PASS: expect=59337279488.000000000000000000000000 (515d0c70), dut=59337277440.000000000000000000000000 (515d0c70), rounding_error=0.00000345 % (exp_error = 0.00001192 %)
# [Random][SUB]i_32_a=508087c7 (17251055616.000000000000000000000000) - i_32_b=511cc88d (42086223872.000000000000000000000000) 	| o_32_s=d0b90953 (-24835168256.000000000000000000000000) 	| o_ov_flow=0, o_un_flow=1
# => PASS: expect=-24835168256.000000000000000000000000 (d0b90953), dut=-24835168256.000000000000000000000000 (d0b90953), rounding_error=0.00000000 % (exp_error = 0.00001192 %)
# [Random][SUB]i_32_a=511cc88d (42086223872.000000000000000000000000) - i_32_b=508087c7 (17251055616.000000000000000000000000) 	| o_32_s=50b90953 (24835168256.000000000000000000000000) 	| o_ov_flow=0, o_un_flow=1
# => PASS: expect=24835168256.000000000000000000000000 (50b90953), dut=24835168256.000000000000000000000000 (50b90953), rounding_error=0.00000000 % (exp_error = 0.00001192 %)
# ==========[ Read data from ROM ]==========
# [Random][ADD]i_32_a=51011c04 (34657550336.000000000000000000000000) + i_32_b=51dbe92b (118063718400.000000000000000000000000) 	| o_32_s=520e3b96 (152721260544.000000000000000000000000) 	| o_ov_flow=1, o_un_flow=1
# => PASS: expect=152721268736.000000000000000000000000 (520e3b96), dut=152721260544.000000000000000000000000 (520e3b96), rounding_error=0.00000536 % (exp_error = 0.00001192 %)
# [Random][ADD]i_32_a=51dbe92b (118063718400.000000000000000000000000) + i_32_b=51011c04 (34657550336.000000000000000000000000) 	| o_32_s=520e3b96 (152721260544.000000000000000000000000) 	| o_ov_flow=1, o_un_flow=1
# => PASS: expect=152721268736.000000000000000000000000 (520e3b96), dut=152721260544.000000000000000000000000 (520e3b96), rounding_error=0.00000536 % (exp_error = 0.00001192 %)
# [Random][SUB]i_32_a=51011c04 (34657550336.000000000000000000000000) - i_32_b=51dbe92b (118063718400.000000000000000000000000) 	| o_32_s=d19b5b29 (-83406168064.000000000000000000000000) 	| o_ov_flow=0, o_un_flow=0
# => PASS: expect=-83406168064.000000000000000000000000 (d19b5b29), dut=-83406168064.000000000000000000000000 (d19b5b29), rounding_error=0.00000000 % (exp_error = 0.00001192 %)
# [Random][SUB]i_32_a=51dbe92b (118063718400.000000000000000000000000) - i_32_b=51011c04 (34657550336.000000000000000000000000) 	| o_32_s=519b5b29 (83406168064.000000000000000000000000) 	| o_ov_flow=0, o_un_flow=0
# => PASS: expect=83406168064.000000000000000000000000 (519b5b29), dut=83406168064.000000000000000000000000 (519b5b29), rounding_error=0.00000000 % (exp_error = 0.00001192 %)
# ==========[ Read data from ROM ]==========
# [Random][ADD]i_32_a=4fd50511 (7147758080.000000000000000000000000) + i_32_b=51037e39 (35297398784.000000000000000000000000) 	| o_32_s=511e1edb (42445156352.000000000000000000000000) 	| o_ov_flow=0, o_un_flow=0
# => PASS: expect=42445156864.000000000000000000000000 (511e1edb), dut=42445156352.000000000000000000000000 (511e1edb), rounding_error=0.00000121 % (exp_error = 0.00001192 %)
# [Random][ADD]i_32_a=51037e39 (35297398784.000000000000000000000000) + i_32_b=4fd50511 (7147758080.000000000000000000000000) 	| o_32_s=511e1edb (42445156352.000000000000000000000000) 	| o_ov_flow=0, o_un_flow=0
# => PASS: expect=42445156864.000000000000000000000000 (511e1edb), dut=42445156352.000000000000000000000000 (511e1edb), rounding_error=0.00000121 % (exp_error = 0.00001192 %)
# [Random][SUB]i_32_a=4fd50511 (7147758080.000000000000000000000000) - i_32_b=51037e39 (35297398784.000000000000000000000000) 	| o_32_s=d0d1bb2e (-28149641216.000000000000000000000000) 	| o_ov_flow=0, o_un_flow=1
# => PASS: expect=-28149640704.000000000000000000000000 (d0d1bb2e), dut=-28149641216.000000000000000000000000 (d0d1bb2e), rounding_error=0.00000182 % (exp_error = 0.00001192 %)
# [Random][SUB]i_32_a=51037e39 (35297398784.000000000000000000000000) - i_32_b=4fd50511 (7147758080.000000000000000000000000) 	| o_32_s=50d1bb2e (28149641216.000000000000000000000000) 	| o_ov_flow=0, o_un_flow=1
# => PASS: expect=28149640704.000000000000000000000000 (50d1bb2e), dut=28149641216.000000000000000000000000 (50d1bb2e), rounding_error=0.00000182 % (exp_error = 0.00001192 %)
# ==========[ Read data from ROM ]==========
# [Random][ADD]i_32_a=50cce4d4 (27500388352.000000000000000000000000) + i_32_b=521a8835 (165927534592.000000000000000000000000) 	| o_32_s=523424cf (193427914752.000000000000000000000000) 	| o_ov_flow=0, o_un_flow=0
# => PASS: expect=193427922944.000000000000000000000000 (523424d0), dut=193427914752.000000000000000000000000 (523424d0), rounding_error=0.00000424 % (exp_error = 0.00001192 %)
# [Random][ADD]i_32_a=521a8835 (165927534592.000000000000000000000000) + i_32_b=50cce4d4 (27500388352.000000000000000000000000) 	| o_32_s=523424cf (193427914752.000000000000000000000000) 	| o_ov_flow=0, o_un_flow=0
# => PASS: expect=193427922944.000000000000000000000000 (523424d0), dut=193427914752.000000000000000000000000 (523424d0), rounding_error=0.00000424 % (exp_error = 0.00001192 %)
# [Random][SUB]i_32_a=50cce4d4 (27500388352.000000000000000000000000) - i_32_b=521a8835 (165927534592.000000000000000000000000) 	| o_32_s=d200eb9a (-138427138048.000000000000000000000000) 	| o_ov_flow=0, o_un_flow=0
# => PASS: expect=-138427146240.000000000000000000000000 (d200eb9a), dut=-138427138048.000000000000000000000000 (d200eb9a), rounding_error=0.00000592 % (exp_error = 0.00001192 %)
# [Random][SUB]i_32_a=521a8835 (165927534592.000000000000000000000000) - i_32_b=50cce4d4 (27500388352.000000000000000000000000) 	| o_32_s=5200eb9a (138427138048.000000000000000000000000) 	| o_ov_flow=0, o_un_flow=0
# => PASS: expect=138427146240.000000000000000000000000 (5200eb9a), dut=138427138048.000000000000000000000000 (5200eb9a), rounding_error=0.00000592 % (exp_error = 0.00001192 %)
# ==========[ Read data from ROM ]==========
# [Random][ADD]i_32_a=4f81a7df (4350524928.000000000000000000000000) + i_32_b=51d16075 (112408305664.000000000000000000000000) 	| o_32_s=51d97af3 (116758831104.000000000000000000000000) 	| o_ov_flow=0, o_un_flow=0
# => PASS: expect=116758830592.000000000000000000000000 (51d97af3), dut=116758831104.000000000000000000000000 (51d97af3), rounding_error=0.00000044 % (exp_error = 0.00001192 %)
# [Random][ADD]i_32_a=51d16075 (112408305664.000000000000000000000000) + i_32_b=4f81a7df (4350524928.000000000000000000000000) 	| o_32_s=51d97af3 (116758831104.000000000000000000000000) 	| o_ov_flow=0, o_un_flow=0
# => PASS: expect=116758830592.000000000000000000000000 (51d97af3), dut=116758831104.000000000000000000000000 (51d97af3), rounding_error=0.00000044 % (exp_error = 0.00001192 %)
# [Random][SUB]i_32_a=4f81a7df (4350524928.000000000000000000000000) - i_32_b=51d16075 (112408305664.000000000000000000000000) 	| o_32_s=d1c945f7 (-108057780224.000000000000000000000000) 	| o_ov_flow=0, o_un_flow=0
# => PASS: expect=-108057780736.000000000000000000000000 (d1c945f7), dut=-108057780224.000000000000000000000000 (d1c945f7), rounding_error=0.00000047 % (exp_error = 0.00001192 %)
# [Random][SUB]i_32_a=51d16075 (112408305664.000000000000000000000000) - i_32_b=4f81a7df (4350524928.000000000000000000000000) 	| o_32_s=51c945f7 (108057780224.000000000000000000000000) 	| o_ov_flow=0, o_un_flow=0
# => PASS: expect=108057780736.000000000000000000000000 (51c945f7), dut=108057780224.000000000000000000000000 (51c945f7), rounding_error=0.00000047 % (exp_error = 0.00001192 %)
# ==========[ Read data from ROM ]==========
# [Random][ADD]i_32_a=4ebd28dd (1586785920.000000000000000000000000) + i_32_b=51d2a2e8 (113084530688.000000000000000000000000) 	| o_32_s=51d5978c (114671321088.000000000000000000000000) 	| o_ov_flow=0, o_un_flow=0
# => PASS: expect=114671316608.000000000000000000000000 (51d5978b), dut=114671321088.000000000000000000000000 (51d5978b), rounding_error=0.00000391 % (exp_error = 0.00001192 %)
# [Random][ADD]i_32_a=51d2a2e8 (113084530688.000000000000000000000000) + i_32_b=4ebd28dd (1586785920.000000000000000000000000) 	| o_32_s=51d5978c (114671321088.000000000000000000000000) 	| o_ov_flow=0, o_un_flow=0
# => PASS: expect=114671316608.000000000000000000000000 (51d5978b), dut=114671321088.000000000000000000000000 (51d5978b), rounding_error=0.00000391 % (exp_error = 0.00001192 %)
# [Random][SUB]i_32_a=4ebd28dd (1586785920.000000000000000000000000) - i_32_b=51d2a2e8 (113084530688.000000000000000000000000) 	| o_32_s=d1cfae44 (-111497740288.000000000000000000000000) 	| o_ov_flow=0, o_un_flow=0
# => PASS: expect=-111497744768.000000000000000000000000 (d1cfae45), dut=-111497740288.000000000000000000000000 (d1cfae45), rounding_error=0.00000402 % (exp_error = 0.00001192 %)
# [Random][SUB]i_32_a=51d2a2e8 (113084530688.000000000000000000000000) - i_32_b=4ebd28dd (1586785920.000000000000000000000000) 	| o_32_s=51cfae44 (111497740288.000000000000000000000000) 	| o_ov_flow=0, o_un_flow=0
# => PASS: expect=111497744768.000000000000000000000000 (51cfae45), dut=111497740288.000000000000000000000000 (51cfae45), rounding_error=0.00000402 % (exp_error = 0.00001192 %)
# ==========[ Read data from ROM ]==========
# [Random][ADD]i_32_a=50a7d150 (22524100608.000000000000000000000000) + i_32_b=5129a20f (45535522816.000000000000000000000000) 	| o_32_s=517d8ab7 (68059623424.000000000000000000000000) 	| o_ov_flow=0, o_un_flow=0
# => PASS: expect=68059623424.000000000000000000000000 (517d8ab7), dut=68059623424.000000000000000000000000 (517d8ab7), rounding_error=0.00000000 % (exp_error = 0.00001192 %)
# [Random][ADD]i_32_a=5129a20f (45535522816.000000000000000000000000) + i_32_b=50a7d150 (22524100608.000000000000000000000000) 	| o_32_s=517d8ab7 (68059623424.000000000000000000000000) 	| o_ov_flow=0, o_un_flow=0
# => PASS: expect=68059623424.000000000000000000000000 (517d8ab7), dut=68059623424.000000000000000000000000 (517d8ab7), rounding_error=0.00000000 % (exp_error = 0.00001192 %)
# [Random][SUB]i_32_a=50a7d150 (22524100608.000000000000000000000000) - i_32_b=5129a20f (45535522816.000000000000000000000000) 	| o_32_s=d0ab72ce (-23011422208.000000000000000000000000) 	| o_ov_flow=0, o_un_flow=1
# => PASS: expect=-23011422208.000000000000000000000000 (d0ab72ce), dut=-23011422208.000000000000000000000000 (d0ab72ce), rounding_error=0.00000000 % (exp_error = 0.00001192 %)
# [Random][SUB]i_32_a=5129a20f (45535522816.000000000000000000000000) - i_32_b=50a7d150 (22524100608.000000000000000000000000) 	| o_32_s=50ab72ce (23011422208.000000000000000000000000) 	| o_ov_flow=0, o_un_flow=1
# => PASS: expect=23011422208.000000000000000000000000 (50ab72ce), dut=23011422208.000000000000000000000000 (50ab72ce), rounding_error=0.00000000 % (exp_error = 0.00001192 %)
# ==========[ Read data from ROM ]==========
# [Random][ADD]i_32_a=50a4b18e (22104797184.000000000000000000000000) + i_32_b=51cec1dc (111001960448.000000000000000000000000) 	| o_32_s=51f7ee3f (133106753536.000000000000000000000000) 	| o_ov_flow=0, o_un_flow=0
# => PASS: expect=133106757632.000000000000000000000000 (51f7ee40), dut=133106753536.000000000000000000000000 (51f7ee40), rounding_error=0.00000308 % (exp_error = 0.00001192 %)
# [Random][ADD]i_32_a=51cec1dc (111001960448.000000000000000000000000) + i_32_b=50a4b18e (22104797184.000000000000000000000000) 	| o_32_s=51f7ee3f (133106753536.000000000000000000000000) 	| o_ov_flow=0, o_un_flow=0
# => PASS: expect=133106757632.000000000000000000000000 (51f7ee40), dut=133106753536.000000000000000000000000 (51f7ee40), rounding_error=0.00000308 % (exp_error = 0.00001192 %)
# [Random][SUB]i_32_a=50a4b18e (22104797184.000000000000000000000000) - i_32_b=51cec1dc (111001960448.000000000000000000000000) 	| o_32_s=d1a59578 (-88897159168.000000000000000000000000) 	| o_ov_flow=0, o_un_flow=0
# => PASS: expect=-88897163264.000000000000000000000000 (d1a59578), dut=-88897159168.000000000000000000000000 (d1a59578), rounding_error=0.00000461 % (exp_error = 0.00001192 %)
# [Random][SUB]i_32_a=51cec1dc (111001960448.000000000000000000000000) - i_32_b=50a4b18e (22104797184.000000000000000000000000) 	| o_32_s=51a59578 (88897159168.000000000000000000000000) 	| o_ov_flow=0, o_un_flow=0
# => PASS: expect=88897163264.000000000000000000000000 (51a59578), dut=88897159168.000000000000000000000000 (51a59578), rounding_error=0.00000461 % (exp_error = 0.00001192 %)
# ==========[ Read data from ROM ]==========
# [Random][ADD]i_32_a=50d46b85 (28510529536.000000000000000000000000) + i_32_b=5121eee5 (43468607488.000000000000000000000000) 	| o_32_s=51861254 (71979139072.000000000000000000000000) 	| o_ov_flow=1, o_un_flow=1
# => PASS: expect=71979137024.000000000000000000000000 (51861254), dut=71979139072.000000000000000000000000 (51861254), rounding_error=0.00000285 % (exp_error = 0.00001192 %)
# [Random][ADD]i_32_a=5121eee5 (43468607488.000000000000000000000000) + i_32_b=50d46b85 (28510529536.000000000000000000000000) 	| o_32_s=51861254 (71979139072.000000000000000000000000) 	| o_ov_flow=1, o_un_flow=1
# => PASS: expect=71979137024.000000000000000000000000 (51861254), dut=71979139072.000000000000000000000000 (51861254), rounding_error=0.00000285 % (exp_error = 0.00001192 %)
# [Random][SUB]i_32_a=50d46b85 (28510529536.000000000000000000000000) - i_32_b=5121eee5 (43468607488.000000000000000000000000) 	| o_32_s=d05ee48a (-14958077952.000000000000000000000000) 	| o_ov_flow=0, o_un_flow=1
# => PASS: expect=-14958077952.000000000000000000000000 (d05ee48a), dut=-14958077952.000000000000000000000000 (d05ee48a), rounding_error=0.00000000 % (exp_error = 0.00001192 %)
# [Random][SUB]i_32_a=5121eee5 (43468607488.000000000000000000000000) - i_32_b=50d46b85 (28510529536.000000000000000000000000) 	| o_32_s=505ee48a (14958077952.000000000000000000000000) 	| o_ov_flow=0, o_un_flow=1
# => PASS: expect=14958077952.000000000000000000000000 (505ee48a), dut=14958077952.000000000000000000000000 (505ee48a), rounding_error=0.00000000 % (exp_error = 0.00001192 %)
# ==========[ Read data from ROM ]==========
# [Random][ADD]i_32_a=5108258e (36546600960.000000000000000000000000) + i_32_b=ce7cfc8d (-1061102400.000000000000000000000000) 	| o_32_s=5104319c (35485499392.000000000000000000000000) 	| o_ov_flow=0, o_un_flow=0
# => PASS: expect=35485498560.000000000000000000000000 (5104319c), dut=35485499392.000000000000000000000000 (5104319c), rounding_error=0.00000234 % (exp_error = 0.00001192 %)
# [Random][ADD]i_32_a=ce7cfc8d (-1061102400.000000000000000000000000) + i_32_b=5108258e (36546600960.000000000000000000000000) 	| o_32_s=5104319c (35485499392.000000000000000000000000) 	| o_ov_flow=0, o_un_flow=0
# => PASS: expect=35485498560.000000000000000000000000 (5104319c), dut=35485499392.000000000000000000000000 (5104319c), rounding_error=0.00000234 % (exp_error = 0.00001192 %)
# [Random][SUB]i_32_a=5108258e (36546600960.000000000000000000000000) - i_32_b=ce7cfc8d (-1061102400.000000000000000000000000) 	| o_32_s=510c1980 (37607702528.000000000000000000000000) 	| o_ov_flow=0, o_un_flow=0
# => PASS: expect=37607703360.000000000000000000000000 (510c1980), dut=37607702528.000000000000000000000000 (510c1980), rounding_error=0.00000221 % (exp_error = 0.00001192 %)
# [Random][SUB]i_32_a=ce7cfc8d (-1061102400.000000000000000000000000) - i_32_b=5108258e (36546600960.000000000000000000000000) 	| o_32_s=d10c1980 (-37607702528.000000000000000000000000) 	| o_ov_flow=0, o_un_flow=0
# => PASS: expect=-37607703360.000000000000000000000000 (d10c1980), dut=-37607702528.000000000000000000000000 (d10c1980), rounding_error=0.00000221 % (exp_error = 0.00001192 %)
# ==========[ Read data from ROM ]==========
# [Random][ADD]i_32_a=5131ccf9 (47728005120.000000000000000000000000) + i_32_b=521d06f7 (168606679040.000000000000000000000000) 	| o_32_s=52497a35 (216334680064.000000000000000000000000) 	| o_ov_flow=0, o_un_flow=0
# => PASS: expect=216334684160.000000000000000000000000 (52497a35), dut=216334680064.000000000000000000000000 (52497a35), rounding_error=0.00000189 % (exp_error = 0.00001192 %)
# [Random][ADD]i_32_a=521d06f7 (168606679040.000000000000000000000000) + i_32_b=5131ccf9 (47728005120.000000000000000000000000) 	| o_32_s=52497a35 (216334680064.000000000000000000000000) 	| o_ov_flow=0, o_un_flow=0
# => PASS: expect=216334684160.000000000000000000000000 (52497a35), dut=216334680064.000000000000000000000000 (52497a35), rounding_error=0.00000189 % (exp_error = 0.00001192 %)
# [Random][SUB]i_32_a=5131ccf9 (47728005120.000000000000000000000000) - i_32_b=521d06f7 (168606679040.000000000000000000000000) 	| o_32_s=d1e12771 (-120878669824.000000000000000000000000) 	| o_ov_flow=0, o_un_flow=1
# => PASS: expect=-120878673920.000000000000000000000000 (d1e12772), dut=-120878669824.000000000000000000000000 (d1e12772), rounding_error=0.00000339 % (exp_error = 0.00001192 %)
# [Random][SUB]i_32_a=521d06f7 (168606679040.000000000000000000000000) - i_32_b=5131ccf9 (47728005120.000000000000000000000000) 	| o_32_s=51e12771 (120878669824.000000000000000000000000) 	| o_ov_flow=0, o_un_flow=1
# => PASS: expect=120878673920.000000000000000000000000 (51e12772), dut=120878669824.000000000000000000000000 (51e12772), rounding_error=0.00000339 % (exp_error = 0.00001192 %)
# ==========[ Read data from ROM ]==========
# [Random][ADD]i_32_a=50a3d1de (21987520512.000000000000000000000000) + i_32_b=5201d614 (139410604032.000000000000000000000000) 	| o_32_s=52165050 (161398128640.000000000000000000000000) 	| o_ov_flow=0, o_un_flow=0
# => PASS: expect=161398124544.000000000000000000000000 (52165050), dut=161398128640.000000000000000000000000 (52165050), rounding_error=0.00000254 % (exp_error = 0.00001192 %)
# [Random][ADD]i_32_a=5201d614 (139410604032.000000000000000000000000) + i_32_b=50a3d1de (21987520512.000000000000000000000000) 	| o_32_s=52165050 (161398128640.000000000000000000000000) 	| o_ov_flow=0, o_un_flow=0
# => PASS: expect=161398124544.000000000000000000000000 (52165050), dut=161398128640.000000000000000000000000 (52165050), rounding_error=0.00000254 % (exp_error = 0.00001192 %)
# [Random][SUB]i_32_a=50a3d1de (21987520512.000000000000000000000000) - i_32_b=5201d614 (139410604032.000000000000000000000000) 	| o_32_s=d1dab7b0 (-117423079424.000000000000000000000000) 	| o_ov_flow=0, o_un_flow=1
# => PASS: expect=-117423083520.000000000000000000000000 (d1dab7b0), dut=-117423079424.000000000000000000000000 (d1dab7b0), rounding_error=0.00000349 % (exp_error = 0.00001192 %)
# [Random][SUB]i_32_a=5201d614 (139410604032.000000000000000000000000) - i_32_b=50a3d1de (21987520512.000000000000000000000000) 	| o_32_s=51dab7b0 (117423079424.000000000000000000000000) 	| o_ov_flow=0, o_un_flow=1
# => PASS: expect=117423083520.000000000000000000000000 (51dab7b0), dut=117423079424.000000000000000000000000 (51dab7b0), rounding_error=0.00000349 % (exp_error = 0.00001192 %)
# ==========[ Read data from ROM ]==========
# [Random][ADD]i_32_a=4f8f4d61 (4808425984.000000000000000000000000) + i_32_b=d0a95ac9 (-22730393600.000000000000000000000000) 	| o_32_s=d0858771 (-17921968128.000000000000000000000000) 	| o_ov_flow=0, o_un_flow=0
# => PASS: expect=-17921967616.000000000000000000000000 (d0858771), dut=-17921968128.000000000000000000000000 (d0858771), rounding_error=0.00000286 % (exp_error = 0.00001192 %)
# [Random][ADD]i_32_a=d0a95ac9 (-22730393600.000000000000000000000000) + i_32_b=4f8f4d61 (4808425984.000000000000000000000000) 	| o_32_s=d0858771 (-17921968128.000000000000000000000000) 	| o_ov_flow=0, o_un_flow=0
# => PASS: expect=-17921967616.000000000000000000000000 (d0858771), dut=-17921968128.000000000000000000000000 (d0858771), rounding_error=0.00000286 % (exp_error = 0.00001192 %)
# [Random][SUB]i_32_a=4f8f4d61 (4808425984.000000000000000000000000) - i_32_b=d0a95ac9 (-22730393600.000000000000000000000000) 	| o_32_s=50cd2e21 (27538819072.000000000000000000000000) 	| o_ov_flow=0, o_un_flow=0
# => PASS: expect=27538819584.000000000000000000000000 (50cd2e21), dut=27538819072.000000000000000000000000 (50cd2e21), rounding_error=0.00000186 % (exp_error = 0.00001192 %)
# [Random][SUB]i_32_a=d0a95ac9 (-22730393600.000000000000000000000000) - i_32_b=4f8f4d61 (4808425984.000000000000000000000000) 	| o_32_s=d0cd2e21 (-27538819072.000000000000000000000000) 	| o_ov_flow=0, o_un_flow=0
# => PASS: expect=-27538819584.000000000000000000000000 (d0cd2e21), dut=-27538819072.000000000000000000000000 (d0cd2e21), rounding_error=0.00000186 % (exp_error = 0.00001192 %)
# ==========[ Read data from ROM ]==========
# [Random][ADD]i_32_a=5113257a (39499309056.000000000000000000000000) + i_32_b=5201c920 (139356274688.000000000000000000000000) 	| o_32_s=5226927e (178855575552.000000000000000000000000) 	| o_ov_flow=0, o_un_flow=0
# => PASS: expect=178855583744.000000000000000000000000 (5226927e), dut=178855575552.000000000000000000000000 (5226927e), rounding_error=0.00000458 % (exp_error = 0.00001192 %)
# [Random][ADD]i_32_a=5201c920 (139356274688.000000000000000000000000) + i_32_b=5113257a (39499309056.000000000000000000000000) 	| o_32_s=5226927e (178855575552.000000000000000000000000) 	| o_ov_flow=0, o_un_flow=0
# => PASS: expect=178855583744.000000000000000000000000 (5226927e), dut=178855575552.000000000000000000000000 (5226927e), rounding_error=0.00000458 % (exp_error = 0.00001192 %)
# [Random][SUB]i_32_a=5113257a (39499309056.000000000000000000000000) - i_32_b=5201c920 (139356274688.000000000000000000000000) 	| o_32_s=d1b9ff83 (-99856965632.000000000000000000000000) 	| o_ov_flow=0, o_un_flow=1
# => PASS: expect=-99856965632.000000000000000000000000 (d1b9ff83), dut=-99856965632.000000000000000000000000 (d1b9ff83), rounding_error=0.00000000 % (exp_error = 0.00001192 %)
# [Random][SUB]i_32_a=5201c920 (139356274688.000000000000000000000000) - i_32_b=5113257a (39499309056.000000000000000000000000) 	| o_32_s=51b9ff83 (99856965632.000000000000000000000000) 	| o_ov_flow=0, o_un_flow=1
# => PASS: expect=99856965632.000000000000000000000000 (51b9ff83), dut=99856965632.000000000000000000000000 (51b9ff83), rounding_error=0.00000000 % (exp_error = 0.00001192 %)
# ==========[ Read data from ROM ]==========
# [Random][ADD]i_32_a=5110019c (38656393216.000000000000000000000000) + i_32_b=520457f9 (142102904832.000000000000000000000000) 	| o_32_s=52285860 (180759298048.000000000000000000000000) 	| o_ov_flow=0, o_un_flow=0
# => PASS: expect=180759298048.000000000000000000000000 (52285860), dut=180759298048.000000000000000000000000 (52285860), rounding_error=0.00000000 % (exp_error = 0.00001192 %)
# [Random][ADD]i_32_a=520457f9 (142102904832.000000000000000000000000) + i_32_b=5110019c (38656393216.000000000000000000000000) 	| o_32_s=52285860 (180759298048.000000000000000000000000) 	| o_ov_flow=0, o_un_flow=0
# => PASS: expect=180759298048.000000000000000000000000 (52285860), dut=180759298048.000000000000000000000000 (52285860), rounding_error=0.00000000 % (exp_error = 0.00001192 %)
# [Random][SUB]i_32_a=5110019c (38656393216.000000000000000000000000) - i_32_b=520457f9 (142102904832.000000000000000000000000) 	| o_32_s=d1c0af24 (-103446511616.000000000000000000000000) 	| o_ov_flow=0, o_un_flow=1
# => PASS: expect=-103446511616.000000000000000000000000 (d1c0af24), dut=-103446511616.000000000000000000000000 (d1c0af24), rounding_error=0.00000000 % (exp_error = 0.00001192 %)
# [Random][SUB]i_32_a=520457f9 (142102904832.000000000000000000000000) - i_32_b=5110019c (38656393216.000000000000000000000000) 	| o_32_s=51c0af24 (103446511616.000000000000000000000000) 	| o_ov_flow=0, o_un_flow=1
# => PASS: expect=103446511616.000000000000000000000000 (51c0af24), dut=103446511616.000000000000000000000000 (51c0af24), rounding_error=0.00000000 % (exp_error = 0.00001192 %)
# ==========[ Read data from ROM ]==========
# [Random][ADD]i_32_a=50c6bb26 (26673229824.000000000000000000000000) + i_32_b=5229e3cf (182417866752.000000000000000000000000) 	| o_32_s=5242bb34 (209091100672.000000000000000000000000) 	| o_ov_flow=0, o_un_flow=0
# => PASS: expect=209091096576.000000000000000000000000 (5242bb34), dut=209091100672.000000000000000000000000 (5242bb34), rounding_error=0.00000196 % (exp_error = 0.00001192 %)
# [Random][ADD]i_32_a=5229e3cf (182417866752.000000000000000000000000) + i_32_b=50c6bb26 (26673229824.000000000000000000000000) 	| o_32_s=5242bb34 (209091100672.000000000000000000000000) 	| o_ov_flow=0, o_un_flow=0
# => PASS: expect=209091096576.000000000000000000000000 (5242bb34), dut=209091100672.000000000000000000000000 (5242bb34), rounding_error=0.00000196 % (exp_error = 0.00001192 %)
# [Random][SUB]i_32_a=50c6bb26 (26673229824.000000000000000000000000) - i_32_b=5229e3cf (182417866752.000000000000000000000000) 	| o_32_s=d2110c6a (-155744632832.000000000000000000000000) 	| o_ov_flow=0, o_un_flow=0
# => PASS: expect=-155744636928.000000000000000000000000 (d2110c6a), dut=-155744632832.000000000000000000000000 (d2110c6a), rounding_error=0.00000263 % (exp_error = 0.00001192 %)
# [Random][SUB]i_32_a=5229e3cf (182417866752.000000000000000000000000) - i_32_b=50c6bb26 (26673229824.000000000000000000000000) 	| o_32_s=52110c6a (155744632832.000000000000000000000000) 	| o_ov_flow=0, o_un_flow=0
# => PASS: expect=155744636928.000000000000000000000000 (52110c6a), dut=155744632832.000000000000000000000000 (52110c6a), rounding_error=0.00000263 % (exp_error = 0.00001192 %)
# ==========[ Read data from ROM ]==========
# [Random][ADD]i_32_a=510a327b (37097025536.000000000000000000000000) + i_32_b=519ff2fb (85872041984.000000000000000000000000) 	| o_32_s=51e50c38 (122969063424.000000000000000000000000) 	| o_ov_flow=0, o_un_flow=0
# => PASS: expect=122969067520.000000000000000000000000 (51e50c38), dut=122969063424.000000000000000000000000 (51e50c38), rounding_error=0.00000333 % (exp_error = 0.00001192 %)
# [Random][ADD]i_32_a=519ff2fb (85872041984.000000000000000000000000) + i_32_b=510a327b (37097025536.000000000000000000000000) 	| o_32_s=51e50c38 (122969063424.000000000000000000000000) 	| o_ov_flow=0, o_un_flow=0
# => PASS: expect=122969067520.000000000000000000000000 (51e50c38), dut=122969063424.000000000000000000000000 (51e50c38), rounding_error=0.00000333 % (exp_error = 0.00001192 %)
# [Random][SUB]i_32_a=510a327b (37097025536.000000000000000000000000) - i_32_b=519ff2fb (85872041984.000000000000000000000000) 	| o_32_s=d135b37b (-48775016448.000000000000000000000000) 	| o_ov_flow=0, o_un_flow=1
# => PASS: expect=-48775016448.000000000000000000000000 (d135b37b), dut=-48775016448.000000000000000000000000 (d135b37b), rounding_error=0.00000000 % (exp_error = 0.00001192 %)
# [Random][SUB]i_32_a=519ff2fb (85872041984.000000000000000000000000) - i_32_b=510a327b (37097025536.000000000000000000000000) 	| o_32_s=5135b37b (48775016448.000000000000000000000000) 	| o_ov_flow=0, o_un_flow=1
# => PASS: expect=48775016448.000000000000000000000000 (5135b37b), dut=48775016448.000000000000000000000000 (5135b37b), rounding_error=0.00000000 % (exp_error = 0.00001192 %)
# ==========[ Read data from ROM ]==========
# [Random][ADD]i_32_a=ce8c6339 (-1177656448.000000000000000000000000) + i_32_b=500fe25c (9655906304.000000000000000000000000) 	| o_32_s=4ffcabea (8478249984.000000000000000000000000) 	| o_ov_flow=0, o_un_flow=1
# => PASS: expect=8478249856.000000000000000000000000 (4ffcabea), dut=8478249984.000000000000000000000000 (4ffcabea), rounding_error=0.00000151 % (exp_error = 0.00001192 %)
# [Random][ADD]i_32_a=500fe25c (9655906304.000000000000000000000000) + i_32_b=ce8c6339 (-1177656448.000000000000000000000000) 	| o_32_s=4ffcabea (8478249984.000000000000000000000000) 	| o_ov_flow=0, o_un_flow=1
# => PASS: expect=8478249856.000000000000000000000000 (4ffcabea), dut=8478249984.000000000000000000000000 (4ffcabea), rounding_error=0.00000151 % (exp_error = 0.00001192 %)
# [Random][SUB]i_32_a=ce8c6339 (-1177656448.000000000000000000000000) - i_32_b=500fe25c (9655906304.000000000000000000000000) 	| o_32_s=d0216ec3 (-10833562624.000000000000000000000000) 	| o_ov_flow=0, o_un_flow=0
# => PASS: expect=-10833562752.000000000000000000000000 (d0216ec3), dut=-10833562624.000000000000000000000000 (d0216ec3), rounding_error=0.00000118 % (exp_error = 0.00001192 %)
# [Random][SUB]i_32_a=500fe25c (9655906304.000000000000000000000000) - i_32_b=ce8c6339 (-1177656448.000000000000000000000000) 	| o_32_s=50216ec3 (10833562624.000000000000000000000000) 	| o_ov_flow=0, o_un_flow=0
# => PASS: expect=10833562752.000000000000000000000000 (50216ec3), dut=10833562624.000000000000000000000000 (50216ec3), rounding_error=0.00000118 % (exp_error = 0.00001192 %)
# ==========[ Read data from ROM ]==========
# [Random][ADD]i_32_a=4fe57d87 (7700418048.000000000000000000000000) + i_32_b=5240cda9 (207021031424.000000000000000000000000) 	| o_32_s=5247f995 (214721445888.000000000000000000000000) 	| o_ov_flow=0, o_un_flow=0
# => PASS: expect=214721449472.000000000000000000000000 (5247f995), dut=214721445888.000000000000000000000000 (5247f995), rounding_error=0.00000167 % (exp_error = 0.00001192 %)
# [Random][ADD]i_32_a=5240cda9 (207021031424.000000000000000000000000) + i_32_b=4fe57d87 (7700418048.000000000000000000000000) 	| o_32_s=5247f995 (214721445888.000000000000000000000000) 	| o_ov_flow=0, o_un_flow=0
# => PASS: expect=214721449472.000000000000000000000000 (5247f995), dut=214721445888.000000000000000000000000 (5247f995), rounding_error=0.00000167 % (exp_error = 0.00001192 %)
# [Random][SUB]i_32_a=4fe57d87 (7700418048.000000000000000000000000) - i_32_b=5240cda9 (207021031424.000000000000000000000000) 	| o_32_s=d239a1bd (-199320616960.000000000000000000000000) 	| o_ov_flow=0, o_un_flow=0
# => PASS: expect=-199320613376.000000000000000000000000 (d239a1bd), dut=-199320616960.000000000000000000000000 (d239a1bd), rounding_error=0.00000180 % (exp_error = 0.00001192 %)
# [Random][SUB]i_32_a=5240cda9 (207021031424.000000000000000000000000) - i_32_b=4fe57d87 (7700418048.000000000000000000000000) 	| o_32_s=5239a1bd (199320616960.000000000000000000000000) 	| o_ov_flow=0, o_un_flow=0
# => PASS: expect=199320613376.000000000000000000000000 (5239a1bd), dut=199320616960.000000000000000000000000 (5239a1bd), rounding_error=0.00000180 % (exp_error = 0.00001192 %)
# ==========[ Read data from ROM ]==========
# [Random][ADD]i_32_a=509b6ee2 (20861882368.000000000000000000000000) + i_32_b=51e4ee98 (122906935296.000000000000000000000000) 	| o_32_s=5205e528 (143768813568.000000000000000000000000) 	| o_ov_flow=1, o_un_flow=1
# => PASS: expect=143768817664.000000000000000000000000 (5205e528), dut=143768813568.000000000000000000000000 (5205e528), rounding_error=0.00000285 % (exp_error = 0.00001192 %)
# [Random][ADD]i_32_a=51e4ee98 (122906935296.000000000000000000000000) + i_32_b=509b6ee2 (20861882368.000000000000000000000000) 	| o_32_s=5205e528 (143768813568.000000000000000000000000) 	| o_ov_flow=1, o_un_flow=1
# => PASS: expect=143768817664.000000000000000000000000 (5205e528), dut=143768813568.000000000000000000000000 (5205e528), rounding_error=0.00000285 % (exp_error = 0.00001192 %)
# [Random][SUB]i_32_a=509b6ee2 (20861882368.000000000000000000000000) - i_32_b=51e4ee98 (122906935296.000000000000000000000000) 	| o_32_s=d1be12df (-102045048832.000000000000000000000000) 	| o_ov_flow=0, o_un_flow=0
# => PASS: expect=-102045052928.000000000000000000000000 (d1be12e0), dut=-102045048832.000000000000000000000000 (d1be12e0), rounding_error=0.00000401 % (exp_error = 0.00001192 %)
# [Random][SUB]i_32_a=51e4ee98 (122906935296.000000000000000000000000) - i_32_b=509b6ee2 (20861882368.000000000000000000000000) 	| o_32_s=51be12df (102045048832.000000000000000000000000) 	| o_ov_flow=0, o_un_flow=0
# => PASS: expect=102045052928.000000000000000000000000 (51be12e0), dut=102045048832.000000000000000000000000 (51be12e0), rounding_error=0.00000401 % (exp_error = 0.00001192 %)
# ==========[ Read data from ROM ]==========
# [Random][ADD]i_32_a=4f34aa19 (3031046400.000000000000000000000000) + i_32_b=5115f9c2 (40258772992.000000000000000000000000) 	| o_32_s=51214463 (43289817088.000000000000000000000000) 	| o_ov_flow=0, o_un_flow=0
# => PASS: expect=43289819392.000000000000000000000000 (51214464), dut=43289817088.000000000000000000000000 (51214464), rounding_error=0.00000532 % (exp_error = 0.00001192 %)
# [Random][ADD]i_32_a=5115f9c2 (40258772992.000000000000000000000000) + i_32_b=4f34aa19 (3031046400.000000000000000000000000) 	| o_32_s=51214463 (43289817088.000000000000000000000000) 	| o_ov_flow=0, o_un_flow=0
# => PASS: expect=43289819392.000000000000000000000000 (51214464), dut=43289817088.000000000000000000000000 (51214464), rounding_error=0.00000532 % (exp_error = 0.00001192 %)
# [Random][SUB]i_32_a=4f34aa19 (3031046400.000000000000000000000000) - i_32_b=5115f9c2 (40258772992.000000000000000000000000) 	| o_32_s=d10aaf21 (-37227728896.000000000000000000000000) 	| o_ov_flow=0, o_un_flow=0
# => PASS: expect=-37227726592.000000000000000000000000 (d10aaf20), dut=-37227728896.000000000000000000000000 (d10aaf20), rounding_error=0.00000619 % (exp_error = 0.00001192 %)
# [Random][SUB]i_32_a=5115f9c2 (40258772992.000000000000000000000000) - i_32_b=4f34aa19 (3031046400.000000000000000000000000) 	| o_32_s=510aaf21 (37227728896.000000000000000000000000) 	| o_ov_flow=0, o_un_flow=0
# => PASS: expect=37227726592.000000000000000000000000 (510aaf20), dut=37227728896.000000000000000000000000 (510aaf20), rounding_error=0.00000619 % (exp_error = 0.00001192 %)
# ==========[ Read data from ROM ]==========
# [Random][ADD]i_32_a=511af5ed (41596932096.000000000000000000000000) + i_32_b=5201031e (138525769728.000000000000000000000000) 	| o_32_s=5227c099 (180122697728.000000000000000000000000) 	| o_ov_flow=0, o_un_flow=0
# => PASS: expect=180122701824.000000000000000000000000 (5227c099), dut=180122697728.000000000000000000000000 (5227c099), rounding_error=0.00000227 % (exp_error = 0.00001192 %)
# [Random][ADD]i_32_a=5201031e (138525769728.000000000000000000000000) + i_32_b=511af5ed (41596932096.000000000000000000000000) 	| o_32_s=5227c099 (180122697728.000000000000000000000000) 	| o_ov_flow=0, o_un_flow=0
# => PASS: expect=180122701824.000000000000000000000000 (5227c099), dut=180122697728.000000000000000000000000 (5227c099), rounding_error=0.00000227 % (exp_error = 0.00001192 %)
# [Random][SUB]i_32_a=511af5ed (41596932096.000000000000000000000000) - i_32_b=5201031e (138525769728.000000000000000000000000) 	| o_32_s=d1b48b45 (-96928833536.000000000000000000000000) 	| o_ov_flow=0, o_un_flow=1
# => PASS: expect=-96928837632.000000000000000000000000 (d1b48b46), dut=-96928833536.000000000000000000000000 (d1b48b46), rounding_error=0.00000423 % (exp_error = 0.00001192 %)
# [Random][SUB]i_32_a=5201031e (138525769728.000000000000000000000000) - i_32_b=511af5ed (41596932096.000000000000000000000000) 	| o_32_s=51b48b45 (96928833536.000000000000000000000000) 	| o_ov_flow=0, o_un_flow=1
# => PASS: expect=96928837632.000000000000000000000000 (51b48b46), dut=96928833536.000000000000000000000000 (51b48b46), rounding_error=0.00000423 % (exp_error = 0.00001192 %)
# ==========[ Read data from ROM ]==========
# [Random][ADD]i_32_a=50e0cfb7 (30173673472.000000000000000000000000) + i_32_b=50cfbb07 (27881125888.000000000000000000000000) 	| o_32_s=5158455f (58054799360.000000000000000000000000) 	| o_ov_flow=1, o_un_flow=0
# => PASS: expect=58054799360.000000000000000000000000 (5158455f), dut=58054799360.000000000000000000000000 (5158455f), rounding_error=0.00000000 % (exp_error = 0.00001192 %)
# [Random][ADD]i_32_a=50cfbb07 (27881125888.000000000000000000000000) + i_32_b=50e0cfb7 (30173673472.000000000000000000000000) 	| o_32_s=5158455f (58054799360.000000000000000000000000) 	| o_ov_flow=1, o_un_flow=0
# => PASS: expect=58054799360.000000000000000000000000 (5158455f), dut=58054799360.000000000000000000000000 (5158455f), rounding_error=0.00000000 % (exp_error = 0.00001192 %)
# [Random][SUB]i_32_a=50e0cfb7 (30173673472.000000000000000000000000) - i_32_b=50cfbb07 (27881125888.000000000000000000000000) 	| o_32_s=4f08a580 (2292547584.000000000000000000000000) 	| o_ov_flow=0, o_un_flow=1
# => PASS: expect=2292547584.000000000000000000000000 (4f08a580), dut=2292547584.000000000000000000000000 (4f08a580), rounding_error=0.00000000 % (exp_error = 0.00001192 %)
# [Random][SUB]i_32_a=50cfbb07 (27881125888.000000000000000000000000) - i_32_b=50e0cfb7 (30173673472.000000000000000000000000) 	| o_32_s=cf08a580 (-2292547584.000000000000000000000000) 	| o_ov_flow=0, o_un_flow=1
# => PASS: expect=-2292547584.000000000000000000000000 (cf08a580), dut=-2292547584.000000000000000000000000 (cf08a580), rounding_error=0.00000000 % (exp_error = 0.00001192 %)
# ==========[ Read data from ROM ]==========
# [Random][ADD]i_32_a=5139cf39 (49877848064.000000000000000000000000) + i_32_b=cfc92477 (-6749220352.000000000000000000000000) 	| o_32_s=5120aaaa (43128627200.000000000000000000000000) 	| o_ov_flow=0, o_un_flow=0
# => PASS: expect=43128627712.000000000000000000000000 (5120aaaa), dut=43128627200.000000000000000000000000 (5120aaaa), rounding_error=0.00000119 % (exp_error = 0.00001192 %)
# [Random][ADD]i_32_a=cfc92477 (-6749220352.000000000000000000000000) + i_32_b=5139cf39 (49877848064.000000000000000000000000) 	| o_32_s=5120aaaa (43128627200.000000000000000000000000) 	| o_ov_flow=0, o_un_flow=0
# => PASS: expect=43128627712.000000000000000000000000 (5120aaaa), dut=43128627200.000000000000000000000000 (5120aaaa), rounding_error=0.00000119 % (exp_error = 0.00001192 %)
# [Random][SUB]i_32_a=5139cf39 (49877848064.000000000000000000000000) - i_32_b=cfc92477 (-6749220352.000000000000000000000000) 	| o_32_s=5152f3c8 (56627068928.000000000000000000000000) 	| o_ov_flow=0, o_un_flow=0
# => PASS: expect=56627068416.000000000000000000000000 (5152f3c8), dut=56627068928.000000000000000000000000 (5152f3c8), rounding_error=0.00000090 % (exp_error = 0.00001192 %)
# [Random][SUB]i_32_a=cfc92477 (-6749220352.000000000000000000000000) - i_32_b=5139cf39 (49877848064.000000000000000000000000) 	| o_32_s=d152f3c8 (-56627068928.000000000000000000000000) 	| o_ov_flow=0, o_un_flow=0
# => PASS: expect=-56627068416.000000000000000000000000 (d152f3c8), dut=-56627068928.000000000000000000000000 (d152f3c8), rounding_error=0.00000090 % (exp_error = 0.00001192 %)
# ==========[ Read data from ROM ]==========
# [Random][ADD]i_32_a=50caa15f (27196585984.000000000000000000000000) + i_32_b=51de7eca (119451238400.000000000000000000000000) 	| o_32_s=52089391 (146647826432.000000000000000000000000) 	| o_ov_flow=1, o_un_flow=1
# => PASS: expect=146647824384.000000000000000000000000 (52089391), dut=146647826432.000000000000000000000000 (52089391), rounding_error=0.00000140 % (exp_error = 0.00001192 %)
# [Random][ADD]i_32_a=51de7eca (119451238400.000000000000000000000000) + i_32_b=50caa15f (27196585984.000000000000000000000000) 	| o_32_s=52089391 (146647826432.000000000000000000000000) 	| o_ov_flow=1, o_un_flow=1
# => PASS: expect=146647824384.000000000000000000000000 (52089391), dut=146647826432.000000000000000000000000 (52089391), rounding_error=0.00000140 % (exp_error = 0.00001192 %)
# [Random][SUB]i_32_a=50caa15f (27196585984.000000000000000000000000) - i_32_b=51de7eca (119451238400.000000000000000000000000) 	| o_32_s=d1abd672 (-92254650368.000000000000000000000000) 	| o_ov_flow=0, o_un_flow=0
# => PASS: expect=-92254652416.000000000000000000000000 (d1abd672), dut=-92254650368.000000000000000000000000 (d1abd672), rounding_error=0.00000222 % (exp_error = 0.00001192 %)
# [Random][SUB]i_32_a=51de7eca (119451238400.000000000000000000000000) - i_32_b=50caa15f (27196585984.000000000000000000000000) 	| o_32_s=51abd672 (92254650368.000000000000000000000000) 	| o_ov_flow=0, o_un_flow=0
# => PASS: expect=92254652416.000000000000000000000000 (51abd672), dut=92254650368.000000000000000000000000 (51abd672), rounding_error=0.00000222 % (exp_error = 0.00001192 %)
# ==========[ Read data from ROM ]==========
# [Random][ADD]i_32_a=5138268f (49432555520.000000000000000000000000) + i_32_b=514571b8 (53001027584.000000000000000000000000) 	| o_32_s=51becc23 (102433579008.000000000000000000000000) 	| o_ov_flow=1, o_un_flow=1
# => PASS: expect=102433583104.000000000000000000000000 (51becc24), dut=102433579008.000000000000000000000000 (51becc24), rounding_error=0.00000400 % (exp_error = 0.00001192 %)
# [Random][ADD]i_32_a=514571b8 (53001027584.000000000000000000000000) + i_32_b=5138268f (49432555520.000000000000000000000000) 	| o_32_s=51becc23 (102433579008.000000000000000000000000) 	| o_ov_flow=1, o_un_flow=1
# => PASS: expect=102433583104.000000000000000000000000 (51becc24), dut=102433579008.000000000000000000000000 (51becc24), rounding_error=0.00000400 % (exp_error = 0.00001192 %)
# [Random][SUB]i_32_a=5138268f (49432555520.000000000000000000000000) - i_32_b=514571b8 (53001027584.000000000000000000000000) 	| o_32_s=cf54b290 (-3568472064.000000000000000000000000) 	| o_ov_flow=0, o_un_flow=1
# => PASS: expect=-3568472064.000000000000000000000000 (cf54b290), dut=-3568472064.000000000000000000000000 (cf54b290), rounding_error=0.00000000 % (exp_error = 0.00001192 %)
# [Random][SUB]i_32_a=514571b8 (53001027584.000000000000000000000000) - i_32_b=5138268f (49432555520.000000000000000000000000) 	| o_32_s=4f54b290 (3568472064.000000000000000000000000) 	| o_ov_flow=0, o_un_flow=1
# => PASS: expect=3568472064.000000000000000000000000 (4f54b290), dut=3568472064.000000000000000000000000 (4f54b290), rounding_error=0.00000000 % (exp_error = 0.00001192 %)
# ==========[ Read data from ROM ]==========
# [Random][ADD]i_32_a=50e91fde (31289438208.000000000000000000000000) + i_32_b=51b60541 (97721524224.000000000000000000000000) 	| o_32_s=51f04d38 (129010958336.000000000000000000000000) 	| o_ov_flow=0, o_un_flow=0
# => PASS: expect=129010962432.000000000000000000000000 (51f04d38), dut=129010958336.000000000000000000000000 (51f04d38), rounding_error=0.00000317 % (exp_error = 0.00001192 %)
# [Random][ADD]i_32_a=51b60541 (97721524224.000000000000000000000000) + i_32_b=50e91fde (31289438208.000000000000000000000000) 	| o_32_s=51f04d38 (129010958336.000000000000000000000000) 	| o_ov_flow=0, o_un_flow=0
# => PASS: expect=129010962432.000000000000000000000000 (51f04d38), dut=129010958336.000000000000000000000000 (51f04d38), rounding_error=0.00000317 % (exp_error = 0.00001192 %)
# [Random][SUB]i_32_a=50e91fde (31289438208.000000000000000000000000) - i_32_b=51b60541 (97721524224.000000000000000000000000) 	| o_32_s=d1777a93 (-66432086016.000000000000000000000000) 	| o_ov_flow=0, o_un_flow=1
# => PASS: expect=-66432086016.000000000000000000000000 (d1777a93), dut=-66432086016.000000000000000000000000 (d1777a93), rounding_error=0.00000000 % (exp_error = 0.00001192 %)
# [Random][SUB]i_32_a=51b60541 (97721524224.000000000000000000000000) - i_32_b=50e91fde (31289438208.000000000000000000000000) 	| o_32_s=51777a93 (66432086016.000000000000000000000000) 	| o_ov_flow=0, o_un_flow=1
# => PASS: expect=66432086016.000000000000000000000000 (51777a93), dut=66432086016.000000000000000000000000 (51777a93), rounding_error=0.00000000 % (exp_error = 0.00001192 %)
# ==========[ Read data from ROM ]==========
# [Random][ADD]i_32_a=513852a7 (49478791168.000000000000000000000000) + i_32_b=521d9ef0 (169244098560.000000000000000000000000) 	| o_32_s=524bb39a (218722893824.000000000000000000000000) 	| o_ov_flow=0, o_un_flow=0
# => PASS: expect=218722889728.000000000000000000000000 (524bb39a), dut=218722893824.000000000000000000000000 (524bb39a), rounding_error=0.00000187 % (exp_error = 0.00001192 %)
# [Random][ADD]i_32_a=521d9ef0 (169244098560.000000000000000000000000) + i_32_b=513852a7 (49478791168.000000000000000000000000) 	| o_32_s=524bb39a (218722893824.000000000000000000000000) 	| o_ov_flow=0, o_un_flow=0
# => PASS: expect=218722889728.000000000000000000000000 (524bb39a), dut=218722893824.000000000000000000000000 (524bb39a), rounding_error=0.00000187 % (exp_error = 0.00001192 %)
# [Random][SUB]i_32_a=513852a7 (49478791168.000000000000000000000000) - i_32_b=521d9ef0 (169244098560.000000000000000000000000) 	| o_32_s=d1df148c (-119765303296.000000000000000000000000) 	| o_ov_flow=0, o_un_flow=1
# => PASS: expect=-119765307392.000000000000000000000000 (d1df148c), dut=-119765303296.000000000000000000000000 (d1df148c), rounding_error=0.00000342 % (exp_error = 0.00001192 %)
# [Random][SUB]i_32_a=521d9ef0 (169244098560.000000000000000000000000) - i_32_b=513852a7 (49478791168.000000000000000000000000) 	| o_32_s=51df148c (119765303296.000000000000000000000000) 	| o_ov_flow=0, o_un_flow=1
# => PASS: expect=119765307392.000000000000000000000000 (51df148c), dut=119765303296.000000000000000000000000 (51df148c), rounding_error=0.00000342 % (exp_error = 0.00001192 %)
# ==========[ Read data from ROM ]==========
# [Random][ADD]i_32_a=5064a995 (15345275904.000000000000000000000000) + i_32_b=d08c600f (-18840844288.000000000000000000000000) 	| o_32_s=cf505a24 (-3495568384.000000000000000000000000) 	| o_ov_flow=0, o_un_flow=1
# => PASS: expect=-3495568384.000000000000000000000000 (cf505a24), dut=-3495568384.000000000000000000000000 (cf505a24), rounding_error=0.00000000 % (exp_error = 0.00001192 %)
# [Random][ADD]i_32_a=d08c600f (-18840844288.000000000000000000000000) + i_32_b=5064a995 (15345275904.000000000000000000000000) 	| o_32_s=cf505a24 (-3495568384.000000000000000000000000) 	| o_ov_flow=0, o_un_flow=1
# => PASS: expect=-3495568384.000000000000000000000000 (cf505a24), dut=-3495568384.000000000000000000000000 (cf505a24), rounding_error=0.00000000 % (exp_error = 0.00001192 %)
# [Random][SUB]i_32_a=5064a995 (15345275904.000000000000000000000000) - i_32_b=d08c600f (-18840844288.000000000000000000000000) 	| o_32_s=50feb4d9 (34186119168.000000000000000000000000) 	| o_ov_flow=0, o_un_flow=0
# => PASS: expect=34186120192.000000000000000000000000 (50feb4da), dut=34186119168.000000000000000000000000 (50feb4da), rounding_error=0.00000300 % (exp_error = 0.00001192 %)
# [Random][SUB]i_32_a=d08c600f (-18840844288.000000000000000000000000) - i_32_b=5064a995 (15345275904.000000000000000000000000) 	| o_32_s=d0feb4d9 (-34186119168.000000000000000000000000) 	| o_ov_flow=0, o_un_flow=0
# => PASS: expect=-34186120192.000000000000000000000000 (d0feb4da), dut=-34186119168.000000000000000000000000 (d0feb4da), rounding_error=0.00000300 % (exp_error = 0.00001192 %)
# ==========[ Read data from ROM ]==========
# [Random][ADD]i_32_a=50b86e8f (24754026496.000000000000000000000000) + i_32_b=52066e96 (144345235456.000000000000000000000000) 	| o_32_s=521d7c68 (169099264000.000000000000000000000000) 	| o_ov_flow=0, o_un_flow=0
# => PASS: expect=169099261952.000000000000000000000000 (521d7c68), dut=169099264000.000000000000000000000000 (521d7c68), rounding_error=0.00000121 % (exp_error = 0.00001192 %)
# [Random][ADD]i_32_a=52066e96 (144345235456.000000000000000000000000) + i_32_b=50b86e8f (24754026496.000000000000000000000000) 	| o_32_s=521d7c68 (169099264000.000000000000000000000000) 	| o_ov_flow=0, o_un_flow=0
# => PASS: expect=169099261952.000000000000000000000000 (521d7c68), dut=169099264000.000000000000000000000000 (521d7c68), rounding_error=0.00000121 % (exp_error = 0.00001192 %)
# [Random][SUB]i_32_a=50b86e8f (24754026496.000000000000000000000000) - i_32_b=52066e96 (144345235456.000000000000000000000000) 	| o_32_s=d1dec188 (-119591206912.000000000000000000000000) 	| o_ov_flow=0, o_un_flow=1
# => PASS: expect=-119591208960.000000000000000000000000 (d1dec188), dut=-119591206912.000000000000000000000000 (d1dec188), rounding_error=0.00000171 % (exp_error = 0.00001192 %)
# [Random][SUB]i_32_a=52066e96 (144345235456.000000000000000000000000) - i_32_b=50b86e8f (24754026496.000000000000000000000000) 	| o_32_s=51dec188 (119591206912.000000000000000000000000) 	| o_ov_flow=0, o_un_flow=1
# => PASS: expect=119591208960.000000000000000000000000 (51dec188), dut=119591206912.000000000000000000000000 (51dec188), rounding_error=0.00000171 % (exp_error = 0.00001192 %)
# ==========[ Read data from ROM ]==========
# [Random][ADD]i_32_a=50812942 (17335717888.000000000000000000000000) + i_32_b=51455409 (52969902080.000000000000000000000000) 	| o_32_s=5182f455 (70305619968.000000000000000000000000) 	| o_ov_flow=1, o_un_flow=1
# => PASS: expect=70305619968.000000000000000000000000 (5182f455), dut=70305619968.000000000000000000000000 (5182f455), rounding_error=0.00000000 % (exp_error = 0.00001192 %)
# [Random][ADD]i_32_a=51455409 (52969902080.000000000000000000000000) + i_32_b=50812942 (17335717888.000000000000000000000000) 	| o_32_s=5182f455 (70305619968.000000000000000000000000) 	| o_ov_flow=1, o_un_flow=1
# => PASS: expect=70305619968.000000000000000000000000 (5182f455), dut=70305619968.000000000000000000000000 (5182f455), rounding_error=0.00000000 % (exp_error = 0.00001192 %)
# [Random][SUB]i_32_a=50812942 (17335717888.000000000000000000000000) - i_32_b=51455409 (52969902080.000000000000000000000000) 	| o_32_s=d104bf68 (-35634184192.000000000000000000000000) 	| o_ov_flow=0, o_un_flow=0
# => PASS: expect=-35634184192.000000000000000000000000 (d104bf68), dut=-35634184192.000000000000000000000000 (d104bf68), rounding_error=0.00000000 % (exp_error = 0.00001192 %)
# [Random][SUB]i_32_a=51455409 (52969902080.000000000000000000000000) - i_32_b=50812942 (17335717888.000000000000000000000000) 	| o_32_s=5104bf68 (35634184192.000000000000000000000000) 	| o_ov_flow=0, o_un_flow=0
# => PASS: expect=35634184192.000000000000000000000000 (5104bf68), dut=35634184192.000000000000000000000000 (5104bf68), rounding_error=0.00000000 % (exp_error = 0.00001192 %)
# ==========[ Read data from ROM ]==========
# [Random][ADD]i_32_a=51038565 (35304919040.000000000000000000000000) + i_32_b=d0a5c3ee (-22248648704.000000000000000000000000) 	| o_32_s=50428db8 (13056270336.000000000000000000000000) 	| o_ov_flow=0, o_un_flow=1
# => PASS: expect=13056270336.000000000000000000000000 (50428db8), dut=13056270336.000000000000000000000000 (50428db8), rounding_error=0.00000000 % (exp_error = 0.00001192 %)
# [Random][ADD]i_32_a=d0a5c3ee (-22248648704.000000000000000000000000) + i_32_b=51038565 (35304919040.000000000000000000000000) 	| o_32_s=50428db8 (13056270336.000000000000000000000000) 	| o_ov_flow=0, o_un_flow=1
# => PASS: expect=13056270336.000000000000000000000000 (50428db8), dut=13056270336.000000000000000000000000 (50428db8), rounding_error=0.00000000 % (exp_error = 0.00001192 %)
# [Random][SUB]i_32_a=51038565 (35304919040.000000000000000000000000) - i_32_b=d0a5c3ee (-22248648704.000000000000000000000000) 	| o_32_s=5156675c (57553567744.000000000000000000000000) 	| o_ov_flow=0, o_un_flow=0
# => PASS: expect=57553567744.000000000000000000000000 (5156675c), dut=57553567744.000000000000000000000000 (5156675c), rounding_error=0.00000000 % (exp_error = 0.00001192 %)
# [Random][SUB]i_32_a=d0a5c3ee (-22248648704.000000000000000000000000) - i_32_b=51038565 (35304919040.000000000000000000000000) 	| o_32_s=d156675c (-57553567744.000000000000000000000000) 	| o_ov_flow=0, o_un_flow=0
# => PASS: expect=-57553567744.000000000000000000000000 (d156675c), dut=-57553567744.000000000000000000000000 (d156675c), rounding_error=0.00000000 % (exp_error = 0.00001192 %)
# ==========[ Read data from ROM ]==========
# [Random][ADD]i_32_a=5102b4bb (35086118912.000000000000000000000000) + i_32_b=51d3322f (113385005056.000000000000000000000000) 	| o_32_s=520a4646 (148471119872.000000000000000000000000) 	| o_ov_flow=1, o_un_flow=1
# => PASS: expect=148471123968.000000000000000000000000 (520a4646), dut=148471119872.000000000000000000000000 (520a4646), rounding_error=0.00000276 % (exp_error = 0.00001192 %)
# [Random][ADD]i_32_a=51d3322f (113385005056.000000000000000000000000) + i_32_b=5102b4bb (35086118912.000000000000000000000000) 	| o_32_s=520a4646 (148471119872.000000000000000000000000) 	| o_ov_flow=1, o_un_flow=1
# => PASS: expect=148471123968.000000000000000000000000 (520a4646), dut=148471119872.000000000000000000000000 (520a4646), rounding_error=0.00000276 % (exp_error = 0.00001192 %)
# [Random][SUB]i_32_a=5102b4bb (35086118912.000000000000000000000000) - i_32_b=51d3322f (113385005056.000000000000000000000000) 	| o_32_s=d191d7d1 (-78298882048.000000000000000000000000) 	| o_ov_flow=0, o_un_flow=0
# => PASS: expect=-78298886144.000000000000000000000000 (d191d7d2), dut=-78298882048.000000000000000000000000 (d191d7d2), rounding_error=0.00000523 % (exp_error = 0.00001192 %)
# [Random][SUB]i_32_a=51d3322f (113385005056.000000000000000000000000) - i_32_b=5102b4bb (35086118912.000000000000000000000000) 	| o_32_s=5191d7d1 (78298882048.000000000000000000000000) 	| o_ov_flow=0, o_un_flow=0
# => PASS: expect=78298886144.000000000000000000000000 (5191d7d2), dut=78298882048.000000000000000000000000 (5191d7d2), rounding_error=0.00000523 % (exp_error = 0.00001192 %)
# ==========[ Read data from ROM ]==========
# [Random][ADD]i_32_a=51264cce (44640821248.000000000000000000000000) + i_32_b=51ae6f70 (93649240064.000000000000000000000000) 	| o_32_s=5200caeb (138290053120.000000000000000000000000) 	| o_ov_flow=1, o_un_flow=1
# => PASS: expect=138290061312.000000000000000000000000 (5200caec), dut=138290053120.000000000000000000000000 (5200caec), rounding_error=0.00000592 % (exp_error = 0.00001192 %)
# [Random][ADD]i_32_a=51ae6f70 (93649240064.000000000000000000000000) + i_32_b=51264cce (44640821248.000000000000000000000000) 	| o_32_s=5200caeb (138290053120.000000000000000000000000) 	| o_ov_flow=1, o_un_flow=1
# => PASS: expect=138290061312.000000000000000000000000 (5200caec), dut=138290053120.000000000000000000000000 (5200caec), rounding_error=0.00000592 % (exp_error = 0.00001192 %)
# [Random][SUB]i_32_a=51264cce (44640821248.000000000000000000000000) - i_32_b=51ae6f70 (93649240064.000000000000000000000000) 	| o_32_s=d1369212 (-49008418816.000000000000000000000000) 	| o_ov_flow=0, o_un_flow=1
# => PASS: expect=-49008418816.000000000000000000000000 (d1369212), dut=-49008418816.000000000000000000000000 (d1369212), rounding_error=0.00000000 % (exp_error = 0.00001192 %)
# [Random][SUB]i_32_a=51ae6f70 (93649240064.000000000000000000000000) - i_32_b=51264cce (44640821248.000000000000000000000000) 	| o_32_s=51369212 (49008418816.000000000000000000000000) 	| o_ov_flow=0, o_un_flow=1
# => PASS: expect=49008418816.000000000000000000000000 (51369212), dut=49008418816.000000000000000000000000 (51369212), rounding_error=0.00000000 % (exp_error = 0.00001192 %)
# ==========[ Read data from ROM ]==========
# [Random][ADD]i_32_a=ce9045d7 (-1210248064.000000000000000000000000) + i_32_b=513d6c9c (50848186368.000000000000000000000000) 	| o_32_s=5138ea6e (49637941248.000000000000000000000000) 	| o_ov_flow=0, o_un_flow=0
# => PASS: expect=49637938304.000000000000000000000000 (5138ea6d), dut=49637941248.000000000000000000000000 (5138ea6d), rounding_error=0.00000593 % (exp_error = 0.00001192 %)
# [Random][ADD]i_32_a=513d6c9c (50848186368.000000000000000000000000) + i_32_b=ce9045d7 (-1210248064.000000000000000000000000) 	| o_32_s=5138ea6e (49637941248.000000000000000000000000) 	| o_ov_flow=0, o_un_flow=0
# => PASS: expect=49637938304.000000000000000000000000 (5138ea6d), dut=49637941248.000000000000000000000000 (5138ea6d), rounding_error=0.00000593 % (exp_error = 0.00001192 %)
# [Random][SUB]i_32_a=ce9045d7 (-1210248064.000000000000000000000000) - i_32_b=513d6c9c (50848186368.000000000000000000000000) 	| o_32_s=d141eeca (-52058431488.000000000000000000000000) 	| o_ov_flow=0, o_un_flow=0
# => PASS: expect=-52058434432.000000000000000000000000 (d141eecb), dut=-52058431488.000000000000000000000000 (d141eecb), rounding_error=0.00000566 % (exp_error = 0.00001192 %)
# [Random][SUB]i_32_a=513d6c9c (50848186368.000000000000000000000000) - i_32_b=ce9045d7 (-1210248064.000000000000000000000000) 	| o_32_s=5141eeca (52058431488.000000000000000000000000) 	| o_ov_flow=0, o_un_flow=0
# => PASS: expect=52058434432.000000000000000000000000 (5141eecb), dut=52058431488.000000000000000000000000 (5141eecb), rounding_error=0.00000566 % (exp_error = 0.00001192 %)
# ==========[ Read data from ROM ]==========
# [Random][ADD]i_32_a=50a0b488 (21569486848.000000000000000000000000) + i_32_b=51cd1444 (110101037056.000000000000000000000000) 	| o_32_s=51f54166 (131670523904.000000000000000000000000) 	| o_ov_flow=0, o_un_flow=0
# => PASS: expect=131670523904.000000000000000000000000 (51f54166), dut=131670523904.000000000000000000000000 (51f54166), rounding_error=0.00000000 % (exp_error = 0.00001192 %)
# [Random][ADD]i_32_a=51cd1444 (110101037056.000000000000000000000000) + i_32_b=50a0b488 (21569486848.000000000000000000000000) 	| o_32_s=51f54166 (131670523904.000000000000000000000000) 	| o_ov_flow=0, o_un_flow=0
# => PASS: expect=131670523904.000000000000000000000000 (51f54166), dut=131670523904.000000000000000000000000 (51f54166), rounding_error=0.00000000 % (exp_error = 0.00001192 %)
# [Random][SUB]i_32_a=50a0b488 (21569486848.000000000000000000000000) - i_32_b=51cd1444 (110101037056.000000000000000000000000) 	| o_32_s=d1a4e722 (-88531550208.000000000000000000000000) 	| o_ov_flow=0, o_un_flow=0
# => PASS: expect=-88531550208.000000000000000000000000 (d1a4e722), dut=-88531550208.000000000000000000000000 (d1a4e722), rounding_error=0.00000000 % (exp_error = 0.00001192 %)
# [Random][SUB]i_32_a=51cd1444 (110101037056.000000000000000000000000) - i_32_b=50a0b488 (21569486848.000000000000000000000000) 	| o_32_s=51a4e722 (88531550208.000000000000000000000000) 	| o_ov_flow=0, o_un_flow=0
# => PASS: expect=88531550208.000000000000000000000000 (51a4e722), dut=88531550208.000000000000000000000000 (51a4e722), rounding_error=0.00000000 % (exp_error = 0.00001192 %)
# ==========[ Read data from ROM ]==========
# [Random][ADD]i_32_a=5024afa8 (11051900928.000000000000000000000000) + i_32_b=5159569a (58341302272.000000000000000000000000) 	| o_32_s=51814142 (69393203200.000000000000000000000000) 	| o_ov_flow=1, o_un_flow=1
# => PASS: expect=69393203200.000000000000000000000000 (51814142), dut=69393203200.000000000000000000000000 (51814142), rounding_error=0.00000000 % (exp_error = 0.00001192 %)
# [Random][ADD]i_32_a=5159569a (58341302272.000000000000000000000000) + i_32_b=5024afa8 (11051900928.000000000000000000000000) 	| o_32_s=51814142 (69393203200.000000000000000000000000) 	| o_ov_flow=1, o_un_flow=1
# => PASS: expect=69393203200.000000000000000000000000 (51814142), dut=69393203200.000000000000000000000000 (51814142), rounding_error=0.00000000 % (exp_error = 0.00001192 %)
# [Random][SUB]i_32_a=5024afa8 (11051900928.000000000000000000000000) - i_32_b=5159569a (58341302272.000000000000000000000000) 	| o_32_s=d1302ab0 (-47289401344.000000000000000000000000) 	| o_ov_flow=0, o_un_flow=0
# => PASS: expect=-47289401344.000000000000000000000000 (d1302ab0), dut=-47289401344.000000000000000000000000 (d1302ab0), rounding_error=0.00000000 % (exp_error = 0.00001192 %)
# [Random][SUB]i_32_a=5159569a (58341302272.000000000000000000000000) - i_32_b=5024afa8 (11051900928.000000000000000000000000) 	| o_32_s=51302ab0 (47289401344.000000000000000000000000) 	| o_ov_flow=0, o_un_flow=0
# => PASS: expect=47289401344.000000000000000000000000 (51302ab0), dut=47289401344.000000000000000000000000 (51302ab0), rounding_error=0.00000000 % (exp_error = 0.00001192 %)
# ==========[ Read data from ROM ]==========
# [Random][ADD]i_32_a=50e0c60a (30168600576.000000000000000000000000) + i_32_b=52126cac (157222109184.000000000000000000000000) 	| o_32_s=522e856d (187390705664.000000000000000000000000) 	| o_ov_flow=0, o_un_flow=0
# => PASS: expect=187390709760.000000000000000000000000 (522e856d), dut=187390705664.000000000000000000000000 (522e856d), rounding_error=0.00000219 % (exp_error = 0.00001192 %)
# [Random][ADD]i_32_a=52126cac (157222109184.000000000000000000000000) + i_32_b=50e0c60a (30168600576.000000000000000000000000) 	| o_32_s=522e856d (187390705664.000000000000000000000000) 	| o_ov_flow=0, o_un_flow=0
# => PASS: expect=187390709760.000000000000000000000000 (522e856d), dut=187390705664.000000000000000000000000 (522e856d), rounding_error=0.00000219 % (exp_error = 0.00001192 %)
# [Random][SUB]i_32_a=50e0c60a (30168600576.000000000000000000000000) - i_32_b=52126cac (157222109184.000000000000000000000000) 	| o_32_s=d1eca7d5 (-127053504512.000000000000000000000000) 	| o_ov_flow=0, o_un_flow=1
# => PASS: expect=-127053508608.000000000000000000000000 (d1eca7d6), dut=-127053504512.000000000000000000000000 (d1eca7d6), rounding_error=0.00000322 % (exp_error = 0.00001192 %)
# [Random][SUB]i_32_a=52126cac (157222109184.000000000000000000000000) - i_32_b=50e0c60a (30168600576.000000000000000000000000) 	| o_32_s=51eca7d5 (127053504512.000000000000000000000000) 	| o_ov_flow=0, o_un_flow=1
# => PASS: expect=127053508608.000000000000000000000000 (51eca7d6), dut=127053504512.000000000000000000000000 (51eca7d6), rounding_error=0.00000322 % (exp_error = 0.00001192 %)
# ==========[ Read data from ROM ]==========
# [Random][ADD]i_32_a=50c0c295 (25871820800.000000000000000000000000) + i_32_b=5101ec9b (34876272640.000000000000000000000000) 	| o_32_s=51624de5 (60748091392.000000000000000000000000) 	| o_ov_flow=0, o_un_flow=0
# => PASS: expect=60748093440.000000000000000000000000 (51624de6), dut=60748091392.000000000000000000000000 (51624de6), rounding_error=0.00000337 % (exp_error = 0.00001192 %)
# [Random][ADD]i_32_a=5101ec9b (34876272640.000000000000000000000000) + i_32_b=50c0c295 (25871820800.000000000000000000000000) 	| o_32_s=51624de5 (60748091392.000000000000000000000000) 	| o_ov_flow=0, o_un_flow=0
# => PASS: expect=60748093440.000000000000000000000000 (51624de6), dut=60748091392.000000000000000000000000 (51624de6), rounding_error=0.00000337 % (exp_error = 0.00001192 %)
# [Random][SUB]i_32_a=50c0c295 (25871820800.000000000000000000000000) - i_32_b=5101ec9b (34876272640.000000000000000000000000) 	| o_32_s=d0062d42 (-9004451840.000000000000000000000000) 	| o_ov_flow=0, o_un_flow=1
# => PASS: expect=-9004451840.000000000000000000000000 (d0062d42), dut=-9004451840.000000000000000000000000 (d0062d42), rounding_error=0.00000000 % (exp_error = 0.00001192 %)
# [Random][SUB]i_32_a=5101ec9b (34876272640.000000000000000000000000) - i_32_b=50c0c295 (25871820800.000000000000000000000000) 	| o_32_s=50062d42 (9004451840.000000000000000000000000) 	| o_ov_flow=0, o_un_flow=1
# => PASS: expect=9004451840.000000000000000000000000 (50062d42), dut=9004451840.000000000000000000000000 (50062d42), rounding_error=0.00000000 % (exp_error = 0.00001192 %)
# ==========[ Read data from ROM ]==========
# [Random][ADD]i_32_a=50e6424d (30904838144.000000000000000000000000) + i_32_b=50d2b019 (28278048768.000000000000000000000000) 	| o_32_s=515c7933 (59182886912.000000000000000000000000) 	| o_ov_flow=1, o_un_flow=0
# => PASS: expect=59182886912.000000000000000000000000 (515c7933), dut=59182886912.000000000000000000000000 (515c7933), rounding_error=0.00000000 % (exp_error = 0.00001192 %)
# [Random][ADD]i_32_a=50d2b019 (28278048768.000000000000000000000000) + i_32_b=50e6424d (30904838144.000000000000000000000000) 	| o_32_s=515c7933 (59182886912.000000000000000000000000) 	| o_ov_flow=1, o_un_flow=0
# => PASS: expect=59182886912.000000000000000000000000 (515c7933), dut=59182886912.000000000000000000000000 (515c7933), rounding_error=0.00000000 % (exp_error = 0.00001192 %)
# [Random][SUB]i_32_a=50e6424d (30904838144.000000000000000000000000) - i_32_b=50d2b019 (28278048768.000000000000000000000000) 	| o_32_s=4f1c91a0 (2626789376.000000000000000000000000) 	| o_ov_flow=0, o_un_flow=1
# => PASS: expect=2626789376.000000000000000000000000 (4f1c91a0), dut=2626789376.000000000000000000000000 (4f1c91a0), rounding_error=0.00000000 % (exp_error = 0.00001192 %)
# [Random][SUB]i_32_a=50d2b019 (28278048768.000000000000000000000000) - i_32_b=50e6424d (30904838144.000000000000000000000000) 	| o_32_s=cf1c91a0 (-2626789376.000000000000000000000000) 	| o_ov_flow=0, o_un_flow=1
# => PASS: expect=-2626789376.000000000000000000000000 (cf1c91a0), dut=-2626789376.000000000000000000000000 (cf1c91a0), rounding_error=0.00000000 % (exp_error = 0.00001192 %)
# ==========[ Read data from ROM ]==========
# [Random][ADD]i_32_a=512f4433 (47047716864.000000000000000000000000) + i_32_b=52011ac1 (138624909312.000000000000000000000000) 	| o_32_s=522cebce (185672630272.000000000000000000000000) 	| o_ov_flow=0, o_un_flow=0
# => PASS: expect=185672626176.000000000000000000000000 (522cebce), dut=185672630272.000000000000000000000000 (522cebce), rounding_error=0.00000221 % (exp_error = 0.00001192 %)
# [Random][ADD]i_32_a=52011ac1 (138624909312.000000000000000000000000) + i_32_b=512f4433 (47047716864.000000000000000000000000) 	| o_32_s=522cebce (185672630272.000000000000000000000000) 	| o_ov_flow=0, o_un_flow=0
# => PASS: expect=185672626176.000000000000000000000000 (522cebce), dut=185672630272.000000000000000000000000 (522cebce), rounding_error=0.00000221 % (exp_error = 0.00001192 %)
# [Random][SUB]i_32_a=512f4433 (47047716864.000000000000000000000000) - i_32_b=52011ac1 (138624909312.000000000000000000000000) 	| o_32_s=d1aa9368 (-91577188352.000000000000000000000000) 	| o_ov_flow=0, o_un_flow=1
# => PASS: expect=-91577192448.000000000000000000000000 (d1aa9368), dut=-91577188352.000000000000000000000000 (d1aa9368), rounding_error=0.00000447 % (exp_error = 0.00001192 %)
# [Random][SUB]i_32_a=52011ac1 (138624909312.000000000000000000000000) - i_32_b=512f4433 (47047716864.000000000000000000000000) 	| o_32_s=51aa9368 (91577188352.000000000000000000000000) 	| o_ov_flow=0, o_un_flow=1
# => PASS: expect=91577192448.000000000000000000000000 (51aa9368), dut=91577188352.000000000000000000000000 (51aa9368), rounding_error=0.00000447 % (exp_error = 0.00001192 %)
# ==========[ Read data from ROM ]==========
# [Random][ADD]i_32_a=506aa4b5 (15746651136.000000000000000000000000) + i_32_b=51ab0c5a (91830829056.000000000000000000000000) 	| o_32_s=51c860f0 (107577475072.000000000000000000000000) 	| o_ov_flow=0, o_un_flow=0
# => PASS: expect=107577480192.000000000000000000000000 (51c860f1), dut=107577475072.000000000000000000000000 (51c860f1), rounding_error=0.00000476 % (exp_error = 0.00001192 %)
# [Random][ADD]i_32_a=51ab0c5a (91830829056.000000000000000000000000) + i_32_b=506aa4b5 (15746651136.000000000000000000000000) 	| o_32_s=51c860f0 (107577475072.000000000000000000000000) 	| o_ov_flow=0, o_un_flow=0
# => PASS: expect=107577480192.000000000000000000000000 (51c860f1), dut=107577475072.000000000000000000000000 (51c860f1), rounding_error=0.00000476 % (exp_error = 0.00001192 %)
# [Random][SUB]i_32_a=506aa4b5 (15746651136.000000000000000000000000) - i_32_b=51ab0c5a (91830829056.000000000000000000000000) 	| o_32_s=d18db7c4 (-76084183040.000000000000000000000000) 	| o_ov_flow=0, o_un_flow=0
# => PASS: expect=-76084177920.000000000000000000000000 (d18db7c3), dut=-76084183040.000000000000000000000000 (d18db7c3), rounding_error=0.00000673 % (exp_error = 0.00001192 %)
# [Random][SUB]i_32_a=51ab0c5a (91830829056.000000000000000000000000) - i_32_b=506aa4b5 (15746651136.000000000000000000000000) 	| o_32_s=518db7c4 (76084183040.000000000000000000000000) 	| o_ov_flow=0, o_un_flow=0
# => PASS: expect=76084177920.000000000000000000000000 (518db7c3), dut=76084183040.000000000000000000000000 (518db7c3), rounding_error=0.00000673 % (exp_error = 0.00001192 %)
# ==========[ Read data from ROM ]==========
# [Random][ADD]i_32_a=5036bc83 (12263230464.000000000000000000000000) + i_32_b=5124b6fe (44215296000.000000000000000000000000) 	| o_32_s=5152661f (56478527488.000000000000000000000000) 	| o_ov_flow=0, o_un_flow=0
# => PASS: expect=56478526464.000000000000000000000000 (5152661f), dut=56478527488.000000000000000000000000 (5152661f), rounding_error=0.00000181 % (exp_error = 0.00001192 %)
# [Random][ADD]i_32_a=5124b6fe (44215296000.000000000000000000000000) + i_32_b=5036bc83 (12263230464.000000000000000000000000) 	| o_32_s=5152661f (56478527488.000000000000000000000000) 	| o_ov_flow=0, o_un_flow=0
# => PASS: expect=56478526464.000000000000000000000000 (5152661f), dut=56478527488.000000000000000000000000 (5152661f), rounding_error=0.00000181 % (exp_error = 0.00001192 %)
# [Random][SUB]i_32_a=5036bc83 (12263230464.000000000000000000000000) - i_32_b=5124b6fe (44215296000.000000000000000000000000) 	| o_32_s=d0ee0fba (-31952064512.000000000000000000000000) 	| o_ov_flow=0, o_un_flow=1
# => PASS: expect=-31952065536.000000000000000000000000 (d0ee0fba), dut=-31952064512.000000000000000000000000 (d0ee0fba), rounding_error=0.00000320 % (exp_error = 0.00001192 %)
# [Random][SUB]i_32_a=5124b6fe (44215296000.000000000000000000000000) - i_32_b=5036bc83 (12263230464.000000000000000000000000) 	| o_32_s=50ee0fba (31952064512.000000000000000000000000) 	| o_ov_flow=0, o_un_flow=1
# => PASS: expect=31952065536.000000000000000000000000 (50ee0fba), dut=31952064512.000000000000000000000000 (50ee0fba), rounding_error=0.00000320 % (exp_error = 0.00001192 %)
# ==========[ Read data from ROM ]==========
# [Random][ADD]i_32_a=50b0ae38 (23713660928.000000000000000000000000) + i_32_b=504be4aa (13683042304.000000000000000000000000) 	| o_32_s=510b5046 (37396701184.000000000000000000000000) 	| o_ov_flow=1, o_un_flow=1
# => PASS: expect=37396703232.000000000000000000000000 (510b5046), dut=37396701184.000000000000000000000000 (510b5046), rounding_error=0.00000548 % (exp_error = 0.00001192 %)
# [Random][ADD]i_32_a=504be4aa (13683042304.000000000000000000000000) + i_32_b=50b0ae38 (23713660928.000000000000000000000000) 	| o_32_s=510b5046 (37396701184.000000000000000000000000) 	| o_ov_flow=1, o_un_flow=1
# => PASS: expect=37396703232.000000000000000000000000 (510b5046), dut=37396701184.000000000000000000000000 (510b5046), rounding_error=0.00000548 % (exp_error = 0.00001192 %)
# [Random][SUB]i_32_a=50b0ae38 (23713660928.000000000000000000000000) - i_32_b=504be4aa (13683042304.000000000000000000000000) 	| o_32_s=501577c6 (10030618624.000000000000000000000000) 	| o_ov_flow=0, o_un_flow=1
# => PASS: expect=10030618624.000000000000000000000000 (501577c6), dut=10030618624.000000000000000000000000 (501577c6), rounding_error=0.00000000 % (exp_error = 0.00001192 %)
# [Random][SUB]i_32_a=504be4aa (13683042304.000000000000000000000000) - i_32_b=50b0ae38 (23713660928.000000000000000000000000) 	| o_32_s=d01577c6 (-10030618624.000000000000000000000000) 	| o_ov_flow=0, o_un_flow=1
# => PASS: expect=-10030618624.000000000000000000000000 (d01577c6), dut=-10030618624.000000000000000000000000 (d01577c6), rounding_error=0.00000000 % (exp_error = 0.00001192 %)
# ==========[ Read data from ROM ]==========
# [Random][ADD]i_32_a=511bfba0 (41871343616.000000000000000000000000) + i_32_b=516088c0 (60272934912.000000000000000000000000) 	| o_32_s=51be4230 (102144278528.000000000000000000000000) 	| o_ov_flow=1, o_un_flow=1
# => PASS: expect=102144278528.000000000000000000000000 (51be4230), dut=102144278528.000000000000000000000000 (51be4230), rounding_error=0.00000000 % (exp_error = 0.00001192 %)
# [Random][ADD]i_32_a=516088c0 (60272934912.000000000000000000000000) + i_32_b=511bfba0 (41871343616.000000000000000000000000) 	| o_32_s=51be4230 (102144278528.000000000000000000000000) 	| o_ov_flow=1, o_un_flow=1
# => PASS: expect=102144278528.000000000000000000000000 (51be4230), dut=102144278528.000000000000000000000000 (51be4230), rounding_error=0.00000000 % (exp_error = 0.00001192 %)
# [Random][SUB]i_32_a=511bfba0 (41871343616.000000000000000000000000) - i_32_b=516088c0 (60272934912.000000000000000000000000) 	| o_32_s=d0891a40 (-18401591296.000000000000000000000000) 	| o_ov_flow=0, o_un_flow=1
# => PASS: expect=-18401591296.000000000000000000000000 (d0891a40), dut=-18401591296.000000000000000000000000 (d0891a40), rounding_error=0.00000000 % (exp_error = 0.00001192 %)
# [Random][SUB]i_32_a=516088c0 (60272934912.000000000000000000000000) - i_32_b=511bfba0 (41871343616.000000000000000000000000) 	| o_32_s=50891a40 (18401591296.000000000000000000000000) 	| o_ov_flow=0, o_un_flow=1
# => PASS: expect=18401591296.000000000000000000000000 (50891a40), dut=18401591296.000000000000000000000000 (50891a40), rounding_error=0.00000000 % (exp_error = 0.00001192 %)
# ==========[ Read data from ROM ]==========
# [Random][ADD]i_32_a=5122b844 (43679760384.000000000000000000000000) + i_32_b=522bdbde (184532041728.000000000000000000000000) 	| o_32_s=525489ef (228211802112.000000000000000000000000) 	| o_ov_flow=0, o_un_flow=0
# => PASS: expect=228211802112.000000000000000000000000 (525489ef), dut=228211802112.000000000000000000000000 (525489ef), rounding_error=0.00000000 % (exp_error = 0.00001192 %)
# [Random][ADD]i_32_a=522bdbde (184532041728.000000000000000000000000) + i_32_b=5122b844 (43679760384.000000000000000000000000) 	| o_32_s=525489ef (228211802112.000000000000000000000000) 	| o_ov_flow=0, o_un_flow=0
# => PASS: expect=228211802112.000000000000000000000000 (525489ef), dut=228211802112.000000000000000000000000 (525489ef), rounding_error=0.00000000 % (exp_error = 0.00001192 %)
# [Random][SUB]i_32_a=5122b844 (43679760384.000000000000000000000000) - i_32_b=522bdbde (184532041728.000000000000000000000000) 	| o_32_s=d2032dcd (-140852281344.000000000000000000000000) 	| o_ov_flow=0, o_un_flow=0
# => PASS: expect=-140852281344.000000000000000000000000 (d2032dcd), dut=-140852281344.000000000000000000000000 (d2032dcd), rounding_error=0.00000000 % (exp_error = 0.00001192 %)
# [Random][SUB]i_32_a=522bdbde (184532041728.000000000000000000000000) - i_32_b=5122b844 (43679760384.000000000000000000000000) 	| o_32_s=52032dcd (140852281344.000000000000000000000000) 	| o_ov_flow=0, o_un_flow=0
# => PASS: expect=140852281344.000000000000000000000000 (52032dcd), dut=140852281344.000000000000000000000000 (52032dcd), rounding_error=0.00000000 % (exp_error = 0.00001192 %)
# ==========[ Read data from ROM ]==========
# [Random][ADD]i_32_a=51144741 (39803162624.000000000000000000000000) + i_32_b=51e138ed (120915337216.000000000000000000000000) 	| o_32_s=5215ae47 (160718503936.000000000000000000000000) 	| o_ov_flow=1, o_un_flow=1
# => PASS: expect=160718499840.000000000000000000000000 (5215ae47), dut=160718503936.000000000000000000000000 (5215ae47), rounding_error=0.00000255 % (exp_error = 0.00001192 %)
# [Random][ADD]i_32_a=51e138ed (120915337216.000000000000000000000000) + i_32_b=51144741 (39803162624.000000000000000000000000) 	| o_32_s=5215ae47 (160718503936.000000000000000000000000) 	| o_ov_flow=1, o_un_flow=1
# => PASS: expect=160718499840.000000000000000000000000 (5215ae47), dut=160718503936.000000000000000000000000 (5215ae47), rounding_error=0.00000255 % (exp_error = 0.00001192 %)
# [Random][SUB]i_32_a=51144741 (39803162624.000000000000000000000000) - i_32_b=51e138ed (120915337216.000000000000000000000000) 	| o_32_s=d197154c (-81112170496.000000000000000000000000) 	| o_ov_flow=0, o_un_flow=0
# => PASS: expect=-81112174592.000000000000000000000000 (d197154c), dut=-81112170496.000000000000000000000000 (d197154c), rounding_error=0.00000505 % (exp_error = 0.00001192 %)
# [Random][SUB]i_32_a=51e138ed (120915337216.000000000000000000000000) - i_32_b=51144741 (39803162624.000000000000000000000000) 	| o_32_s=5197154c (81112170496.000000000000000000000000) 	| o_ov_flow=0, o_un_flow=0
# => PASS: expect=81112174592.000000000000000000000000 (5197154c), dut=81112170496.000000000000000000000000 (5197154c), rounding_error=0.00000505 % (exp_error = 0.00001192 %)
# ==========[ Read data from ROM ]==========
# [Random][ADD]i_32_a=4fe02c96 (7522036736.000000000000000000000000) + i_32_b=5232386d (191362711552.000000000000000000000000) 	| o_32_s=523939d1 (198884737024.000000000000000000000000) 	| o_ov_flow=0, o_un_flow=0
# => PASS: expect=198884748288.000000000000000000000000 (523939d2), dut=198884737024.000000000000000000000000 (523939d2), rounding_error=0.00000566 % (exp_error = 0.00001192 %)
# [Random][ADD]i_32_a=5232386d (191362711552.000000000000000000000000) + i_32_b=4fe02c96 (7522036736.000000000000000000000000) 	| o_32_s=523939d1 (198884737024.000000000000000000000000) 	| o_ov_flow=0, o_un_flow=0
# => PASS: expect=198884748288.000000000000000000000000 (523939d2), dut=198884737024.000000000000000000000000 (523939d2), rounding_error=0.00000566 % (exp_error = 0.00001192 %)
# [Random][SUB]i_32_a=4fe02c96 (7522036736.000000000000000000000000) - i_32_b=5232386d (191362711552.000000000000000000000000) 	| o_32_s=d22b3709 (-183840686080.000000000000000000000000) 	| o_ov_flow=0, o_un_flow=0
# => PASS: expect=-183840674816.000000000000000000000000 (d22b3708), dut=-183840686080.000000000000000000000000 (d22b3708), rounding_error=0.00000613 % (exp_error = 0.00001192 %)
# [Random][SUB]i_32_a=5232386d (191362711552.000000000000000000000000) - i_32_b=4fe02c96 (7522036736.000000000000000000000000) 	| o_32_s=522b3709 (183840686080.000000000000000000000000) 	| o_ov_flow=0, o_un_flow=0
# => PASS: expect=183840674816.000000000000000000000000 (522b3708), dut=183840686080.000000000000000000000000 (522b3708), rounding_error=0.00000613 % (exp_error = 0.00001192 %)
# ==========[ Read data from ROM ]==========
# [Random][ADD]i_32_a=508a2802 (18543022080.000000000000000000000000) + i_32_b=5203ca29 (141508100096.000000000000000000000000) 	| o_32_s=52150f29 (160051118080.000000000000000000000000) 	| o_ov_flow=0, o_un_flow=0
# => PASS: expect=160051122176.000000000000000000000000 (52150f29), dut=160051118080.000000000000000000000000 (52150f29), rounding_error=0.00000256 % (exp_error = 0.00001192 %)
# [Random][ADD]i_32_a=5203ca29 (141508100096.000000000000000000000000) + i_32_b=508a2802 (18543022080.000000000000000000000000) 	| o_32_s=52150f29 (160051118080.000000000000000000000000) 	| o_ov_flow=0, o_un_flow=0
# => PASS: expect=160051122176.000000000000000000000000 (52150f29), dut=160051118080.000000000000000000000000 (52150f29), rounding_error=0.00000256 % (exp_error = 0.00001192 %)
# [Random][SUB]i_32_a=508a2802 (18543022080.000000000000000000000000) - i_32_b=5203ca29 (141508100096.000000000000000000000000) 	| o_32_s=d1e50a51 (-122965073920.000000000000000000000000) 	| o_ov_flow=0, o_un_flow=1
# => PASS: expect=-122965078016.000000000000000000000000 (d1e50a52), dut=-122965073920.000000000000000000000000 (d1e50a52), rounding_error=0.00000333 % (exp_error = 0.00001192 %)
# [Random][SUB]i_32_a=5203ca29 (141508100096.000000000000000000000000) - i_32_b=508a2802 (18543022080.000000000000000000000000) 	| o_32_s=51e50a51 (122965073920.000000000000000000000000) 	| o_ov_flow=0, o_un_flow=1
# => PASS: expect=122965078016.000000000000000000000000 (51e50a52), dut=122965073920.000000000000000000000000 (51e50a52), rounding_error=0.00000333 % (exp_error = 0.00001192 %)
# ==========[ Read data from ROM ]==========
# [Random][ADD]i_32_a=4f9f8002 (5351932928.000000000000000000000000) + i_32_b=50e32c02 (30490497024.000000000000000000000000) 	| o_32_s=51058601 (35842428928.000000000000000000000000) 	| o_ov_flow=1, o_un_flow=1
# => PASS: expect=35842429952.000000000000000000000000 (51058601), dut=35842428928.000000000000000000000000 (51058601), rounding_error=0.00000286 % (exp_error = 0.00001192 %)
# [Random][ADD]i_32_a=50e32c02 (30490497024.000000000000000000000000) + i_32_b=4f9f8002 (5351932928.000000000000000000000000) 	| o_32_s=51058601 (35842428928.000000000000000000000000) 	| o_ov_flow=1, o_un_flow=1
# => PASS: expect=35842429952.000000000000000000000000 (51058601), dut=35842428928.000000000000000000000000 (51058601), rounding_error=0.00000286 % (exp_error = 0.00001192 %)
# [Random][SUB]i_32_a=4f9f8002 (5351932928.000000000000000000000000) - i_32_b=50e32c02 (30490497024.000000000000000000000000) 	| o_32_s=d0bb4c01 (-25138563072.000000000000000000000000) 	| o_ov_flow=0, o_un_flow=0
# => PASS: expect=-25138564096.000000000000000000000000 (d0bb4c02), dut=-25138563072.000000000000000000000000 (d0bb4c02), rounding_error=0.00000407 % (exp_error = 0.00001192 %)
# [Random][SUB]i_32_a=50e32c02 (30490497024.000000000000000000000000) - i_32_b=4f9f8002 (5351932928.000000000000000000000000) 	| o_32_s=50bb4c01 (25138563072.000000000000000000000000) 	| o_ov_flow=0, o_un_flow=0
# => PASS: expect=25138564096.000000000000000000000000 (50bb4c02), dut=25138563072.000000000000000000000000 (50bb4c02), rounding_error=0.00000407 % (exp_error = 0.00001192 %)
# ==========[ Read data from ROM ]==========
# [Random][ADD]i_32_a=4fff0518 (8557047808.000000000000000000000000) + i_32_b=5224f80d (177134059520.000000000000000000000000) 	| o_32_s=522cf036 (185691111424.000000000000000000000000) 	| o_ov_flow=0, o_un_flow=0
# => PASS: expect=185691107328.000000000000000000000000 (522cf036), dut=185691111424.000000000000000000000000 (522cf036), rounding_error=0.00000221 % (exp_error = 0.00001192 %)
# [Random][ADD]i_32_a=5224f80d (177134059520.000000000000000000000000) + i_32_b=4fff0518 (8557047808.000000000000000000000000) 	| o_32_s=522cf036 (185691111424.000000000000000000000000) 	| o_ov_flow=0, o_un_flow=0
# => PASS: expect=185691107328.000000000000000000000000 (522cf036), dut=185691111424.000000000000000000000000 (522cf036), rounding_error=0.00000221 % (exp_error = 0.00001192 %)
# [Random][SUB]i_32_a=4fff0518 (8557047808.000000000000000000000000) - i_32_b=5224f80d (177134059520.000000000000000000000000) 	| o_32_s=d21cffe4 (-168577007616.000000000000000000000000) 	| o_ov_flow=0, o_un_flow=0
# => PASS: expect=-168577011712.000000000000000000000000 (d21cffe4), dut=-168577007616.000000000000000000000000 (d21cffe4), rounding_error=0.00000243 % (exp_error = 0.00001192 %)
# [Random][SUB]i_32_a=5224f80d (177134059520.000000000000000000000000) - i_32_b=4fff0518 (8557047808.000000000000000000000000) 	| o_32_s=521cffe4 (168577007616.000000000000000000000000) 	| o_ov_flow=0, o_un_flow=0
# => PASS: expect=168577011712.000000000000000000000000 (521cffe4), dut=168577007616.000000000000000000000000 (521cffe4), rounding_error=0.00000243 % (exp_error = 0.00001192 %)
# ==========[ Read data from ROM ]==========
# [Random][ADD]i_32_a=50691d17 (15643991040.000000000000000000000000) + i_32_b=5171f310 (64947814400.000000000000000000000000) 	| o_32_s=51961d2b (80591806464.000000000000000000000000) 	| o_ov_flow=1, o_un_flow=1
# => PASS: expect=80591805440.000000000000000000000000 (51961d2b), dut=80591806464.000000000000000000000000 (51961d2b), rounding_error=0.00000127 % (exp_error = 0.00001192 %)
# [Random][ADD]i_32_a=5171f310 (64947814400.000000000000000000000000) + i_32_b=50691d17 (15643991040.000000000000000000000000) 	| o_32_s=51961d2b (80591806464.000000000000000000000000) 	| o_ov_flow=1, o_un_flow=1
# => PASS: expect=80591805440.000000000000000000000000 (51961d2b), dut=80591806464.000000000000000000000000 (51961d2b), rounding_error=0.00000127 % (exp_error = 0.00001192 %)
# [Random][SUB]i_32_a=50691d17 (15643991040.000000000000000000000000) - i_32_b=5171f310 (64947814400.000000000000000000000000) 	| o_32_s=d137abca (-49303822336.000000000000000000000000) 	| o_ov_flow=0, o_un_flow=0
# => PASS: expect=-49303823360.000000000000000000000000 (d137abca), dut=-49303822336.000000000000000000000000 (d137abca), rounding_error=0.00000208 % (exp_error = 0.00001192 %)
# [Random][SUB]i_32_a=5171f310 (64947814400.000000000000000000000000) - i_32_b=50691d17 (15643991040.000000000000000000000000) 	| o_32_s=5137abca (49303822336.000000000000000000000000) 	| o_ov_flow=0, o_un_flow=0
# => PASS: expect=49303823360.000000000000000000000000 (5137abca), dut=49303822336.000000000000000000000000 (5137abca), rounding_error=0.00000208 % (exp_error = 0.00001192 %)
# ==========[ Read data from ROM ]==========
# [Random][ADD]i_32_a=cd2a26e2 (-178417184.000000000000000000000000) + i_32_b=5217bc71 (162925395968.000000000000000000000000) 	| o_32_s=521791e8 (162746990592.000000000000000000000000) 	| o_ov_flow=0, o_un_flow=0
# => PASS: expect=162746978784.000000000000000000000000 (521791e7), dut=162746990592.000000000000000000000000 (521791e7), rounding_error=0.00000726 % (exp_error = 0.00001192 %)
# [Random][ADD]i_32_a=5217bc71 (162925395968.000000000000000000000000) + i_32_b=cd2a26e2 (-178417184.000000000000000000000000) 	| o_32_s=521791e8 (162746990592.000000000000000000000000) 	| o_ov_flow=0, o_un_flow=0
# => PASS: expect=162746978784.000000000000000000000000 (521791e7), dut=162746990592.000000000000000000000000 (521791e7), rounding_error=0.00000726 % (exp_error = 0.00001192 %)
# [Random][SUB]i_32_a=cd2a26e2 (-178417184.000000000000000000000000) - i_32_b=5217bc71 (162925395968.000000000000000000000000) 	| o_32_s=d217e6fa (-163103801344.000000000000000000000000) 	| o_ov_flow=0, o_un_flow=0
# => PASS: expect=-163103813152.000000000000000000000000 (d217e6fb), dut=-163103801344.000000000000000000000000 (d217e6fb), rounding_error=0.00000724 % (exp_error = 0.00001192 %)
# [Random][SUB]i_32_a=5217bc71 (162925395968.000000000000000000000000) - i_32_b=cd2a26e2 (-178417184.000000000000000000000000) 	| o_32_s=5217e6fa (163103801344.000000000000000000000000) 	| o_ov_flow=0, o_un_flow=0
# => PASS: expect=163103813152.000000000000000000000000 (5217e6fb), dut=163103801344.000000000000000000000000 (5217e6fb), rounding_error=0.00000724 % (exp_error = 0.00001192 %)
# ==========[ Read data from ROM ]==========
# [Random][ADD]i_32_a=cde0b2d8 (-471227136.000000000000000000000000) + i_32_b=518518bf (71455727616.000000000000000000000000) 	| o_32_s=5184380c (70984499200.000000000000000000000000) 	| o_ov_flow=0, o_un_flow=0
# => PASS: expect=70984500480.000000000000000000000000 (5184380c), dut=70984499200.000000000000000000000000 (5184380c), rounding_error=0.00000180 % (exp_error = 0.00001192 %)
# [Random][ADD]i_32_a=518518bf (71455727616.000000000000000000000000) + i_32_b=cde0b2d8 (-471227136.000000000000000000000000) 	| o_32_s=5184380c (70984499200.000000000000000000000000) 	| o_ov_flow=0, o_un_flow=0
# => PASS: expect=70984500480.000000000000000000000000 (5184380c), dut=70984499200.000000000000000000000000 (5184380c), rounding_error=0.00000180 % (exp_error = 0.00001192 %)
# [Random][SUB]i_32_a=cde0b2d8 (-471227136.000000000000000000000000) - i_32_b=518518bf (71455727616.000000000000000000000000) 	| o_32_s=d185f972 (-71926956032.000000000000000000000000) 	| o_ov_flow=0, o_un_flow=0
# => PASS: expect=-71926954752.000000000000000000000000 (d185f972), dut=-71926956032.000000000000000000000000 (d185f972), rounding_error=0.00000178 % (exp_error = 0.00001192 %)
# [Random][SUB]i_32_a=518518bf (71455727616.000000000000000000000000) - i_32_b=cde0b2d8 (-471227136.000000000000000000000000) 	| o_32_s=5185f972 (71926956032.000000000000000000000000) 	| o_ov_flow=0, o_un_flow=0
# => PASS: expect=71926954752.000000000000000000000000 (5185f972), dut=71926956032.000000000000000000000000 (5185f972), rounding_error=0.00000178 % (exp_error = 0.00001192 %)
# ==========[ Read data from ROM ]==========
# [Random][ADD]i_32_a=4e0c2c12 (587924608.000000000000000000000000) + i_32_b=50ca719a (27171540992.000000000000000000000000) 	| o_32_s=50ced2fa (27759464448.000000000000000000000000) 	| o_ov_flow=0, o_un_flow=0
# => PASS: expect=27759465600.000000000000000000000000 (50ced2fb), dut=27759464448.000000000000000000000000 (50ced2fb), rounding_error=0.00000415 % (exp_error = 0.00001192 %)
# [Random][ADD]i_32_a=50ca719a (27171540992.000000000000000000000000) + i_32_b=4e0c2c12 (587924608.000000000000000000000000) 	| o_32_s=50ced2fa (27759464448.000000000000000000000000) 	| o_ov_flow=0, o_un_flow=0
# => PASS: expect=27759465600.000000000000000000000000 (50ced2fb), dut=27759464448.000000000000000000000000 (50ced2fb), rounding_error=0.00000415 % (exp_error = 0.00001192 %)
# [Random][SUB]i_32_a=4e0c2c12 (587924608.000000000000000000000000) - i_32_b=50ca719a (27171540992.000000000000000000000000) 	| o_32_s=d0c6103a (-26583617536.000000000000000000000000) 	| o_ov_flow=0, o_un_flow=0
# => PASS: expect=-26583616384.000000000000000000000000 (d0c61039), dut=-26583617536.000000000000000000000000 (d0c61039), rounding_error=0.00000433 % (exp_error = 0.00001192 %)
# [Random][SUB]i_32_a=50ca719a (27171540992.000000000000000000000000) - i_32_b=4e0c2c12 (587924608.000000000000000000000000) 	| o_32_s=50c6103a (26583617536.000000000000000000000000) 	| o_ov_flow=0, o_un_flow=0
# => PASS: expect=26583616384.000000000000000000000000 (50c61039), dut=26583617536.000000000000000000000000 (50c61039), rounding_error=0.00000433 % (exp_error = 0.00001192 %)
# ==========[ Read data from ROM ]==========
# [Random][ADD]i_32_a=50f483c9 (32818219008.000000000000000000000000) + i_32_b=50d27144 (28245106688.000000000000000000000000) 	| o_32_s=51637a86 (61063323648.000000000000000000000000) 	| o_ov_flow=1, o_un_flow=0
# => PASS: expect=61063325696.000000000000000000000000 (51637a86), dut=61063323648.000000000000000000000000 (51637a86), rounding_error=0.00000335 % (exp_error = 0.00001192 %)
# [Random][ADD]i_32_a=50d27144 (28245106688.000000000000000000000000) + i_32_b=50f483c9 (32818219008.000000000000000000000000) 	| o_32_s=51637a86 (61063323648.000000000000000000000000) 	| o_ov_flow=1, o_un_flow=0
# => PASS: expect=61063325696.000000000000000000000000 (51637a86), dut=61063323648.000000000000000000000000 (51637a86), rounding_error=0.00000335 % (exp_error = 0.00001192 %)
# [Random][SUB]i_32_a=50f483c9 (32818219008.000000000000000000000000) - i_32_b=50d27144 (28245106688.000000000000000000000000) 	| o_32_s=4f884a14 (4573112320.000000000000000000000000) 	| o_ov_flow=0, o_un_flow=1
# => PASS: expect=4573112320.000000000000000000000000 (4f884a14), dut=4573112320.000000000000000000000000 (4f884a14), rounding_error=0.00000000 % (exp_error = 0.00001192 %)
# [Random][SUB]i_32_a=50d27144 (28245106688.000000000000000000000000) - i_32_b=50f483c9 (32818219008.000000000000000000000000) 	| o_32_s=cf884a14 (-4573112320.000000000000000000000000) 	| o_ov_flow=0, o_un_flow=1
# => PASS: expect=-4573112320.000000000000000000000000 (cf884a14), dut=-4573112320.000000000000000000000000 (cf884a14), rounding_error=0.00000000 % (exp_error = 0.00001192 %)
# ==========[ Read data from ROM ]==========
# [Random][ADD]i_32_a=4f058762 (2240242176.000000000000000000000000) + i_32_b=51e5bb99 (123336859648.000000000000000000000000) 	| o_32_s=51e9e7d4 (125577101312.000000000000000000000000) 	| o_ov_flow=0, o_un_flow=0
# => PASS: expect=125577101824.000000000000000000000000 (51e9e7d4), dut=125577101312.000000000000000000000000 (51e9e7d4), rounding_error=0.00000041 % (exp_error = 0.00001192 %)
# [Random][ADD]i_32_a=51e5bb99 (123336859648.000000000000000000000000) + i_32_b=4f058762 (2240242176.000000000000000000000000) 	| o_32_s=51e9e7d4 (125577101312.000000000000000000000000) 	| o_ov_flow=0, o_un_flow=0
# => PASS: expect=125577101824.000000000000000000000000 (51e9e7d4), dut=125577101312.000000000000000000000000 (51e9e7d4), rounding_error=0.00000041 % (exp_error = 0.00001192 %)
# [Random][SUB]i_32_a=4f058762 (2240242176.000000000000000000000000) - i_32_b=51e5bb99 (123336859648.000000000000000000000000) 	| o_32_s=d1e18f5e (-121096617984.000000000000000000000000) 	| o_ov_flow=0, o_un_flow=0
# => PASS: expect=-121096617472.000000000000000000000000 (d1e18f5e), dut=-121096617984.000000000000000000000000 (d1e18f5e), rounding_error=0.00000042 % (exp_error = 0.00001192 %)
# [Random][SUB]i_32_a=51e5bb99 (123336859648.000000000000000000000000) - i_32_b=4f058762 (2240242176.000000000000000000000000) 	| o_32_s=51e18f5e (121096617984.000000000000000000000000) 	| o_ov_flow=0, o_un_flow=0
# => PASS: expect=121096617472.000000000000000000000000 (51e18f5e), dut=121096617984.000000000000000000000000 (51e18f5e), rounding_error=0.00000042 % (exp_error = 0.00001192 %)
# ==========[ Read data from ROM ]==========
# [Random][ADD]i_32_a=50eb9f10 (31624560640.000000000000000000000000) + i_32_b=515031c6 (55886766080.000000000000000000000000) 	| o_32_s=51a300a7 (87511326720.000000000000000000000000) 	| o_ov_flow=1, o_un_flow=1
# => PASS: expect=87511326720.000000000000000000000000 (51a300a7), dut=87511326720.000000000000000000000000 (51a300a7), rounding_error=0.00000000 % (exp_error = 0.00001192 %)
# [Random][ADD]i_32_a=515031c6 (55886766080.000000000000000000000000) + i_32_b=50eb9f10 (31624560640.000000000000000000000000) 	| o_32_s=51a300a7 (87511326720.000000000000000000000000) 	| o_ov_flow=1, o_un_flow=1
# => PASS: expect=87511326720.000000000000000000000000 (51a300a7), dut=87511326720.000000000000000000000000 (51a300a7), rounding_error=0.00000000 % (exp_error = 0.00001192 %)
# [Random][SUB]i_32_a=50eb9f10 (31624560640.000000000000000000000000) - i_32_b=515031c6 (55886766080.000000000000000000000000) 	| o_32_s=d0b4c47c (-24262205440.000000000000000000000000) 	| o_ov_flow=0, o_un_flow=1
# => PASS: expect=-24262205440.000000000000000000000000 (d0b4c47c), dut=-24262205440.000000000000000000000000 (d0b4c47c), rounding_error=0.00000000 % (exp_error = 0.00001192 %)
# [Random][SUB]i_32_a=515031c6 (55886766080.000000000000000000000000) - i_32_b=50eb9f10 (31624560640.000000000000000000000000) 	| o_32_s=50b4c47c (24262205440.000000000000000000000000) 	| o_ov_flow=0, o_un_flow=1
# => PASS: expect=24262205440.000000000000000000000000 (50b4c47c), dut=24262205440.000000000000000000000000 (50b4c47c), rounding_error=0.00000000 % (exp_error = 0.00001192 %)
# ==========[ Read data from ROM ]==========
# [Random][ADD]i_32_a=51271da3 (44859797504.000000000000000000000000) + i_32_b=5121cb41 (43431235584.000000000000000000000000) 	| o_32_s=51a47472 (88291033088.000000000000000000000000) 	| o_ov_flow=1, o_un_flow=1
# => PASS: expect=88291033088.000000000000000000000000 (51a47472), dut=88291033088.000000000000000000000000 (51a47472), rounding_error=0.00000000 % (exp_error = 0.00001192 %)
# [Random][ADD]i_32_a=5121cb41 (43431235584.000000000000000000000000) + i_32_b=51271da3 (44859797504.000000000000000000000000) 	| o_32_s=51a47472 (88291033088.000000000000000000000000) 	| o_ov_flow=1, o_un_flow=1
# => PASS: expect=88291033088.000000000000000000000000 (51a47472), dut=88291033088.000000000000000000000000 (51a47472), rounding_error=0.00000000 % (exp_error = 0.00001192 %)
# [Random][SUB]i_32_a=51271da3 (44859797504.000000000000000000000000) - i_32_b=5121cb41 (43431235584.000000000000000000000000) 	| o_32_s=4eaa4c40 (1428561920.000000000000000000000000) 	| o_ov_flow=0, o_un_flow=1
# => PASS: expect=1428561920.000000000000000000000000 (4eaa4c40), dut=1428561920.000000000000000000000000 (4eaa4c40), rounding_error=0.00000000 % (exp_error = 0.00001192 %)
# [Random][SUB]i_32_a=5121cb41 (43431235584.000000000000000000000000) - i_32_b=51271da3 (44859797504.000000000000000000000000) 	| o_32_s=ceaa4c40 (-1428561920.000000000000000000000000) 	| o_ov_flow=0, o_un_flow=1
# => PASS: expect=-1428561920.000000000000000000000000 (ceaa4c40), dut=-1428561920.000000000000000000000000 (ceaa4c40), rounding_error=0.00000000 % (exp_error = 0.00001192 %)
# 
# ==================================
# ========== TEST SUMMARY ==========
# Total test cases:    504
# Passed          :    504
# Failed          :      0
# Pass rate       : 100.00%
# ==================================
# 
# ** Note: $finish    : /home/noname/Documents/project_tiny/Floating_point/Version_Final/03_verif/TopModule/tb_FPU_unit.sv(267)
#    Time: 12471 ns  Iteration: 0  Instance: /tb_FPU_unit
# End time: 20:55:24 on Nov 17,2025, Elapsed time: 0:00:01
# Errors: 0, Warnings: 1
